timestamp,blink_rate,blink_duration_ms,eye_temp_celsius,screen_distance_cm,ambient_lux,room_humidity_pct,head_tilt_degrees,strain_level,strain_score
2026-05-14 11:38:28,15,180,35.1,45,297,49,6,Safe,0
2026-05-14 11:38:29,15,194,35.1,44,297,49,4,Safe,0
2026-05-14 11:38:29,15,197,34.8,43,306,49,3,Safe,0
2026-05-14 11:38:30,17,220,35.1,46,299,51,7,Safe,0
2026-05-14 11:38:30,16,193,35.2,43,305,51,6,Safe,0
2026-05-14 11:38:31,16,219,34.9,44,296,51,6,Safe,0
2026-05-14 11:38:31,17,212,35.2,44,294,51,5,Safe,0
2026-05-14 11:38:32,17,203,34.9,46,302,49,7,Safe,0
2026-05-14 11:38:32,16,189,35.0,43,306,51,4,Safe,0
2026-05-14 11:38:33,16,205,35.2,43,292,49,6,Safe,0
2026-05-14 11:38:33,16,189,34.9,45,301,50,7,Safe,0
2026-05-14 11:38:34,16,200,35.1,46,303,49,7,Safe,0
2026-05-14 11:38:34,17,206,34.8,45,301,51,7,Safe,0
2026-05-14 11:38:35,16,217,34.9,46,301,49,6,Safe,0
2026-05-14 11:38:35,16,219,35.0,45,300,51,3,Safe,0
2026-05-14 11:38:36,15,192,35.0,43,291,49,4,Safe,0
2026-05-14 11:38:36,16,200,35.1,45,305,51,4,Safe,0
2026-05-14 11:38:37,15,208,35.0,47,310,50,6,Safe,0
2026-05-14 11:38:37,15,184,34.9,43,292,51,6,Safe,0
2026-05-14 11:38:38,16,184,35.1,45,308,50,4,Safe,0
2026-05-14 11:38:38,16,191,35.0,46,290,50,6,Safe,0
2026-05-14 11:38:39,15,217,35.2,46,290,51,7,Safe,0
2026-05-14 11:38:39,16,201,35.1,46,310,51,7,Safe,0
2026-05-14 11:38:40,15,214,35.0,45,293,51,3,Safe,0
2026-05-14 11:38:40,17,207,35.2,47,306,49,7,Safe,0
2026-05-14 11:38:41,17,197,35.0,44,293,49,5,Safe,0
2026-05-14 11:38:41,16,215,34.9,46,309,51,4,Safe,0
2026-05-14 11:38:42,15,196,35.2,46,291,51,7,Safe,0
2026-05-14 11:38:43,17,216,35.0,45,295,49,4,Safe,0
2026-05-14 11:38:43,15,195,35.1,44,294,51,3,Safe,0
2026-05-14 11:38:44,15,217,34.9,47,296,49,5,Safe,0
2026-05-14 11:38:44,17,216,35.0,44,296,49,4,Safe,0
2026-05-14 11:38:45,17,195,35.0,43,309,49,5,Safe,0
2026-05-14 11:38:45,15,184,35.1,46,307,50,6,Safe,0
2026-05-14 11:38:46,15,207,34.8,47,294,51,7,Safe,0
2026-05-14 11:38:46,16,197,35.0,47,303,51,5,Safe,0
2026-05-14 11:38:47,15,207,35.1,45,309,49,4,Safe,0
2026-05-14 11:38:47,15,198,35.1,45,300,51,3,Safe,0
2026-05-14 11:38:48,17,200,35.1,44,310,51,5,Safe,0
2026-05-14 11:38:48,17,204,34.8,45,308,50,5,Safe,0
2026-05-14 11:38:49,15,206,35.1,44,291,51,3,Safe,0
2026-05-14 11:38:49,16,220,35.1,44,297,51,6,Safe,0
2026-05-14 11:38:50,16,206,35.0,43,294,50,7,Safe,0
2026-05-14 11:38:50,16,191,35.0,47,306,49,7,Safe,0
2026-05-14 11:38:51,16,193,35.0,44,294,51,5,Safe,0
2026-05-14 11:38:51,17,180,35.0,43,303,49,6,Safe,0
2026-05-14 11:38:52,15,205,35.1,45,297,50,7,Safe,0
2026-05-14 11:38:52,17,204,34.8,43,294,51,5,Safe,0
2026-05-14 11:38:53,15,210,35.1,46,293,49,7,Safe,0
2026-05-14 11:38:53,15,181,35.0,47,310,49,4,Safe,0
2026-05-14 11:38:54,15,214,35.0,47,310,51,7,Safe,0
2026-05-14 11:38:54,16,193,35.0,47,292,49,4,Safe,0
2026-05-14 11:38:55,15,214,35.2,47,302,49,7,Safe,0
2026-05-14 11:38:55,16,189,35.0,44,299,49,5,Safe,0
2026-05-14 11:38:56,16,207,34.9,45,301,49,4,Safe,0
2026-05-14 11:38:56,17,218,34.8,43,301,50,5,Safe,0
2026-05-14 11:38:57,17,208,35.0,45,307,50,5,Safe,0
2026-05-14 11:38:57,15,195,34.9,45,296,50,3,Safe,0
2026-05-14 11:38:58,17,207,35.1,47,309,50,5,Safe,0
2026-05-14 11:38:58,15,216,35.2,45,302,51,4,Safe,0
2026-05-14 11:38:59,17,216,34.8,43,295,49,7,Safe,0
2026-05-14 11:38:59,17,202,34.9,44,304,50,4,Safe,0
2026-05-14 11:39:00,17,190,34.9,44,307,51,4,Safe,0
2026-05-14 11:39:00,17,210,35.0,46,308,51,7,Safe,0
2026-05-14 11:39:01,16,203,35.1,45,307,50,5,Safe,0
2026-05-14 11:39:01,17,182,35.1,44,298,50,7,Safe,0
2026-05-14 11:39:02,17,200,35.1,43,308,49,3,Safe,0
2026-05-14 11:39:02,16,199,35.1,45,303,49,5,Safe,0
2026-05-14 11:39:03,16,183,35.2,43,300,50,3,Safe,0
2026-05-14 11:39:03,17,201,34.8,43,297,50,7,Safe,0
2026-05-14 11:39:04,16,198,35.1,44,302,50,7,Safe,0
2026-05-14 11:39:04,17,197,34.8,47,296,49,7,Safe,0
2026-05-14 11:39:05,15,193,35.0,45,294,51,5,Safe,0
2026-05-14 11:39:05,15,201,35.0,46,291,50,6,Safe,0
2026-05-14 11:39:06,16,216,35.1,47,310,49,6,Safe,0
2026-05-14 11:39:06,16,205,34.8,43,307,51,5,Safe,0
2026-05-14 11:39:07,16,192,35.2,47,304,50,6,Safe,0
2026-05-14 11:39:07,17,220,35.1,45,304,50,7,Safe,0
2026-05-14 11:39:08,17,181,34.8,45,299,50,5,Safe,0
2026-05-14 11:39:08,15,215,35.1,47,304,49,7,Safe,0
2026-05-14 11:39:09,16,205,34.9,45,294,51,6,Safe,0
2026-05-14 11:39:09,15,180,34.9,46,305,51,3,Safe,0
2026-05-14 11:39:10,17,209,34.8,43,296,50,4,Safe,0
2026-05-14 11:39:11,16,191,35.0,46,308,51,6,Safe,0
2026-05-14 11:39:11,16,181,35.1,47,292,50,3,Safe,0
2026-05-14 11:39:12,17,220,35.1,46,293,51,5,Safe,0
2026-05-14 11:39:12,16,207,35.1,45,299,50,3,Safe,0
2026-05-14 11:39:13,17,214,35.0,43,303,49,6,Safe,0
2026-05-14 11:39:13,17,202,34.9,45,294,49,7,Safe,0
2026-05-14 11:39:14,16,182,35.2,44,298,49,3,Safe,0
2026-05-14 11:39:14,17,198,34.8,46,299,49,5,Safe,0
2026-05-14 11:39:15,15,204,35.1,44,300,50,5,Safe,0
2026-05-14 11:39:15,16,215,34.8,46,307,51,3,Safe,0
2026-05-14 11:39:16,16,193,35.2,47,296,49,3,Safe,0
2026-05-14 11:39:16,16,199,34.8,43,303,51,5,Safe,0
2026-05-14 11:39:17,15,203,35.0,47,310,51,7,Safe,0
2026-05-14 11:39:17,16,215,34.9,45,308,49,5,Safe,0
2026-05-14 11:39:18,17,213,34.9,46,304,49,4,Safe,0
2026-05-14 11:39:18,16,197,35.0,47,309,50,4,Safe,0
2026-05-14 11:39:19,16,213,35.1,43,306,49,5,Safe,0
2026-05-14 11:39:19,17,193,35.2,46,310,51,5,Safe,0
2026-05-14 11:39:20,17,191,34.8,46,308,51,4,Safe,0
2026-05-14 11:39:21,17,206,35.0,43,290,50,6,Safe,0
2026-05-14 11:39:21,15,200,35.1,47,307,49,6,Safe,0
2026-05-14 11:39:22,15,209,35.0,44,298,51,7,Safe,0
2026-05-14 11:39:22,16,206,35.1,44,295,49,5,Safe,0
2026-05-14 11:39:23,15,213,35.0,47,306,50,6,Safe,0
2026-05-14 11:39:23,15,213,35.1,46,291,49,4,Safe,0
2026-05-14 11:39:24,16,203,35.2,44,306,50,6,Safe,0
2026-05-14 11:39:24,16,199,35.2,47,306,51,3,Safe,0
2026-05-14 11:39:25,16,185,35.1,44,290,50,7,Safe,0
2026-05-14 11:39:25,15,196,34.9,47,301,50,3,Safe,0
2026-05-14 11:39:26,15,212,34.9,45,293,51,5,Safe,0
2026-05-14 11:39:26,17,191,34.9,44,290,49,5,Safe,0
2026-05-14 11:39:27,16,185,34.9,45,308,49,3,Safe,0
2026-05-14 11:39:27,15,186,34.9,45,305,51,5,Safe,0
2026-05-14 11:39:28,15,194,35.2,47,309,51,3,Safe,0
2026-05-14 11:39:28,15,190,35.1,47,294,49,4,Safe,0
2026-05-14 11:39:29,17,190,35.0,45,302,51,7,Safe,0
2026-05-14 11:39:29,17,183,34.8,43,304,49,3,Safe,0
2026-05-14 11:39:30,16,207,35.1,47,305,49,7,Safe,0
2026-05-14 11:39:30,15,206,35.1,45,307,50,4,Safe,0
2026-05-14 11:39:31,16,216,35.1,47,296,51,7,Safe,0
2026-05-14 11:39:31,16,213,34.9,47,295,51,4,Safe,0
2026-05-14 11:39:32,16,186,35.0,43,291,51,6,Safe,0
2026-05-14 11:39:32,17,193,35.1,44,298,51,7,Safe,0
2026-05-14 11:39:33,16,187,35.2,46,302,50,5,Safe,0
2026-05-14 11:39:33,17,203,34.9,45,302,50,6,Safe,0
2026-05-14 11:39:34,16,186,35.1,45,298,50,4,Safe,0
2026-05-14 11:39:34,15,202,35.1,43,300,49,5,Safe,0
2026-05-14 11:39:35,16,193,34.9,44,290,49,6,Safe,0
2026-05-14 11:39:35,15,213,34.8,46,308,49,4,Safe,0
2026-05-14 11:39:36,16,184,35.1,45,301,50,3,Safe,0
2026-05-14 11:39:36,15,199,35.1,47,292,50,3,Safe,0
2026-05-14 11:39:37,17,189,34.9,45,292,49,3,Safe,0
2026-05-14 11:39:37,15,188,34.8,45,300,50,6,Safe,0
2026-05-14 11:39:38,17,190,35.1,45,303,50,5,Safe,0
2026-05-14 11:39:39,16,211,35.0,47,292,51,3,Safe,0
2026-05-14 11:39:39,15,213,34.8,47,291,51,4,Safe,0
2026-05-14 11:39:40,15,194,35.2,44,303,49,4,Safe,0
2026-05-14 11:39:40,16,197,35.1,47,304,49,3,Safe,0
2026-05-14 11:39:41,15,220,34.9,43,304,51,3,Safe,0
2026-05-14 11:39:41,17,215,34.8,45,307,49,5,Safe,0
2026-05-14 11:39:42,16,188,34.9,44,298,50,5,Safe,0
2026-05-14 11:39:42,17,210,35.1,47,300,49,4,Safe,0
2026-05-14 11:39:43,16,204,35.2,47,292,51,7,Safe,0
2026-05-14 11:39:43,17,182,35.2,46,296,51,5,Safe,0
2026-05-14 11:39:44,17,183,34.9,47,309,51,4,Safe,0
2026-05-14 11:39:44,16,211,35.2,44,308,51,3,Safe,0
2026-05-14 11:39:45,15,189,35.1,47,299,49,4,Safe,0
2026-05-14 11:39:45,16,201,35.0,47,299,51,3,Safe,0
2026-05-14 11:39:46,16,215,35.0,43,303,51,3,Safe,0
2026-05-14 11:39:46,15,184,35.1,47,303,51,3,Safe,0
2026-05-14 11:39:47,15,183,34.9,47,296,49,4,Safe,0
2026-05-14 11:39:47,16,203,35.0,44,301,51,6,Safe,0
2026-05-14 11:39:48,16,200,35.0,45,297,50,5,Safe,0
2026-05-14 11:39:48,15,201,34.8,44,297,50,7,Safe,0
2026-05-14 11:39:49,17,207,35.1,45,292,51,5,Safe,0
2026-05-14 11:39:49,17,208,35.0,46,308,49,3,Safe,0
2026-05-14 11:39:50,16,187,34.9,46,300,49,7,Safe,0
2026-05-14 11:39:50,16,184,35.0,44,301,50,3,Safe,0
2026-05-14 11:39:51,17,192,35.0,45,307,50,6,Safe,0
2026-05-14 11:39:51,15,191,35.1,45,303,50,7,Safe,0
2026-05-14 11:39:52,16,184,34.8,47,290,50,5,Safe,0
2026-05-14 11:39:52,17,192,34.9,47,309,50,6,Safe,0
2026-05-14 11:39:53,15,209,35.1,46,296,49,5,Safe,0
2026-05-14 11:39:53,17,215,35.1,43,298,51,4,Safe,0
2026-05-14 11:39:54,16,191,34.9,43,304,49,7,Safe,0
2026-05-14 11:39:54,16,208,34.9,44,302,49,6,Safe,0
2026-05-14 11:39:55,15,181,34.9,44,305,51,7,Safe,0
2026-05-14 11:39:55,15,200,34.9,47,297,51,5,Safe,0
2026-05-14 11:39:56,15,182,35.1,46,300,49,7,Safe,0
2026-05-14 11:39:56,16,216,34.9,43,306,51,3,Safe,0
2026-05-14 11:39:57,15,217,35.2,47,294,50,4,Safe,0
2026-05-14 11:39:57,16,194,35.1,44,291,50,3,Safe,0
2026-05-14 11:39:58,15,197,34.9,43,308,51,5,Safe,0
2026-05-14 11:39:58,16,207,35.2,47,296,51,4,Safe,0
2026-05-14 11:39:59,17,219,34.9,44,304,51,5,Safe,0
2026-05-14 11:39:59,16,220,35.2,43,307,50,4,Safe,0
2026-05-14 11:40:00,17,212,35.1,47,297,49,4,Safe,0
2026-05-14 11:40:00,15,182,35.0,44,298,50,4,Safe,0
2026-05-14 11:40:01,15,193,35.1,46,301,50,6,Safe,0
2026-05-14 11:40:02,17,182,35.1,43,307,49,4,Safe,0
2026-05-14 11:40:02,16,203,34.9,43,291,50,6,Safe,0
2026-05-14 11:40:03,16,202,34.9,47,301,50,4,Safe,0
2026-05-14 11:40:03,15,216,34.9,44,302,51,7,Safe,0
2026-05-14 11:40:04,15,192,35.2,44,290,49,6,Safe,0
2026-05-14 11:40:04,15,205,35.1,45,296,51,3,Safe,0
2026-05-14 11:40:05,16,197,35.0,43,305,49,7,Safe,0
2026-05-14 11:40:05,16,190,35.2,45,305,49,6,Safe,0
2026-05-14 11:40:06,17,207,34.8,46,303,49,5,Safe,0
2026-05-14 11:40:06,15,190,35.1,44,299,51,5,Safe,0
2026-05-14 11:40:07,15,194,35.1,45,294,49,3,Safe,0
2026-05-14 11:40:07,15,209,34.9,43,304,51,6,Safe,0
2026-05-14 11:40:08,16,196,35.0,45,308,49,7,Safe,0
2026-05-14 11:40:08,15,207,35.2,47,296,50,7,Safe,0
2026-05-14 11:40:09,17,205,35.1,43,308,49,7,Safe,0
2026-05-14 11:40:09,17,210,35.1,46,294,50,4,Safe,0
2026-05-14 11:40:10,17,207,34.8,44,294,50,7,Safe,0
2026-05-14 11:40:10,17,216,35.1,47,309,49,4,Safe,0
2026-05-14 11:40:11,17,216,34.8,45,294,49,4,Safe,0
2026-05-14 11:40:11,17,217,35.1,44,295,50,5,Safe,0
2026-05-14 11:40:12,15,184,35.2,45,295,51,6,Safe,0
2026-05-14 11:40:12,16,204,35.1,45,301,49,5,Safe,0
2026-05-14 11:40:13,15,204,35.1,46,305,49,5,Safe,0
2026-05-14 11:40:13,17,203,34.9,46,310,49,7,Safe,0
2026-05-14 11:40:14,15,217,35.0,47,308,50,7,Safe,0
2026-05-14 11:40:14,16,210,35.2,44,300,49,6,Safe,0
2026-05-14 11:40:15,15,182,35.1,44,301,50,6,Safe,0
2026-05-14 11:40:15,17,191,35.1,43,292,51,6,Safe,0
2026-05-14 11:40:16,15,184,35.0,44,302,49,4,Safe,0
2026-05-14 11:40:16,17,184,34.8,47,309,51,3,Safe,0
2026-05-14 11:40:17,17,181,35.1,46,290,50,4,Safe,0
2026-05-14 11:40:17,17,195,34.8,46,302,51,5,Safe,0
2026-05-14 11:40:18,15,184,35.0,44,293,50,7,Safe,0
2026-05-14 11:40:18,15,194,35.0,44,310,49,7,Safe,0
2026-05-14 11:40:19,17,188,35.1,47,293,51,7,Safe,0
2026-05-14 11:40:19,17,201,34.8,46,308,50,4,Safe,0
2026-05-14 11:40:20,17,214,35.0,43,296,49,3,Safe,0
2026-05-14 11:40:20,16,181,34.9,46,297,49,5,Safe,0
2026-05-14 11:40:21,15,190,34.9,43,307,51,5,Safe,0
2026-05-14 11:40:21,16,213,35.1,43,298,49,7,Safe,0
2026-05-14 11:40:22,16,202,35.1,44,302,49,3,Safe,0
2026-05-14 11:40:22,15,212,35.1,47,292,49,3,Safe,0
2026-05-14 11:40:23,16,190,34.9,43,304,49,4,Safe,0
2026-05-14 11:40:23,15,213,35.2,43,296,49,3,Safe,0
2026-05-14 11:40:24,15,210,35.0,45,292,51,3,Safe,0
2026-05-14 11:40:25,16,204,34.9,45,310,51,4,Safe,0
2026-05-14 11:40:25,17,200,34.9,47,293,50,5,Safe,0
2026-05-14 11:40:26,15,212,35.2,43,296,49,3,Safe,0
2026-05-14 11:40:26,15,215,35.0,43,308,50,4,Safe,0
2026-05-14 11:40:27,15,182,34.9,46,301,50,7,Safe,0
2026-05-14 11:40:27,16,195,35.2,45,300,50,5,Safe,0
2026-05-14 11:40:28,16,211,34.8,44,302,49,7,Safe,0
2026-05-14 11:40:28,16,192,34.8,43,295,49,3,Safe,0
2026-05-14 11:40:29,16,188,34.9,47,299,50,3,Safe,0
2026-05-14 11:40:29,16,190,35.1,47,308,49,7,Safe,0
2026-05-14 11:40:30,16,180,34.8,43,308,49,5,Safe,0
2026-05-14 11:40:30,15,215,34.9,43,293,49,5,Safe,0
2026-05-14 11:40:31,15,190,35.0,46,303,51,3,Safe,0
2026-05-14 11:40:31,17,219,35.1,43,309,50,6,Safe,0
2026-05-14 11:40:32,17,211,35.1,47,298,51,3,Safe,0
2026-05-14 11:40:32,16,186,35.2,47,291,50,5,Safe,0
2026-05-14 11:40:33,17,186,35.1,45,300,51,3,Safe,0
2026-05-14 11:40:33,15,190,34.8,46,293,51,6,Safe,0
2026-05-14 11:40:34,16,185,34.8,44,301,49,5,Safe,0
2026-05-14 11:40:34,17,189,35.2,46,305,49,6,Safe,0
2026-05-14 11:40:35,17,217,35.1,43,301,50,4,Safe,0
2026-05-14 11:40:35,16,197,35.0,47,308,49,6,Safe,0
2026-05-14 11:40:36,17,182,35.1,46,293,51,6,Safe,0
2026-05-14 11:40:36,16,184,34.8,44,295,49,7,Safe,0
2026-05-14 11:40:37,17,189,34.9,44,310,51,6,Safe,0
2026-05-14 11:40:37,15,182,34.9,46,309,49,3,Safe,0
2026-05-14 11:40:38,17,212,35.1,44,299,50,5,Safe,0
2026-05-14 11:40:38,17,206,34.8,43,307,49,6,Safe,0
2026-05-14 11:40:39,16,195,35.0,43,292,51,7,Safe,0
2026-05-14 11:40:39,16,180,35.1,43,297,51,5,Safe,0
2026-05-14 11:40:40,17,194,34.8,44,308,50,6,Safe,0
2026-05-14 11:40:40,16,212,35.0,44,307,51,7,Safe,0
2026-05-14 11:40:41,15,180,35.1,45,310,49,4,Safe,0
2026-05-14 11:40:41,16,193,34.9,46,301,51,3,Safe,0
2026-05-14 11:40:42,16,200,35.1,45,309,49,3,Safe,0
2026-05-14 11:40:42,15,213,34.8,44,308,51,3,Safe,0
2026-05-14 11:40:43,15,208,34.9,45,307,50,3,Safe,0
2026-05-14 11:40:43,15,204,34.9,45,305,51,7,Safe,0
2026-05-14 11:40:44,17,205,35.0,44,294,50,7,Safe,0
2026-05-14 11:40:44,16,211,34.9,46,309,51,7,Safe,0
2026-05-14 11:40:45,15,194,34.9,46,297,49,5,Safe,0
2026-05-14 11:40:45,15,218,34.9,43,295,51,7,Safe,0
2026-05-14 11:40:46,16,214,35.1,43,291,51,4,Safe,0
2026-05-14 11:40:46,17,182,35.2,44,301,51,4,Safe,0
2026-05-14 11:40:47,16,202,34.9,46,305,49,7,Safe,0
2026-05-14 11:40:47,15,180,34.9,43,293,51,6,Safe,0
2026-05-14 11:40:48,16,213,34.9,44,304,50,3,Safe,0
2026-05-14 11:40:48,15,211,35.0,47,293,51,3,Safe,0
2026-05-14 11:40:49,15,180,34.9,47,299,49,4,Safe,0
2026-05-14 11:40:49,16,180,34.9,43,297,51,5,Safe,0
2026-05-14 11:40:50,15,181,34.9,44,290,51,7,Safe,0
2026-05-14 11:40:50,15,194,35.2,47,306,50,5,Safe,0
2026-05-14 11:40:51,15,213,34.9,44,307,49,4,Safe,0
2026-05-14 11:40:52,17,194,34.8,46,298,50,7,Safe,0
2026-05-14 11:40:52,15,182,35.2,44,294,51,3,Safe,0
2026-05-14 11:40:53,17,209,34.9,46,310,49,6,Safe,0
2026-05-14 11:40:53,17,220,35.1,46,305,50,7,Safe,0
2026-05-14 11:40:54,17,216,35.0,47,298,49,6,Safe,0
2026-05-14 11:40:54,16,203,35.1,44,291,49,3,Safe,0
2026-05-14 11:40:55,16,198,35.1,45,303,50,4,Safe,0
2026-05-14 11:40:55,17,191,34.9,47,291,51,6,Safe,0
2026-05-14 11:40:56,16,199,34.8,45,309,49,6,Safe,0
2026-05-14 11:40:56,17,202,35.0,47,301,50,3,Safe,0
2026-05-14 11:40:57,16,191,34.9,44,291,50,6,Safe,0
2026-05-14 11:40:57,17,185,34.8,47,301,50,6,Safe,0
2026-05-14 11:40:58,17,195,35.0,43,301,49,6,Safe,0
2026-05-14 11:40:58,15,206,34.9,43,304,51,6,Safe,0
2026-05-14 11:40:59,15,220,35.2,47,299,49,6,Safe,0
2026-05-14 11:40:59,15,209,35.1,43,295,51,4,Safe,0
2026-05-14 11:41:00,17,208,35.1,43,294,49,4,Safe,0
2026-05-14 11:41:00,16,197,34.9,44,293,51,5,Safe,0
2026-05-14 11:41:01,17,203,34.9,45,291,50,4,Safe,0
2026-05-14 11:41:01,15,213,35.0,45,306,50,6,Safe,0
2026-05-14 11:41:02,17,189,34.9,47,304,50,5,Safe,0
2026-05-14 11:41:02,17,215,35.0,44,300,51,3,Safe,0
2026-05-14 11:41:03,17,193,34.8,47,296,49,7,Safe,0
2026-05-14 11:41:03,15,189,34.9,44,295,50,3,Safe,0
2026-05-14 11:41:04,16,205,34.8,44,302,50,4,Safe,0
2026-05-14 11:41:04,15,199,35.0,46,297,49,3,Safe,0
2026-05-14 11:41:05,17,199,35.1,43,290,50,3,Safe,0
2026-05-14 11:41:05,17,205,34.9,43,310,49,4,Safe,0
2026-05-14 11:41:06,17,200,35.1,47,294,51,4,Safe,0
2026-05-14 11:41:06,17,182,35.1,43,302,51,7,Safe,0
2026-05-14 11:41:07,17,198,35.1,47,291,49,7,Safe,0
2026-05-14 11:41:07,15,211,35.2,43,290,49,5,Safe,0
2026-05-14 11:41:08,16,220,35.0,47,298,49,6,Safe,0
2026-05-14 11:41:08,17,206,34.9,45,290,51,6,Safe,0
2026-05-14 11:41:09,15,201,34.9,44,301,49,5,Safe,0
2026-05-14 11:41:09,15,212,35.1,44,290,50,5,Safe,0
2026-05-14 11:41:10,15,206,34.8,45,292,50,6,Safe,0
2026-05-14 11:41:10,17,218,35.0,43,309,51,3,Safe,0
2026-05-14 11:41:11,15,214,34.9,45,297,49,4,Safe,0
2026-05-14 11:41:11,15,186,35.2,44,295,49,5,Safe,0
2026-05-14 11:41:12,15,219,34.8,45,301,50,4,Safe,0
2026-05-14 11:41:12,16,192,35.2,47,310,50,3,Safe,0
2026-05-14 11:41:13,16,189,34.9,46,290,50,7,Safe,0
2026-05-14 11:41:13,17,191,34.9,47,298,49,7,Safe,0
2026-05-14 11:41:14,17,187,35.2,43,298,49,3,Safe,0
2026-05-14 11:41:14,15,184,34.8,43,308,51,7,Safe,0
2026-05-14 11:41:15,15,203,35.2,46,306,50,7,Safe,0
2026-05-14 11:41:15,16,217,34.9,43,304,50,3,Safe,0
2026-05-14 11:41:16,15,204,34.9,47,293,51,3,Safe,0
2026-05-14 11:41:16,17,183,34.8,45,309,49,6,Safe,0
2026-05-14 11:41:17,16,190,35.1,45,292,50,4,Safe,0
2026-05-14 11:41:17,16,211,35.2,46,300,49,3,Safe,0
2026-05-14 11:41:18,15,191,35.1,47,307,50,6,Safe,0
2026-05-14 11:41:19,17,189,35.0,46,303,49,5,Safe,0
2026-05-14 11:41:19,15,218,35.1,47,307,50,3,Safe,0
2026-05-14 11:41:20,17,180,35.2,45,297,51,7,Safe,0
2026-05-14 11:41:20,15,182,34.9,46,301,49,6,Safe,0
2026-05-14 11:41:21,15,187,35.0,45,307,50,3,Safe,0
2026-05-14 11:41:21,15,214,35.0,45,303,49,7,Safe,0
2026-05-14 11:41:22,15,195,35.2,43,296,51,7,Safe,0
2026-05-14 11:41:22,17,208,35.1,43,304,50,4,Safe,0
2026-05-14 11:41:23,17,216,35.0,44,290,51,4,Safe,0
2026-05-14 11:41:23,17,212,35.1,44,292,50,3,Safe,0
2026-05-14 11:41:24,15,188,35.2,45,306,50,6,Safe,0
2026-05-14 11:41:24,17,200,35.1,45,295,51,5,Safe,0
2026-05-14 11:41:25,16,217,35.2,46,293,50,4,Safe,0
2026-05-14 11:41:25,17,181,35.1,44,297,49,5,Safe,0
2026-05-14 11:41:26,17,193,34.9,45,290,51,4,Safe,0
2026-05-14 11:41:26,15,210,35.1,44,310,51,7,Safe,0
2026-05-14 11:41:27,16,213,35.0,46,290,50,3,Safe,0
2026-05-14 11:41:27,17,191,34.8,47,305,49,3,Safe,0
2026-05-14 11:41:28,17,204,35.1,47,309,50,6,Safe,0
2026-05-14 11:41:28,15,196,34.8,46,291,49,3,Safe,0
2026-05-14 11:41:29,17,216,35.0,43,297,51,3,Safe,0
2026-05-14 11:41:29,17,209,35.0,47,303,51,3,Safe,0
2026-05-14 11:41:30,17,208,35.1,44,297,51,3,Safe,0
2026-05-14 11:41:30,15,217,34.9,47,295,49,3,Safe,0
2026-05-14 11:41:31,16,214,35.1,47,298,50,7,Safe,0
2026-05-14 11:41:31,16,214,35.0,44,308,51,6,Safe,0
2026-05-14 11:41:32,15,203,35.0,44,300,51,6,Safe,0
2026-05-14 11:41:32,16,199,35.1,44,300,49,7,Safe,0
2026-05-14 11:41:33,15,213,35.1,44,305,49,3,Safe,0
2026-05-14 11:41:33,17,194,34.9,46,293,50,5,Safe,0
2026-05-14 11:41:34,16,187,35.2,46,290,49,5,Safe,0
2026-05-14 11:41:34,16,181,34.9,46,292,51,4,Safe,0
2026-05-14 11:41:35,17,215,35.1,44,307,50,7,Safe,0
2026-05-14 11:41:35,15,208,35.1,43,307,49,7,Safe,0
2026-05-14 11:41:36,15,214,34.9,46,297,51,7,Safe,0
2026-05-14 11:41:36,15,200,35.0,47,292,49,7,Safe,0
2026-05-14 11:41:37,16,203,35.1,47,298,49,7,Safe,0
2026-05-14 11:41:37,15,204,34.9,43,297,50,4,Safe,0
2026-05-14 11:41:38,16,190,34.9,46,304,51,3,Safe,0
2026-05-14 11:41:38,17,215,35.2,45,293,50,4,Safe,0
2026-05-14 11:41:39,15,189,35.0,43,305,49,3,Safe,0
2026-05-14 11:41:39,15,181,35.0,44,309,49,3,Safe,0
2026-05-14 11:41:40,16,215,35.0,44,292,49,3,Safe,0
2026-05-14 11:41:40,17,220,35.0,46,307,50,4,Safe,0
2026-05-14 11:41:41,15,191,34.9,45,294,51,4,Safe,0
2026-05-14 11:41:42,16,196,34.8,43,300,49,6,Safe,0
2026-05-14 11:41:42,17,184,35.1,46,295,50,6,Safe,0
2026-05-14 11:41:43,17,209,35.2,45,295,49,6,Safe,0
2026-05-14 11:41:43,15,212,35.0,44,307,50,5,Safe,0
2026-05-14 11:41:44,16,209,34.8,45,310,49,7,Safe,0
2026-05-14 11:41:44,15,186,35.0,44,291,49,4,Safe,0
2026-05-14 11:41:45,17,215,35.0,46,305,49,5,Safe,0
2026-05-14 11:41:45,16,217,35.1,44,290,51,6,Safe,0
2026-05-14 11:41:46,17,183,35.0,46,309,51,3,Safe,0
2026-05-14 11:41:46,17,216,34.8,47,299,51,6,Safe,0
2026-05-14 11:41:47,17,217,35.0,47,292,50,4,Safe,0
2026-05-14 11:41:47,17,218,35.0,43,305,49,5,Safe,0
2026-05-14 11:41:48,17,193,34.9,45,301,51,5,Safe,0
2026-05-14 11:41:48,16,188,34.8,47,303,50,3,Safe,0
2026-05-14 11:41:49,17,210,35.0,43,310,50,5,Safe,0
2026-05-14 11:41:49,15,201,35.2,46,308,49,4,Safe,0
2026-05-14 11:41:50,15,206,35.1,44,308,50,3,Safe,0
2026-05-14 11:41:50,16,209,35.1,47,302,49,3,Safe,0
2026-05-14 11:41:51,17,214,35.1,46,300,49,6,Safe,0
2026-05-14 11:41:51,15,195,35.0,47,292,50,4,Safe,0
2026-05-14 11:41:52,16,208,34.8,46,294,50,7,Safe,0
2026-05-14 11:41:52,15,188,35.1,44,309,51,6,Safe,0
2026-05-14 11:41:53,16,208,34.9,43,307,50,3,Safe,0
2026-05-14 11:41:53,17,201,34.9,44,297,51,3,Safe,0
2026-05-14 11:41:54,17,188,35.1,43,295,51,5,Safe,0
2026-05-14 11:41:54,16,197,34.9,45,299,49,5,Safe,0
2026-05-14 11:41:55,17,197,34.9,46,295,49,7,Safe,0
2026-05-14 11:41:55,16,203,34.9,46,292,50,3,Safe,0
2026-05-14 11:41:56,17,216,35.0,45,307,51,7,Safe,0
2026-05-14 11:41:56,17,183,35.1,47,294,50,6,Safe,0
2026-05-14 11:41:57,16,201,35.0,44,297,51,5,Safe,0
2026-05-14 11:41:57,15,216,35.1,46,306,49,7,Safe,0
2026-05-14 11:41:58,15,182,35.1,43,290,49,6,Safe,0
2026-05-14 11:41:58,15,193,35.2,45,309,51,4,Safe,0
2026-05-14 11:41:59,16,201,35.0,47,303,51,4,Safe,0
2026-05-14 11:41:59,17,197,34.9,46,309,49,7,Safe,0
2026-05-14 11:42:00,15,199,35.0,46,294,49,7,Safe,0
2026-05-14 11:42:00,16,220,34.9,45,294,49,3,Safe,0
2026-05-14 11:42:01,17,196,35.0,45,307,49,4,Safe,0
2026-05-14 11:42:01,17,212,35.0,44,291,51,5,Safe,0
2026-05-14 11:42:02,16,195,35.1,47,304,51,3,Safe,0
2026-05-14 11:42:02,17,212,35.2,43,304,49,6,Safe,0
2026-05-14 11:42:03,15,184,35.0,44,304,50,6,Safe,0
2026-05-14 11:42:03,16,187,35.0,46,300,51,6,Safe,0
2026-05-14 11:42:04,15,194,34.9,44,302,51,3,Safe,0
2026-05-14 11:42:04,15,198,35.1,44,298,51,3,Safe,0
2026-05-14 11:42:05,17,204,34.8,45,293,49,7,Safe,0
2026-05-14 11:42:06,15,199,34.8,47,298,50,3,Safe,0
2026-05-14 11:42:06,15,188,34.9,47,298,49,4,Safe,0
2026-05-14 11:42:07,16,200,35.0,44,308,49,6,Safe,0
2026-05-14 11:42:07,16,209,35.0,44,292,49,3,Safe,0
2026-05-14 11:42:08,17,200,34.9,43,303,51,3,Safe,0
2026-05-14 11:42:08,16,199,35.0,47,298,49,3,Safe,0
2026-05-14 11:42:09,17,201,35.0,43,304,49,3,Safe,0
2026-05-14 11:42:09,16,220,35.2,45,292,49,3,Safe,0
2026-05-14 11:42:10,15,201,34.9,44,290,51,5,Safe,0
2026-05-14 11:42:10,17,191,35.1,46,293,50,7,Safe,0
2026-05-14 11:42:11,16,204,34.9,47,295,51,4,Safe,0
2026-05-14 11:42:11,16,183,35.0,45,299,50,7,Safe,0
2026-05-14 11:42:12,17,193,35.2,46,301,50,5,Safe,0
2026-05-14 11:42:12,17,191,35.0,46,290,50,6,Safe,0
2026-05-14 11:42:13,16,202,35.1,47,291,49,6,Safe,0
2026-05-14 11:42:13,17,217,35.1,47,296,51,5,Safe,0
2026-05-14 11:42:14,15,217,34.9,45,305,49,6,Safe,0
2026-05-14 11:42:14,15,196,35.1,47,305,51,5,Safe,0
2026-05-14 11:42:15,16,196,34.9,44,299,50,7,Safe,0
2026-05-14 11:42:15,17,184,35.2,47,292,50,3,Safe,0
2026-05-14 11:42:16,17,205,35.1,44,298,49,4,Safe,0
2026-05-14 11:42:16,17,204,35.2,44,309,50,7,Safe,0
2026-05-14 11:42:17,17,212,35.0,44,307,49,4,Safe,0
2026-05-14 11:42:17,16,197,35.1,44,296,51,4,Safe,0
2026-05-14 11:42:18,15,190,34.9,43,310,49,5,Safe,0
2026-05-14 11:42:18,16,189,34.9,47,309,51,6,Safe,0
2026-05-14 11:42:19,15,194,35.2,43,307,49,4,Safe,0
2026-05-14 11:42:19,15,202,35.0,45,290,49,5,Safe,0
2026-05-14 11:42:20,16,205,34.9,46,307,50,7,Safe,0
2026-05-14 11:42:20,15,207,34.8,44,309,51,3,Safe,0
2026-05-14 11:42:21,15,186,35.1,43,302,51,7,Safe,0
2026-05-14 11:42:21,16,215,35.0,44,291,51,4,Safe,0
2026-05-14 11:42:22,16,219,35.2,44,302,50,5,Safe,0
2026-05-14 11:42:22,16,201,35.0,45,291,51,4,Safe,0
2026-05-14 11:42:23,16,189,34.9,47,296,51,6,Safe,0
2026-05-14 11:42:23,15,184,34.9,46,301,49,5,Safe,0
2026-05-14 11:42:24,15,207,34.9,44,298,49,7,Safe,0
2026-05-14 11:42:24,17,185,35.1,43,291,51,6,Safe,0
2026-05-14 11:42:25,16,198,35.1,47,303,50,5,Safe,0
2026-05-14 11:42:25,17,182,35.1,44,293,49,7,Safe,0
2026-05-14 11:42:26,15,190,35.2,44,296,49,7,Safe,0
2026-05-14 11:42:26,16,208,35.0,46,291,51,7,Safe,0
2026-05-14 11:42:27,16,197,35.1,44,305,49,3,Safe,0
2026-05-14 11:42:27,15,188,35.2,46,307,49,7,Safe,0
2026-05-14 11:42:28,15,211,34.9,43,300,50,4,Safe,0
2026-05-14 11:42:28,16,213,34.8,47,304,51,5,Safe,0
2026-05-14 11:42:29,15,213,34.9,47,296,51,7,Safe,0
2026-05-14 11:42:29,16,198,34.8,43,300,50,6,Safe,0
2026-05-14 11:42:30,15,198,35.0,45,300,50,4,Safe,0
2026-05-14 11:42:30,15,205,35.1,44,293,49,6,Safe,0
2026-05-14 11:42:31,15,190,35.0,44,293,49,7,Safe,0
2026-05-14 11:42:31,16,193,35.0,47,292,50,6,Safe,0
2026-05-14 11:42:32,17,193,35.0,46,305,50,7,Safe,0
2026-05-14 11:42:32,15,217,34.9,43,298,49,5,Safe,0
2026-05-14 11:42:33,16,199,35.1,46,297,51,3,Safe,0
2026-05-14 11:42:34,17,181,34.8,47,303,49,4,Safe,0
2026-05-14 11:42:34,16,200,34.9,44,309,49,6,Safe,0
2026-05-14 11:42:35,16,206,34.9,46,297,49,7,Safe,0
2026-05-14 11:42:35,17,211,34.9,46,309,49,5,Safe,0
2026-05-14 11:42:36,16,183,34.8,47,303,49,4,Safe,0
2026-05-14 11:42:36,15,198,35.1,44,298,50,5,Safe,0
2026-05-14 11:42:37,16,186,35.2,43,310,50,5,Safe,0
2026-05-14 11:42:37,17,211,34.9,45,300,51,7,Safe,0
2026-05-14 11:42:38,15,184,35.1,44,296,50,7,Safe,0
2026-05-14 11:42:38,15,201,35.0,44,293,50,6,Safe,0
2026-05-14 11:42:39,15,217,35.0,44,303,51,4,Safe,0
2026-05-14 11:42:39,17,190,35.1,47,290,49,7,Safe,0
2026-05-14 11:42:40,15,196,35.1,43,302,50,4,Safe,0
2026-05-14 11:42:40,16,196,35.0,44,308,49,3,Safe,0
2026-05-14 11:42:41,15,198,35.0,45,302,50,3,Safe,0
2026-05-14 11:42:41,17,216,35.0,47,298,51,3,Safe,0
2026-05-14 11:42:42,16,184,35.2,46,298,49,5,Safe,0
2026-05-14 11:42:42,17,208,35.2,44,308,51,5,Safe,0
2026-05-14 11:42:43,15,187,34.9,45,309,49,6,Safe,0
2026-05-14 11:42:43,15,211,35.0,47,300,49,3,Safe,0
2026-05-14 11:42:44,15,199,34.8,47,299,50,3,Safe,0
2026-05-14 11:42:44,15,219,34.9,43,305,50,3,Safe,0
2026-05-14 11:42:45,16,200,35.2,45,299,50,7,Safe,0
2026-05-14 11:42:45,16,217,34.9,46,308,51,4,Safe,0
2026-05-14 11:42:46,15,201,35.2,44,294,50,7,Safe,0
2026-05-14 11:42:46,17,214,35.1,47,293,49,6,Safe,0
2026-05-14 11:42:47,16,190,34.8,47,310,50,5,Safe,0
2026-05-14 11:42:47,15,206,34.9,45,307,49,5,Safe,0
2026-05-14 11:42:48,15,203,35.1,47,292,49,3,Safe,0
2026-05-14 11:42:48,16,210,35.2,46,296,50,3,Safe,0
2026-05-14 11:42:49,17,192,35.2,43,310,51,6,Safe,0
2026-05-14 11:42:49,16,196,35.0,45,295,51,7,Safe,0
2026-05-14 11:42:50,17,218,35.1,47,308,50,7,Safe,0
2026-05-14 11:42:50,17,207,34.8,45,305,51,7,Safe,0
2026-05-14 11:42:51,17,190,35.1,45,294,49,3,Safe,0
2026-05-14 11:42:51,15,200,34.9,44,299,50,3,Safe,0
2026-05-14 11:42:52,16,214,34.9,43,310,51,5,Safe,0
2026-05-14 11:42:52,15,183,35.0,45,303,51,7,Safe,0
2026-05-14 11:42:53,15,208,35.1,45,300,49,5,Safe,0
2026-05-14 11:42:53,17,207,34.9,44,308,50,4,Safe,0
2026-05-14 11:42:54,16,199,35.2,43,301,49,7,Safe,0
2026-05-14 11:42:54,15,182,34.8,43,290,49,4,Safe,0
2026-05-14 11:42:55,17,202,34.8,45,302,49,7,Safe,0
2026-05-14 11:42:55,17,186,35.2,45,301,51,3,Safe,0
2026-05-14 11:42:56,16,189,35.0,45,295,51,7,Safe,0
2026-05-14 11:42:56,16,182,35.2,46,295,50,6,Safe,0
2026-05-14 11:42:57,16,214,34.8,43,302,50,3,Safe,0
2026-05-14 11:42:57,17,219,34.9,43,301,51,4,Safe,0
2026-05-14 11:42:58,15,199,35.0,46,305,51,4,Safe,0
2026-05-14 11:42:58,16,211,35.1,46,292,50,4,Safe,0
2026-05-14 11:42:59,17,188,35.1,46,309,49,6,Safe,0
2026-05-14 11:42:59,15,217,34.9,43,302,51,3,Safe,0
2026-05-14 11:43:00,15,198,34.8,45,309,50,7,Safe,0
2026-05-14 11:43:00,16,207,35.1,45,294,51,3,Safe,0
2026-05-14 11:43:01,17,185,35.0,43,294,50,6,Safe,0
2026-05-14 11:43:02,15,187,34.9,46,310,51,6,Safe,0
2026-05-14 11:43:02,17,208,35.1,46,298,50,5,Safe,0
2026-05-14 11:43:03,16,201,34.8,46,300,49,5,Safe,0
2026-05-14 11:43:03,17,206,35.1,47,305,51,6,Safe,0
2026-05-14 11:43:04,17,184,34.9,46,305,49,6,Safe,0
2026-05-14 11:43:04,17,213,35.2,47,297,50,4,Safe,0
2026-05-14 11:43:05,17,190,35.0,45,302,50,6,Safe,0
2026-05-14 11:43:05,15,216,35.1,46,308,51,3,Safe,0
2026-05-14 11:43:06,15,186,34.8,47,302,49,6,Safe,0
2026-05-14 11:43:06,15,220,35.0,43,293,50,5,Safe,0
2026-05-14 11:43:07,16,193,35.0,43,296,50,6,Safe,0
2026-05-14 11:43:07,15,203,35.1,43,304,51,7,Safe,0
2026-05-14 11:43:08,16,190,34.8,46,306,49,4,Safe,0
2026-05-14 11:43:08,15,181,35.1,47,306,49,6,Safe,0
2026-05-14 11:43:09,15,215,35.1,43,304,51,5,Safe,0
2026-05-14 11:43:09,17,187,35.2,46,299,49,7,Safe,0
2026-05-14 11:43:10,17,181,35.2,44,296,50,7,Safe,0
2026-05-14 11:43:10,15,188,34.9,45,295,49,5,Safe,0
2026-05-14 11:43:11,16,188,35.2,44,296,51,4,Safe,0
2026-05-14 11:43:11,15,194,35.2,46,292,50,3,Safe,0
2026-05-14 11:43:12,16,214,35.1,47,303,50,5,Safe,0
2026-05-14 11:43:12,15,192,34.8,46,300,50,5,Safe,0
2026-05-14 11:43:13,15,212,35.0,43,294,51,4,Safe,0
2026-05-14 11:43:13,17,212,35.2,43,303,50,3,Safe,0
2026-05-14 11:43:14,17,181,35.1,44,297,49,3,Safe,0
2026-05-14 11:43:14,15,188,35.0,43,303,51,6,Safe,0
2026-05-14 11:43:15,16,203,35.2,44,296,50,5,Safe,0
2026-05-14 11:43:15,15,211,34.9,43,308,50,3,Safe,0
2026-05-14 11:43:16,15,203,35.0,45,292,49,7,Safe,0
2026-05-14 11:43:16,17,220,34.9,47,292,51,6,Safe,0
2026-05-14 11:43:17,16,202,34.9,47,293,49,6,Safe,0
2026-05-14 11:43:17,15,214,35.1,44,308,50,7,Safe,0
2026-05-14 11:43:18,16,206,34.8,46,296,49,4,Safe,0
2026-05-14 11:43:18,16,185,34.8,43,304,49,7,Safe,0
2026-05-14 11:43:19,17,198,35.1,47,294,50,5,Safe,0
2026-05-14 11:43:19,16,209,35.1,45,309,50,3,Safe,0
2026-05-14 11:43:20,15,210,35.0,44,304,50,4,Safe,0
2026-05-14 11:43:20,17,189,35.2,45,301,51,4,Safe,0
2026-05-14 11:43:21,17,210,35.1,44,302,51,6,Safe,0
2026-05-14 11:43:21,17,207,35.1,47,305,51,5,Safe,0
2026-05-14 11:43:22,16,195,35.2,46,296,51,5,Safe,0
2026-05-14 11:43:22,16,180,35.0,46,295,49,5,Safe,0
2026-05-14 11:43:23,15,210,34.9,43,297,51,3,Safe,0
2026-05-14 11:43:23,15,188,34.9,46,304,49,5,Safe,0
2026-05-14 11:43:24,17,195,34.9,45,297,49,7,Safe,0
2026-05-14 11:43:24,16,209,35.1,44,295,49,3,Safe,0
2026-05-14 11:43:25,15,181,34.8,45,298,49,7,Safe,0
2026-05-14 11:43:25,17,210,35.2,43,290,49,4,Safe,0
2026-05-14 11:43:26,15,202,35.2,46,299,49,6,Safe,0
2026-05-14 11:43:26,17,197,35.0,45,294,49,6,Safe,0
2026-05-14 11:43:27,16,185,35.1,46,293,51,5,Safe,0
2026-05-14 11:43:27,17,196,35.1,47,306,51,3,Safe,0
2026-05-14 11:43:28,17,211,35.2,43,293,49,5,Safe,0
2026-05-14 11:43:29,15,202,35.1,43,308,51,6,Safe,0
2026-05-14 11:43:29,16,196,35.0,44,290,50,7,Safe,0
2026-05-14 11:43:30,17,207,35.1,45,303,49,4,Safe,0
2026-05-14 11:43:30,15,207,34.8,45,300,50,3,Safe,0
2026-05-14 11:43:31,15,183,35.0,47,293,49,6,Safe,0
2026-05-14 11:43:31,15,212,35.0,46,297,49,3,Safe,0
2026-05-14 11:43:32,15,206,34.9,44,294,50,4,Safe,0
2026-05-14 11:43:32,17,207,34.8,43,301,49,5,Safe,0
2026-05-14 11:43:33,16,198,35.0,43,302,50,7,Safe,0
2026-05-14 11:43:33,15,197,35.0,46,299,50,4,Safe,0
2026-05-14 11:43:34,17,200,34.8,43,299,50,5,Safe,0
2026-05-14 11:43:34,16,191,35.1,47,294,50,7,Safe,0
2026-05-14 11:43:35,17,192,34.9,43,294,50,3,Safe,0
2026-05-14 11:43:35,17,215,35.0,46,290,50,3,Safe,0
2026-05-14 11:43:36,17,200,35.1,43,301,51,4,Safe,0
2026-05-14 11:43:36,15,219,35.0,45,290,51,3,Safe,0
2026-05-14 11:43:37,17,220,34.8,44,297,50,7,Safe,0
2026-05-14 11:43:37,15,186,35.0,44,298,51,6,Safe,0
2026-05-14 11:43:38,17,207,34.9,43,308,50,4,Safe,0
2026-05-14 11:43:38,17,203,34.8,44,294,51,4,Safe,0
2026-05-14 11:43:39,16,215,35.1,43,292,51,4,Safe,0
2026-05-14 11:43:39,17,209,35.1,47,304,49,4,Safe,0
2026-05-14 11:43:40,17,187,34.9,45,292,50,3,Safe,0
2026-05-14 11:43:40,16,218,34.9,43,306,50,6,Safe,0
2026-05-14 11:43:41,15,195,34.8,45,309,51,4,Safe,0
2026-05-14 11:43:41,17,192,34.8,46,293,51,3,Safe,0
2026-05-14 11:43:42,15,211,35.2,46,305,51,3,Safe,0
2026-05-14 11:43:42,17,182,35.0,44,293,51,7,Safe,0
2026-05-14 11:43:43,15,182,34.9,45,295,50,7,Safe,0
2026-05-14 11:43:43,16,182,35.1,46,291,50,3,Safe,0
2026-05-14 11:43:44,15,217,34.9,47,290,51,6,Safe,0
2026-05-14 11:43:44,17,187,35.1,46,293,50,4,Safe,0
2026-05-14 11:43:45,17,194,34.9,46,297,49,3,Safe,0
2026-05-14 11:43:45,17,187,35.0,46,308,50,6,Safe,0
2026-05-14 11:43:46,16,185,35.1,47,307,49,5,Safe,0
2026-05-14 11:43:46,17,214,35.0,44,307,50,5,Safe,0
2026-05-14 11:43:47,17,186,35.2,46,298,50,6,Safe,0
2026-05-14 11:43:47,17,192,34.8,46,301,49,6,Safe,0
2026-05-14 11:43:48,16,192,34.9,45,293,49,3,Safe,0
2026-05-14 11:43:48,15,210,35.0,45,291,51,3,Safe,0
2026-05-14 11:43:49,16,196,35.0,45,306,49,3,Safe,0
2026-05-14 11:43:49,17,180,34.9,46,290,49,7,Safe,0
2026-05-14 11:43:50,17,196,35.0,43,310,51,4,Safe,0
2026-05-14 11:43:50,17,183,35.0,44,300,50,6,Safe,0
2026-05-14 11:43:51,17,210,34.8,46,307,50,5,Safe,0
2026-05-14 11:43:52,16,216,34.9,47,292,49,3,Safe,0
2026-05-14 11:43:52,17,196,34.9,43,290,50,6,Safe,0
2026-05-14 11:43:53,17,194,35.2,44,305,51,5,Safe,0
2026-05-14 11:43:53,16,190,34.9,47,292,50,3,Safe,0
2026-05-14 11:43:54,16,213,35.2,47,291,50,3,Safe,0
2026-05-14 11:43:54,17,186,34.9,46,296,51,7,Safe,0
2026-05-14 11:43:55,15,196,35.0,45,309,51,5,Safe,0
2026-05-14 11:43:55,17,220,34.8,45,297,49,4,Safe,0
2026-05-14 11:43:56,16,184,35.0,46,302,51,3,Safe,0
2026-05-14 11:43:56,15,215,34.9,44,310,50,7,Safe,0
2026-05-14 11:43:57,15,219,34.8,45,303,49,7,Safe,0
2026-05-14 11:43:57,16,181,35.1,43,296,51,5,Safe,0
2026-05-14 11:43:58,15,191,35.1,47,308,51,4,Safe,0
2026-05-14 11:43:58,15,218,35.2,44,300,50,3,Safe,0
2026-05-14 11:43:59,17,216,35.0,44,300,51,5,Safe,0
2026-05-14 11:43:59,15,200,35.0,43,306,50,7,Safe,0
2026-05-14 11:44:00,16,213,35.0,44,298,51,3,Safe,0
2026-05-14 11:44:00,15,215,35.1,43,299,49,3,Safe,0
2026-05-14 11:44:01,16,204,35.1,46,305,50,5,Safe,0
2026-05-14 11:44:01,16,188,34.9,47,300,50,4,Safe,0
2026-05-14 11:44:02,17,198,35.0,43,306,51,6,Safe,0
2026-05-14 11:44:02,17,191,35.0,43,294,50,5,Safe,0
2026-05-14 11:44:03,16,186,35.0,47,292,49,6,Safe,0
2026-05-14 11:44:03,17,207,35.0,44,300,50,4,Safe,0
2026-05-14 11:44:04,15,210,35.0,46,302,51,5,Safe,0
2026-05-14 11:44:04,15,199,35.0,45,297,51,4,Safe,0
2026-05-14 11:44:05,16,215,35.1,47,300,51,7,Safe,0
2026-05-14 11:44:05,17,199,34.9,43,295,50,6,Safe,0
2026-05-14 11:44:06,17,201,34.8,44,300,49,7,Safe,0
2026-05-14 11:44:06,16,187,35.0,44,303,51,5,Safe,0
2026-05-14 11:44:07,15,216,35.1,45,292,49,3,Safe,0
2026-05-14 11:44:07,15,187,35.0,45,297,49,7,Safe,0
2026-05-14 11:44:08,17,213,34.8,43,304,50,6,Safe,0
2026-05-14 11:44:08,16,213,34.8,43,295,51,5,Safe,0
2026-05-14 11:44:09,16,180,35.0,45,298,51,3,Safe,0
2026-05-14 11:44:09,15,189,35.0,43,305,51,4,Safe,0
2026-05-14 11:44:10,15,181,35.1,47,307,51,7,Safe,0
2026-05-14 11:44:10,15,198,34.9,45,295,49,3,Safe,0
2026-05-14 11:44:11,17,198,35.0,43,306,49,5,Safe,0
2026-05-14 11:44:11,15,203,35.2,46,303,50,7,Safe,0
2026-05-14 11:44:12,15,182,35.1,47,309,49,6,Safe,0
2026-05-14 11:44:12,15,216,35.1,46,300,49,3,Safe,0
2026-05-14 11:44:13,17,209,35.0,43,292,49,5,Safe,0
2026-05-14 11:44:13,15,193,35.2,45,306,50,4,Safe,0
2026-05-14 11:44:14,15,201,35.2,45,300,50,4,Safe,0
2026-05-14 11:44:14,17,183,35.0,43,299,50,7,Safe,0
2026-05-14 11:44:15,17,214,34.8,47,306,51,6,Safe,0
2026-05-14 11:44:15,16,183,34.9,43,306,49,7,Safe,0
2026-05-14 11:44:16,15,188,35.2,44,303,49,6,Safe,0
2026-05-14 11:44:16,16,188,35.1,44,291,49,6,Safe,0
2026-05-14 11:44:17,16,185,35.0,43,304,49,6,Safe,0
2026-05-14 11:44:18,16,189,35.0,47,303,49,3,Safe,0
2026-05-14 11:44:18,17,194,34.9,44,297,51,4,Safe,0
2026-05-14 11:44:19,17,208,34.8,43,294,49,3,Safe,0
2026-05-14 11:44:19,15,182,35.0,45,297,51,7,Safe,0
2026-05-14 11:44:20,15,194,34.9,45,306,51,6,Safe,0
2026-05-14 11:44:20,15,191,35.2,47,303,50,3,Safe,0
2026-05-14 11:44:21,17,189,35.1,45,299,51,5,Safe,0
2026-05-14 11:44:21,15,217,35.1,43,303,50,7,Safe,0
2026-05-14 11:44:22,15,210,35.0,44,299,51,5,Safe,0
2026-05-14 11:44:22,16,215,35.2,45,298,50,4,Safe,0
2026-05-14 11:44:23,16,196,35.0,45,306,51,6,Safe,0
2026-05-14 11:44:23,15,183,35.1,43,293,50,4,Safe,0
2026-05-14 11:44:24,16,181,35.0,46,307,50,5,Safe,0
2026-05-14 11:44:24,15,194,35.0,44,291,49,3,Safe,0
2026-05-14 11:44:25,16,217,34.9,47,295,51,5,Safe,0
2026-05-14 11:44:25,15,199,35.1,47,308,49,6,Safe,0
2026-05-14 11:44:26,17,212,35.0,45,297,50,6,Safe,0
2026-05-14 11:44:26,16,192,35.2,46,300,51,4,Safe,0
2026-05-14 11:44:27,16,198,34.8,45,291,49,4,Safe,0
2026-05-14 11:44:27,16,181,34.8,44,308,49,6,Safe,0
2026-05-14 11:44:28,17,180,35.0,47,296,51,6,Safe,0
2026-05-14 11:44:28,16,209,34.9,47,302,49,5,Safe,0
2026-05-14 11:44:29,17,216,34.8,45,309,50,3,Safe,0
2026-05-14 11:44:29,15,202,35.0,43,310,49,3,Safe,0
2026-05-14 11:44:30,15,183,35.2,46,296,51,7,Safe,0
2026-05-14 11:44:30,15,181,34.9,45,307,50,5,Safe,0
2026-05-14 11:44:31,16,184,35.1,45,302,49,3,Safe,0
2026-05-14 11:44:31,16,203,34.9,44,305,51,5,Safe,0
2026-05-14 11:44:32,17,201,34.8,47,303,51,7,Safe,0
2026-05-14 11:44:32,16,187,35.2,44,296,50,4,Safe,0
2026-05-14 11:44:33,16,217,35.1,43,306,51,7,Safe,0
2026-05-14 11:44:33,16,188,35.1,44,305,51,6,Safe,0
2026-05-14 11:44:34,16,201,35.0,43,291,51,6,Safe,0
2026-05-14 11:44:34,17,220,35.2,47,295,50,3,Safe,0
2026-05-14 11:44:35,16,182,35.0,44,296,50,3,Safe,0
2026-05-14 11:44:35,17,186,35.1,47,296,51,5,Safe,0
2026-05-14 11:44:36,15,188,35.1,44,305,51,7,Safe,0
2026-05-14 11:44:36,17,204,35.1,44,306,50,5,Safe,0
2026-05-14 11:44:37,15,181,35.0,44,310,50,5,Safe,0
2026-05-14 11:44:37,16,188,35.0,47,293,50,3,Safe,0
2026-05-14 11:44:38,17,196,35.0,47,301,49,6,Safe,0
2026-05-14 11:44:38,15,192,35.1,45,293,51,6,Safe,0
2026-05-14 11:44:39,17,182,34.9,47,305,50,4,Safe,0
2026-05-14 11:44:39,16,214,34.8,46,297,50,6,Safe,0
2026-05-14 11:44:40,15,208,34.9,43,291,50,4,Safe,0
2026-05-14 11:44:40,16,199,35.2,46,297,50,4,Safe,0
2026-05-14 11:44:41,15,201,34.8,44,294,51,7,Safe,0
2026-05-14 11:44:41,16,210,35.2,43,296,50,6,Safe,0
2026-05-14 11:44:42,17,208,34.9,44,297,51,3,Safe,0
2026-05-14 11:44:42,15,213,35.2,47,298,51,4,Safe,0
2026-05-14 11:44:43,15,193,35.0,43,304,49,7,Safe,0
2026-05-14 11:44:43,16,220,35.1,44,309,51,7,Safe,0
2026-05-14 11:44:44,15,196,35.2,44,305,50,4,Safe,0
2026-05-14 11:44:45,16,187,35.2,44,290,51,7,Safe,0
2026-05-14 11:44:45,17,193,35.0,47,306,51,6,Safe,0
2026-05-14 11:44:46,15,180,35.1,47,297,49,7,Safe,0
2026-05-14 11:44:46,16,214,35.0,47,290,49,7,Safe,0
2026-05-14 11:44:47,17,203,34.9,45,310,49,5,Safe,0
2026-05-14 11:44:47,15,213,35.1,46,296,49,7,Safe,0
2026-05-14 11:44:48,17,198,35.1,46,306,49,4,Safe,0
2026-05-14 11:44:48,15,191,35.0,46,304,50,4,Safe,0
2026-05-14 11:44:49,15,202,35.2,47,299,49,6,Safe,0
2026-05-14 11:44:49,17,187,35.0,43,298,49,5,Safe,0
2026-05-14 11:44:50,17,191,34.8,47,298,49,6,Safe,0
2026-05-14 11:44:50,17,198,35.0,45,305,50,3,Safe,0
2026-05-14 11:44:51,17,214,35.1,45,308,50,7,Safe,0
2026-05-14 11:44:51,16,182,35.0,46,295,50,5,Safe,0
2026-05-14 11:44:52,15,210,35.0,44,291,50,4,Safe,0
2026-05-14 11:44:52,15,216,35.2,46,309,49,3,Safe,0
2026-05-14 11:44:53,16,197,34.9,44,301,49,4,Safe,0
2026-05-14 11:44:53,17,190,35.0,43,298,49,3,Safe,0
2026-05-14 11:44:54,15,186,35.2,44,293,51,7,Safe,0
2026-05-14 11:44:54,15,218,35.1,44,303,50,3,Safe,0
2026-05-14 11:44:55,17,203,34.9,46,305,49,4,Safe,0
2026-05-14 11:44:55,16,200,34.8,43,305,51,5,Safe,0
2026-05-14 11:44:56,15,183,34.9,47,305,50,5,Safe,0
2026-05-14 11:44:56,17,194,34.9,43,298,50,5,Safe,0
2026-05-14 11:44:57,15,207,35.2,45,299,49,7,Safe,0
2026-05-14 11:44:57,17,184,34.8,43,295,50,3,Safe,0
2026-05-14 11:44:58,15,206,35.1,45,310,50,7,Safe,0
2026-05-14 11:44:58,16,200,35.2,46,294,50,7,Safe,0
2026-05-14 11:44:59,17,211,34.9,44,304,51,7,Safe,0
2026-05-14 11:44:59,17,204,35.2,46,306,51,7,Safe,0
2026-05-14 11:45:00,15,199,34.8,46,306,51,5,Safe,0
2026-05-14 11:45:00,15,220,35.1,46,295,51,3,Safe,0
2026-05-14 11:45:01,16,217,35.2,46,303,51,6,Safe,0
2026-05-14 11:45:01,15,182,35.2,43,307,49,4,Safe,0
2026-05-14 11:45:02,16,198,35.1,45,294,51,6,Safe,0
2026-05-14 11:45:02,16,186,35.1,47,304,50,3,Safe,0
2026-05-14 11:45:03,15,200,34.8,43,290,49,4,Safe,0
2026-05-14 11:45:03,17,189,34.8,44,302,51,7,Safe,0
2026-05-14 11:45:04,17,198,35.2,43,305,51,4,Safe,0
2026-05-14 11:45:04,16,195,35.1,43,300,50,3,Safe,0
2026-05-14 11:45:05,17,193,34.8,45,296,49,5,Safe,0
2026-05-14 11:45:05,16,199,34.8,45,298,51,7,Safe,0
2026-05-14 11:45:06,16,215,34.9,44,303,49,7,Safe,0
2026-05-14 11:45:06,17,219,35.0,45,301,50,7,Safe,0
2026-05-14 11:45:07,15,209,35.0,45,295,50,5,Safe,0
2026-05-14 11:45:07,15,205,35.1,43,295,49,7,Safe,0
2026-05-14 11:45:08,16,181,34.9,43,306,50,4,Safe,0
2026-05-14 11:45:08,15,187,35.0,46,302,49,3,Safe,0
2026-05-14 11:45:09,17,202,34.9,46,298,50,5,Safe,0
2026-05-14 11:45:09,15,216,35.2,45,303,50,4,Safe,0
2026-05-14 11:45:10,3,708,33.6,14,87,25,40,Critical,110
2026-05-14 11:45:10,3,697,33.5,16,79,26,42,Critical,110
2026-05-14 11:45:11,5,687,33.5,14,79,24,41,Critical,110
2026-05-14 11:45:11,3,716,33.4,14,85,24,38,Critical,110
2026-05-14 11:45:12,5,682,33.3,16,82,24,41,Critical,110
2026-05-14 11:45:12,5,703,33.6,16,85,24,41,Critical,110
2026-05-14 11:45:13,5,709,33.3,13,90,24,38,Critical,110
2026-05-14 11:45:14,3,687,33.4,16,70,26,41,Critical,110
2026-05-14 11:45:14,3,701,33.6,15,73,26,42,Critical,110
2026-05-14 11:45:15,3,683,33.6,13,87,24,39,Critical,110
2026-05-14 11:45:15,4,717,33.7,16,88,26,39,Critical,110
2026-05-14 11:45:16,3,704,33.4,14,88,24,39,Critical,110
2026-05-14 11:45:16,4,704,33.7,13,89,24,39,Critical,110
2026-05-14 11:45:17,5,680,33.6,13,79,25,40,Critical,110
2026-05-14 11:45:17,4,703,33.3,17,90,25,40,Critical,110
2026-05-14 11:45:18,3,715,33.6,16,89,25,41,Critical,110
2026-05-14 11:45:18,3,687,33.7,15,79,25,40,Critical,110
2026-05-14 11:45:19,5,718,33.6,15,85,24,39,Critical,110
2026-05-14 11:45:19,4,720,33.5,14,80,24,39,Critical,110
2026-05-14 11:45:20,5,697,33.6,13,90,26,38,Critical,110
2026-05-14 11:45:20,5,712,33.3,15,90,26,38,Critical,110
2026-05-14 11:45:21,3,708,33.6,17,82,25,40,Critical,110
2026-05-14 11:45:21,3,694,33.4,16,79,25,39,Critical,110
2026-05-14 11:45:22,3,696,33.3,15,79,25,38,Critical,110
2026-05-14 11:45:22,5,703,33.4,15,86,25,39,Critical,110
2026-05-14 11:45:23,5,701,33.6,14,75,25,38,Critical,110
2026-05-14 11:45:23,4,689,33.4,17,73,24,41,Critical,110
2026-05-14 11:45:24,5,714,33.3,16,78,25,41,Critical,110
2026-05-14 11:45:24,5,710,33.5,14,79,24,40,Critical,110
2026-05-14 11:45:25,3,710,33.3,17,84,26,40,Critical,110
2026-05-14 11:45:25,5,684,33.7,14,87,26,39,Critical,110
2026-05-14 11:45:26,5,701,33.5,16,89,24,40,Critical,110
2026-05-14 11:45:26,3,697,33.6,16,74,25,42,Critical,110
2026-05-14 11:45:27,4,694,33.5,16,73,24,42,Critical,110
2026-05-14 11:45:27,3,717,33.4,13,86,24,41,Critical,110
2026-05-14 11:45:28,3,685,33.4,14,78,25,39,Critical,110
2026-05-14 11:45:28,3,707,33.4,16,73,26,41,Critical,110
2026-05-14 11:45:29,4,696,33.3,15,90,26,39,Critical,110
2026-05-14 11:45:29,3,685,33.4,15,82,26,38,Critical,110
2026-05-14 11:45:30,5,720,33.5,14,90,24,38,Critical,110
2026-05-14 11:45:30,3,687,33.5,13,79,24,41,Critical,110
2026-05-14 11:45:31,3,706,33.6,13,89,24,41,Critical,110
2026-05-14 11:45:31,3,687,33.7,16,84,25,38,Critical,110
2026-05-14 11:45:32,5,703,33.7,17,75,26,39,Critical,110
2026-05-14 11:45:32,4,686,33.7,14,78,26,38,Critical,110
2026-05-14 11:45:33,4,687,33.4,13,87,26,39,Critical,110
2026-05-14 11:45:33,4,707,33.6,16,84,26,40,Critical,110
2026-05-14 11:45:34,5,683,33.6,15,75,24,38,Critical,110
2026-05-14 11:45:34,3,698,33.7,14,85,24,39,Critical,110
2026-05-14 11:45:35,4,718,33.5,16,78,24,40,Critical,110
2026-05-14 11:45:35,4,681,33.6,13,84,26,39,Critical,110
2026-05-14 11:45:36,4,702,33.5,13,72,24,41,Critical,110
2026-05-14 11:45:36,16,205,35.1,44,298,51,3,Safe,0
2026-05-14 11:45:37,15,186,35.2,43,304,51,5,Safe,0
2026-05-14 11:45:37,16,199,34.9,46,307,50,6,Safe,0
2026-05-14 11:45:38,16,194,35.0,44,294,49,7,Safe,0
2026-05-14 11:45:39,16,212,35.1,47,305,49,3,Safe,0
2026-05-14 11:45:39,15,188,35.0,43,293,49,5,Safe,0
2026-05-14 11:45:40,15,181,34.8,46,290,50,4,Safe,0
2026-05-14 11:45:40,15,199,35.1,44,291,49,5,Safe,0
2026-05-14 11:45:41,15,208,35.1,46,309,50,7,Safe,0
2026-05-14 11:45:41,17,215,35.1,44,298,51,6,Safe,0
2026-05-14 11:45:42,15,203,35.0,46,293,49,5,Safe,0
2026-05-14 11:45:42,17,219,34.9,45,291,49,5,Safe,0
2026-05-14 11:45:43,17,197,34.9,46,293,51,5,Safe,0
2026-05-14 11:45:43,16,213,34.9,44,294,49,4,Safe,0
2026-05-14 11:45:44,16,195,35.1,44,306,50,7,Safe,0
2026-05-14 11:45:44,15,190,35.0,46,308,50,3,Safe,0
2026-05-14 11:45:45,16,216,35.0,45,298,51,7,Safe,0
2026-05-14 11:45:45,16,218,34.9,47,304,50,4,Safe,0
2026-05-14 11:45:46,15,201,35.2,44,295,50,6,Safe,0
2026-05-14 11:45:46,17,202,35.1,45,305,50,5,Safe,0
2026-05-14 11:45:47,15,217,35.1,45,304,50,7,Safe,0
2026-05-14 11:45:47,17,210,34.9,47,297,51,3,Safe,0
2026-05-14 11:45:48,16,216,35.0,46,290,49,5,Safe,0
2026-05-14 11:45:48,15,203,35.1,43,301,49,3,Safe,0
2026-05-14 11:45:49,17,217,34.8,44,296,50,7,Safe,0
2026-05-14 11:45:49,16,219,35.0,43,299,50,5,Safe,0
2026-05-14 11:45:50,15,214,35.0,46,310,50,6,Safe,0
2026-05-14 11:45:50,17,200,35.1,46,303,50,3,Safe,0
2026-05-14 11:45:51,16,185,35.0,47,290,50,5,Safe,0
2026-05-14 11:45:51,16,190,34.9,47,290,51,4,Safe,0
2026-05-14 11:45:52,17,211,35.2,47,299,49,7,Safe,0
2026-05-14 11:45:52,16,186,34.9,45,301,49,4,Safe,0
2026-05-14 11:45:53,16,190,35.0,46,302,49,7,Safe,0
2026-05-14 11:45:53,15,186,35.0,43,290,49,5,Safe,0
2026-05-14 11:45:54,15,210,35.0,44,290,50,6,Safe,0
2026-05-14 11:45:54,16,184,35.0,47,299,50,6,Safe,0
2026-05-14 11:45:55,15,189,35.0,46,306,50,6,Safe,0
2026-05-14 11:45:55,17,194,34.9,47,298,50,5,Safe,0
2026-05-14 11:45:56,17,220,35.1,47,304,51,7,Safe,0
2026-05-14 11:45:56,16,208,35.1,47,310,50,6,Safe,0
2026-05-14 11:45:57,15,183,34.8,43,306,49,5,Safe,0
2026-05-14 11:45:58,16,209,35.0,47,307,49,3,Safe,0
2026-05-14 11:45:58,15,184,35.1,43,296,50,4,Safe,0
2026-05-14 11:45:59,17,208,35.1,47,293,51,4,Safe,0
2026-05-14 11:45:59,17,191,34.8,46,299,49,6,Safe,0
2026-05-14 11:46:00,17,207,35.0,44,308,49,3,Safe,0
2026-05-14 11:46:00,16,204,34.9,45,296,51,6,Safe,0
2026-05-14 11:46:01,17,213,35.1,45,306,49,6,Safe,0
2026-05-14 11:46:01,15,185,35.2,46,305,49,6,Safe,0
2026-05-14 11:46:02,16,212,35.0,43,300,51,3,Safe,0
2026-05-14 11:46:02,16,181,35.0,47,296,49,6,Safe,0
2026-05-14 11:46:03,17,191,34.8,43,294,51,7,Safe,0
2026-05-14 11:46:03,17,193,34.9,43,301,50,4,Safe,0
2026-05-14 11:46:04,16,215,35.1,47,307,50,6,Safe,0
2026-05-14 11:46:04,17,186,34.9,43,291,49,4,Safe,0
2026-05-14 11:46:05,16,211,34.8,43,295,49,3,Safe,0
2026-05-14 11:46:05,15,210,35.0,42,300,51,6,Safe,0
2026-05-14 11:46:06,15,239,34.9,41,306,50,6,Safe,0
2026-05-14 11:46:06,16,248,34.6,43,293,50,9,Safe,0
2026-05-14 11:46:07,15,257,34.7,43,302,50,11,Safe,0
2026-05-14 11:46:07,15,250,34.6,42,302,50,8,Safe,0
2026-05-14 11:46:08,14,273,34.6,39,305,49,9,Safe,0
2026-05-14 11:46:08,14,255,34.4,40,290,51,14,Safe,0
2026-05-14 11:46:09,13,299,34.300000000000004,38,290,50,11,Safe,0
2026-05-14 11:46:09,13,278,34.2,35,309,50,16,Safe,0
2026-05-14 11:46:10,12,281,34.1,36,310,49,16,Safe,0
2026-05-14 11:46:10,11,310,33.9,35,308,49,17,Safe,15
2026-05-14 11:46:11,11,306,33.699999999999996,35,292,50,18,Safe,15
2026-05-14 11:46:11,11,344,33.6,31,291,50,19,Safe,15
2026-05-14 11:46:12,10,331,33.7,29,298,51,20,Safe,25
2026-05-14 11:46:12,10,366,33.5,28,303,49,20,Safe,25
2026-05-14 11:46:13,9,372,33.5,28,295,49,21,Moderate,45
2026-05-14 11:46:13,7,383,33.3,30,301,50,24,Moderate,35
2026-05-14 11:46:14,7,390,33.0,26,304,49,23,Moderate,45
2026-05-14 11:46:14,6,399,33.1,24,299,50,24,Moderate,45
2026-05-14 11:46:15,6,381,32.8,27,290,50,26,Moderate,45
2026-05-14 11:46:15,6,420,33.2,22,310,50,28,Moderate,45
2026-05-14 11:46:16,4,406,33.0,23,300,49,25,Critical,65
2026-05-14 11:46:16,6,419,33.1,23,293,49,26,Moderate,45
2026-05-14 11:46:17,3,422,32.9,20,295,49,28,Critical,65
2026-05-14 11:46:17,4,462,33.2,22,292,51,28,Critical,65
2026-05-14 11:46:18,5,448,33.1,17,299,50,33,Critical,80
2026-05-14 11:46:18,3,468,33.1,19,303,51,33,Critical,80
2026-05-14 11:46:19,4,495,33.2,17,309,49,33,Critical,80
2026-05-14 11:46:19,4,484,33.1,15,298,51,32,Critical,80
2026-05-14 11:46:20,4,483,32.8,17,307,50,34,Critical,80
2026-05-14 11:46:20,5,490,33.0,16,291,50,37,Critical,90
2026-05-14 11:46:21,5,519,33.0,16,299,51,37,Critical,90
2026-05-14 11:46:21,3,529,32.8,15,308,49,39,Critical,90
2026-05-14 11:46:22,5,521,33.0,16,296,50,38,Critical,90
2026-05-14 11:46:22,4,543,33.0,15,294,50,38,Critical,90
2026-05-14 11:46:23,5,548,32.8,13,297,50,38,Critical,90
2026-05-14 11:46:23,4,580,32.8,13,299,50,40,Critical,90
2026-05-14 11:46:24,3,573,33.1,17,301,51,40,Critical,90
2026-05-14 11:46:24,5,594,33.1,14,300,51,40,Critical,90
2026-05-14 11:46:25,4,612,33.0,17,294,51,42,Critical,90
2026-05-14 11:46:25,4,612,32.9,17,300,49,38,Critical,90
2026-05-14 11:46:26,3,628,33.0,16,308,50,42,Critical,90
2026-05-14 11:46:26,3,644,32.8,16,294,49,40,Critical,90
2026-05-14 11:46:27,4,630,33.2,15,307,51,40,Critical,90
2026-05-14 11:46:27,5,631,32.9,14,299,49,40,Critical,90
2026-05-14 11:46:28,5,647,32.9,17,297,50,38,Critical,90
2026-05-14 11:46:28,4,688,33.0,17,305,49,42,Critical,90
2026-05-14 11:46:29,5,698,33.1,16,291,50,42,Critical,90
2026-05-14 11:46:29,5,687,33.0,15,290,49,39,Critical,90
2026-05-14 11:46:30,5,713,32.9,15,302,51,41,Critical,90
2026-05-14 11:46:30,5,707,32.9,13,301,50,38,Critical,90
2026-05-14 11:46:31,3,740,33.0,16,307,49,40,Critical,90
2026-05-14 11:46:32,3,745,33.2,17,300,49,42,Critical,90
2026-05-14 11:46:32,4,737,32.8,13,304,49,42,Critical,90
2026-05-14 11:46:33,5,745,33.1,15,302,51,38,Critical,90
2026-05-14 11:46:33,4,754,33.0,15,295,49,42,Critical,90
2026-05-14 11:46:34,4,757,32.8,13,300,50,38,Critical,90
2026-05-14 11:46:34,5,787,33.0,16,303,51,41,Critical,90
2026-05-14 11:46:35,5,800,33.1,14,290,49,38,Critical,90
2026-05-14 11:46:35,3,802,33.1,14,299,51,40,Critical,90
2026-05-14 11:46:36,4,786,33.2,13,305,50,42,Critical,90
2026-05-14 11:46:36,3,802,33.1,13,293,49,39,Critical,90
2026-05-14 11:46:37,4,801,33.1,15,299,50,39,Critical,90
2026-05-14 11:46:37,4,811,32.9,16,296,51,42,Critical,90
2026-05-14 11:46:38,3,795,32.9,17,290,50,39,Critical,90
2026-05-14 11:46:38,3,816,33.1,16,305,50,40,Critical,90
2026-05-14 11:46:39,4,803,33.1,16,308,51,42,Critical,90
2026-05-14 11:46:39,5,788,33.1,13,309,51,38,Critical,90
2026-05-14 11:46:40,4,807,32.9,15,298,50,38,Critical,90
2026-05-14 11:46:40,4,781,33.0,14,290,51,39,Critical,90
2026-05-14 11:46:41,3,814,33.1,17,308,49,41,Critical,90
2026-05-14 11:46:41,4,796,32.8,14,305,51,40,Critical,90
2026-05-14 11:46:42,4,783,32.9,17,295,50,41,Critical,90
2026-05-14 11:46:42,3,793,33.0,14,299,50,40,Critical,90
2026-05-14 11:46:43,4,791,33.1,17,309,50,41,Critical,90
2026-05-14 11:46:43,3,805,32.9,17,297,51,39,Critical,90
2026-05-14 11:46:44,4,798,32.9,16,310,50,42,Critical,90
2026-05-14 11:46:44,3,817,32.9,16,303,49,38,Critical,90
2026-05-14 11:46:45,5,813,33.0,13,298,51,42,Critical,90
2026-05-14 11:46:45,3,783,32.8,14,292,49,42,Critical,90
2026-05-14 11:46:46,3,801,33.0,15,291,50,42,Critical,90
2026-05-14 11:46:46,5,818,33.0,17,302,51,38,Critical,90
2026-05-14 11:46:47,5,801,33.2,17,299,50,41,Critical,90
2026-05-14 11:46:47,3,800,33.0,14,301,49,39,Critical,90
2026-05-14 11:46:48,3,790,33.1,16,302,50,39,Critical,90
2026-05-14 11:46:48,4,794,33.1,15,305,49,41,Critical,90
2026-05-14 11:46:49,3,780,33.2,14,305,49,42,Critical,90
2026-05-14 11:46:49,5,818,33.0,15,292,49,40,Critical,90
2026-05-14 11:46:50,4,798,33.1,16,295,51,38,Critical,90
2026-05-14 11:46:50,5,817,32.8,17,301,51,39,Critical,90
2026-05-14 11:46:51,5,793,32.9,13,306,49,38,Critical,90
2026-05-14 11:46:51,3,790,33.1,13,310,51,39,Critical,90
2026-05-14 11:46:52,4,811,33.0,13,290,51,42,Critical,90
2026-05-14 11:46:52,3,815,33.0,15,305,49,41,Critical,90
2026-05-14 11:46:53,5,820,33.2,16,296,51,39,Critical,90
2026-05-14 11:46:53,4,805,33.0,15,304,49,39,Critical,90
2026-05-14 11:46:54,5,801,33.2,16,298,50,38,Critical,90
2026-05-14 11:46:54,3,816,33.0,17,300,51,38,Critical,90
2026-05-14 11:46:55,4,810,32.9,14,299,50,39,Critical,90
2026-05-14 11:46:55,3,809,33.0,13,300,49,38,Critical,90
2026-05-14 11:46:56,4,801,32.9,16,308,50,40,Critical,90
2026-05-14 11:46:56,5,797,32.8,13,302,51,42,Critical,90
2026-05-14 11:46:57,4,815,32.9,17,308,51,40,Critical,90
2026-05-14 11:46:57,4,815,32.8,15,294,51,40,Critical,90
2026-05-14 11:46:58,4,791,33.0,16,302,50,39,Critical,90
2026-05-14 11:46:58,4,794,33.0,17,294,50,42,Critical,90
2026-05-14 11:46:59,4,781,33.2,14,304,50,42,Critical,90
2026-05-14 11:46:59,3,801,33.1,16,292,51,38,Critical,90
2026-05-14 11:47:00,3,800,32.9,16,299,51,40,Critical,90
2026-05-14 11:47:01,4,789,33.0,16,303,50,42,Critical,90
2026-05-14 11:47:01,3,791,33.2,13,310,50,42,Critical,90
2026-05-14 11:47:02,5,816,33.0,16,299,51,38,Critical,90
2026-05-14 11:47:02,5,781,33.1,16,290,49,38,Critical,90
2026-05-14 11:47:03,5,802,33.1,16,304,51,41,Critical,90
2026-05-14 11:47:03,4,781,32.9,15,301,51,39,Critical,90
2026-05-14 11:47:04,4,807,33.2,14,294,49,42,Critical,90
2026-05-14 11:47:04,3,792,33.0,15,301,50,39,Critical,90
2026-05-14 11:47:05,3,780,33.2,15,301,51,39,Critical,90
2026-05-14 11:47:05,5,805,32.9,14,296,49,40,Critical,90
2026-05-14 11:47:06,4,805,32.8,17,305,51,38,Critical,90
2026-05-14 11:47:06,3,813,33.2,16,310,51,41,Critical,90
2026-05-14 11:47:07,4,813,32.9,13,310,50,40,Critical,90
2026-05-14 11:47:07,5,812,33.1,15,306,49,40,Critical,90
2026-05-14 11:47:08,5,781,32.9,14,303,51,41,Critical,90
2026-05-14 11:47:08,3,812,32.8,17,290,50,41,Critical,90
2026-05-14 11:47:09,4,797,32.8,17,299,51,41,Critical,90
2026-05-14 11:47:09,5,809,33.0,16,290,51,39,Critical,90
2026-05-14 11:47:10,5,804,33.0,13,305,49,38,Critical,90
2026-05-14 11:47:10,4,808,33.2,15,292,49,41,Critical,90
2026-05-14 11:47:11,4,802,32.9,14,298,51,39,Critical,90
2026-05-14 11:47:11,4,796,32.9,13,303,51,40,Critical,90
2026-05-14 11:47:12,4,813,33.1,14,301,49,39,Critical,90
2026-05-14 11:47:12,3,783,32.8,16,306,50,38,Critical,90
2026-05-14 11:47:13,5,797,33.1,16,306,49,41,Critical,90
2026-05-14 11:47:13,3,806,33.1,17,302,51,42,Critical,90
2026-05-14 11:47:14,5,805,32.9,14,310,51,38,Critical,90
2026-05-14 11:47:14,4,814,33.2,17,297,51,38,Critical,90
2026-05-14 11:47:15,5,818,32.8,17,301,50,39,Critical,90
2026-05-14 11:47:15,3,820,32.8,14,306,49,42,Critical,90
2026-05-14 11:47:16,4,801,32.9,15,298,51,42,Critical,90
2026-05-14 11:47:16,3,785,33.1,14,308,50,38,Critical,90
2026-05-14 11:47:17,4,799,33.1,14,303,49,41,Critical,90
2026-05-14 11:47:17,4,800,33.1,16,298,51,40,Critical,90
2026-05-14 11:47:18,5,805,33.0,15,303,51,38,Critical,90
2026-05-14 11:47:18,4,806,32.9,13,301,49,42,Critical,90
2026-05-14 11:47:19,5,808,32.8,15,294,51,38,Critical,90
2026-05-14 11:47:19,4,798,33.1,13,300,49,40,Critical,90
2026-05-14 11:47:20,3,780,32.9,13,305,50,42,Critical,90
2026-05-14 11:47:20,3,798,33.2,13,295,51,40,Critical,90
2026-05-14 11:47:21,3,791,33.0,14,307,51,40,Critical,90
2026-05-14 11:47:21,5,800,33.0,17,295,49,39,Critical,90
2026-05-14 11:47:22,4,816,33.0,17,290,49,41,Critical,90
2026-05-14 11:47:22,5,791,33.0,14,307,49,39,Critical,90
2026-05-14 11:47:23,5,790,33.1,16,291,51,42,Critical,90
2026-05-14 11:47:24,5,782,32.9,14,290,50,38,Critical,90
2026-05-14 11:47:24,4,811,33.1,15,300,50,42,Critical,90
2026-05-14 11:47:25,5,795,33.2,14,304,49,42,Critical,90
2026-05-14 11:47:25,5,813,33.1,17,290,50,42,Critical,90
2026-05-14 11:47:26,4,780,33.1,17,310,51,41,Critical,90
2026-05-14 11:47:26,4,802,33.1,15,301,49,38,Critical,90
2026-05-14 11:47:27,5,814,32.9,14,296,49,39,Critical,90
2026-05-14 11:47:27,3,799,32.9,15,302,51,42,Critical,90
2026-05-14 11:47:28,5,797,33.1,13,303,49,38,Critical,90
2026-05-14 11:47:28,4,819,32.9,14,302,49,38,Critical,90
2026-05-14 11:47:29,5,795,32.9,14,301,50,39,Critical,90
2026-05-14 11:47:29,5,806,32.9,16,290,49,42,Critical,90
2026-05-14 11:47:30,4,805,33.1,16,309,51,40,Critical,90
2026-05-14 11:47:30,5,792,32.8,14,291,51,39,Critical,90
2026-05-14 11:47:31,5,801,32.9,13,295,49,39,Critical,90
2026-05-14 11:47:31,5,816,33.0,13,310,51,40,Critical,90
2026-05-14 11:47:32,3,782,33.0,16,293,49,38,Critical,90
2026-05-14 11:47:32,3,797,33.0,16,295,50,40,Critical,90
2026-05-14 11:47:33,4,793,32.8,15,301,51,41,Critical,90
2026-05-14 11:47:33,4,814,33.0,15,291,49,41,Critical,90
2026-05-14 11:47:34,4,800,33.1,15,296,51,41,Critical,90
2026-05-14 11:47:34,5,801,33.1,13,295,50,40,Critical,90
2026-05-14 11:47:35,5,808,33.0,14,293,51,41,Critical,90
2026-05-14 11:47:35,4,807,33.1,17,301,49,38,Critical,90
2026-05-14 11:47:36,4,820,33.0,15,303,50,40,Critical,90
2026-05-14 11:47:36,3,800,33.1,14,292,50,38,Critical,90
2026-05-14 11:47:37,5,786,32.9,17,295,51,42,Critical,90
2026-05-14 11:47:37,5,782,33.0,14,304,51,41,Critical,90
2026-05-14 11:47:38,5,816,33.0,17,292,49,42,Critical,90
2026-05-14 11:47:38,5,803,33.0,16,290,50,42,Critical,90
2026-05-14 11:47:39,3,813,32.9,15,294,49,40,Critical,90
2026-05-14 11:47:39,4,816,32.8,17,297,49,39,Critical,90
2026-05-14 11:47:40,4,819,32.9,17,310,49,42,Critical,90
2026-05-14 11:47:40,4,816,33.2,17,307,51,41,Critical,90
2026-05-14 11:47:41,4,818,33.1,16,296,50,38,Critical,90
2026-05-14 11:47:41,5,787,33.1,17,304,51,42,Critical,90
2026-05-14 11:47:42,3,783,33.2,16,310,49,39,Critical,90
2026-05-14 11:47:42,5,817,32.8,17,292,51,42,Critical,90
2026-05-14 11:47:43,4,814,33.0,17,303,49,41,Critical,90
2026-05-14 11:47:43,3,791,33.2,16,301,49,42,Critical,90
2026-05-14 11:47:44,5,800,33.1,16,309,51,39,Critical,90
2026-05-14 11:47:44,5,813,33.1,13,290,49,42,Critical,90
2026-05-14 11:47:45,4,815,33.0,16,295,49,40,Critical,90
2026-05-14 11:47:46,3,802,33.1,15,310,51,40,Critical,90
2026-05-14 11:47:46,3,803,32.9,14,300,51,39,Critical,90
2026-05-14 11:47:47,5,798,33.0,15,308,51,42,Critical,90
2026-05-14 11:47:47,4,785,33.1,13,294,50,38,Critical,90
2026-05-14 11:47:48,5,815,32.9,15,291,51,38,Critical,90
2026-05-14 11:47:48,4,797,32.8,14,298,51,40,Critical,90
2026-05-14 11:47:49,3,794,32.9,14,302,50,40,Critical,90
2026-05-14 11:47:49,5,798,32.8,14,297,49,42,Critical,90
2026-05-14 11:47:50,5,807,32.9,17,293,51,38,Critical,90
2026-05-14 11:47:50,5,804,33.0,16,310,50,41,Critical,90
2026-05-14 11:47:51,4,782,32.9,17,293,50,39,Critical,90
2026-05-14 11:47:51,4,793,33.0,14,293,51,39,Critical,90
2026-05-14 11:47:52,5,795,32.9,14,300,50,40,Critical,90
2026-05-14 11:47:52,3,789,33.2,15,306,50,41,Critical,90
2026-05-14 11:47:53,4,780,33.2,16,301,50,41,Critical,90
2026-05-14 11:47:53,5,788,33.0,15,294,49,38,Critical,90
2026-05-14 11:47:54,5,813,33.1,13,309,49,42,Critical,90
2026-05-14 11:47:54,4,804,32.9,13,304,50,38,Critical,90
2026-05-14 11:47:55,5,795,33.2,16,300,50,38,Critical,90
2026-05-14 11:47:55,4,813,33.0,13,298,51,38,Critical,90
2026-05-14 11:47:56,5,788,32.8,17,305,50,42,Critical,90
2026-05-14 11:47:56,5,781,32.9,14,292,51,41,Critical,90
2026-05-14 11:47:57,5,817,33.0,17,290,49,39,Critical,90
2026-05-14 11:47:57,4,813,33.1,14,301,50,41,Critical,90
2026-05-14 11:47:58,3,787,32.8,14,295,51,41,Critical,90
2026-05-14 11:47:58,5,795,32.9,17,292,50,41,Critical,90
2026-05-14 11:47:59,4,796,33.2,13,308,49,38,Critical,90
2026-05-14 11:47:59,5,792,32.9,15,300,50,39,Critical,90
2026-05-14 11:48:00,3,792,33.2,17,298,51,39,Critical,90
2026-05-14 11:48:00,5,812,33.1,17,302,50,38,Critical,90
2026-05-14 11:48:01,3,799,32.9,13,298,51,40,Critical,90
2026-05-14 11:48:01,5,797,32.8,16,303,49,41,Critical,90
2026-05-14 11:48:02,3,810,33.1,16,294,49,38,Critical,90
2026-05-14 11:48:02,4,799,32.9,16,303,51,41,Critical,90
2026-05-14 11:48:03,3,785,33.1,17,304,51,41,Critical,90
2026-05-14 11:48:03,3,807,32.9,13,298,51,39,Critical,90
2026-05-14 11:48:04,5,796,33.2,13,303,50,42,Critical,90
2026-05-14 11:48:04,3,800,32.8,17,291,51,39,Critical,90
2026-05-14 11:48:05,4,785,32.9,15,310,49,38,Critical,90
2026-05-14 11:48:05,4,789,32.8,16,297,49,39,Critical,90
2026-05-14 11:48:06,3,817,32.8,17,306,51,42,Critical,90
2026-05-14 11:48:06,3,803,32.9,17,298,50,42,Critical,90
2026-05-14 11:48:07,3,798,33.2,13,293,51,38,Critical,90
2026-05-14 11:48:07,4,790,33.0,16,294,49,41,Critical,90
2026-05-14 11:48:08,3,791,33.0,14,309,50,41,Critical,90
2026-05-14 11:48:08,4,811,33.0,16,304,51,42,Critical,90
2026-05-14 11:48:09,4,800,33.1,13,306,50,38,Critical,90
2026-05-14 11:48:09,4,813,33.0,17,293,49,39,Critical,90
2026-05-14 11:48:10,3,814,32.9,16,294,51,42,Critical,90
2026-05-14 11:48:10,4,808,33.1,15,306,50,38,Critical,90
2026-05-14 11:48:11,3,805,33.0,17,309,49,39,Critical,90
2026-05-14 11:48:11,4,807,33.0,14,299,51,42,Critical,90
2026-05-14 11:48:12,5,783,33.1,13,305,50,38,Critical,90
2026-05-14 11:48:13,3,790,32.8,14,294,50,42,Critical,90
2026-05-14 11:48:13,5,810,32.8,17,307,49,42,Critical,90
2026-05-14 11:48:14,5,794,32.9,14,309,50,41,Critical,90
2026-05-14 11:48:14,5,792,32.8,13,309,50,39,Critical,90
2026-05-14 11:48:15,3,816,33.0,14,292,50,39,Critical,90
2026-05-14 11:48:15,4,786,32.9,14,290,50,39,Critical,90
2026-05-14 11:48:16,4,808,33.1,17,305,50,38,Critical,90
2026-05-14 11:48:16,3,815,33.2,17,293,49,39,Critical,90
2026-05-14 11:48:17,5,803,33.1,14,296,51,40,Critical,90
2026-05-14 11:48:17,3,809,32.8,15,305,49,40,Critical,90
2026-05-14 11:48:18,5,792,33.0,13,298,50,38,Critical,90
2026-05-14 11:48:18,4,802,33.0,15,301,50,40,Critical,90
2026-05-14 11:48:19,5,784,33.2,15,308,49,39,Critical,90
2026-05-14 11:48:19,5,791,33.1,14,309,51,42,Critical,90
2026-05-14 11:48:20,4,818,33.1,15,299,49,39,Critical,90
2026-05-14 11:48:20,4,787,33.0,15,305,51,42,Critical,90
2026-05-14 11:48:21,3,801,33.0,17,310,51,39,Critical,90
2026-05-14 11:48:21,4,820,33.1,16,303,49,40,Critical,90
2026-05-14 11:48:22,5,813,33.0,16,310,49,38,Critical,90
2026-05-14 11:48:22,4,802,33.0,15,299,50,40,Critical,90
2026-05-14 11:48:23,4,785,32.9,17,308,49,39,Critical,90
2026-05-14 11:48:23,4,783,33.1,17,295,50,42,Critical,90
2026-05-14 11:48:24,5,798,32.8,13,294,50,39,Critical,90
2026-05-14 11:48:24,5,794,33.1,17,301,51,38,Critical,90
2026-05-14 11:48:25,4,785,33.1,13,307,50,42,Critical,90
2026-05-14 11:48:25,4,795,33.1,14,306,51,42,Critical,90
2026-05-14 11:48:26,5,798,32.9,15,305,50,40,Critical,90
2026-05-14 11:48:26,5,819,32.9,17,296,51,42,Critical,90
2026-05-14 11:48:27,4,788,33.2,17,295,50,40,Critical,90
2026-05-14 11:48:27,3,807,33.0,17,301,51,41,Critical,90
2026-05-14 11:48:28,4,803,33.1,14,307,50,41,Critical,90
2026-05-14 11:48:28,5,798,33.0,13,303,50,38,Critical,90
2026-05-14 11:48:29,3,815,33.0,15,304,49,40,Critical,90
2026-05-14 11:48:29,4,798,32.8,16,292,49,39,Critical,90
2026-05-14 11:48:30,4,805,33.1,14,301,50,40,Critical,90
2026-05-14 11:48:30,4,787,33.1,14,306,49,39,Critical,90
2026-05-14 11:48:31,4,809,32.9,16,291,49,39,Critical,90
2026-05-14 11:48:31,3,792,33.1,15,307,51,38,Critical,90
2026-05-14 11:48:32,3,811,33.1,13,299,49,42,Critical,90
2026-05-14 11:48:32,3,804,32.9,16,300,51,42,Critical,90
2026-05-14 11:48:33,5,782,33.0,17,294,50,42,Critical,90
2026-05-14 11:48:33,3,807,32.9,14,290,50,38,Critical,90
2026-05-14 11:48:34,3,801,33.0,15,292,50,39,Critical,90
2026-05-14 11:48:34,3,790,33.0,17,297,49,38,Critical,90
2026-05-14 11:48:35,5,800,32.9,15,303,50,40,Critical,90
2026-05-14 11:48:35,3,809,33.0,16,298,49,38,Critical,90
2026-05-14 11:48:36,3,795,32.8,14,306,50,40,Critical,90
2026-05-14 11:48:36,3,817,32.9,17,300,50,40,Critical,90
2026-05-14 11:48:37,3,799,33.2,13,290,50,40,Critical,90
2026-05-14 11:48:37,4,809,32.9,15,308,50,40,Critical,90
2026-05-14 11:48:38,5,803,32.9,15,296,49,38,Critical,90
2026-05-14 11:48:39,4,808,32.9,16,299,50,40,Critical,90
2026-05-14 11:52:46,15,205,35.0,43,299,50,3,Safe,0
2026-05-14 11:52:46,17,198,35.1,45,304,51,7,Safe,0
2026-05-14 11:52:47,15,192,35.2,46,293,51,5,Safe,0
2026-05-14 11:52:47,17,203,34.8,47,302,49,5,Safe,0
2026-05-14 11:52:48,17,207,35.1,44,290,49,6,Safe,0
2026-05-14 11:52:48,16,198,35.2,47,297,51,5,Safe,0
2026-05-14 11:52:49,17,209,35.1,43,302,50,7,Safe,0
2026-05-14 11:52:49,16,219,34.9,47,298,51,6,Safe,0
2026-05-14 11:52:50,15,181,35.2,43,301,51,4,Safe,0
2026-05-14 11:52:50,17,202,35.0,43,304,51,3,Safe,0
2026-05-14 11:52:51,16,211,35.0,44,299,50,4,Safe,0
2026-05-14 11:52:51,15,213,35.1,47,307,49,3,Safe,0
2026-05-14 11:52:52,15,192,34.8,44,297,51,4,Safe,0
2026-05-14 11:52:52,17,191,34.9,44,310,51,6,Safe,0
2026-05-14 11:52:53,17,184,34.8,45,307,50,5,Safe,0
2026-05-14 11:52:53,16,190,35.1,44,296,51,3,Safe,0
2026-05-14 11:52:54,16,200,35.1,46,300,49,4,Safe,0
2026-05-14 11:52:54,16,194,35.2,46,306,49,3,Safe,0
2026-05-14 11:52:55,16,217,35.1,46,305,51,4,Safe,0
2026-05-14 11:52:55,17,208,34.8,47,309,51,7,Safe,0
2026-05-14 11:52:56,15,205,35.2,43,295,49,6,Safe,0
2026-05-14 11:52:57,16,184,35.0,45,294,50,3,Safe,0
2026-05-14 11:52:57,15,192,34.9,45,306,49,3,Safe,0
2026-05-14 11:52:58,15,220,35.2,46,309,49,7,Safe,0
2026-05-14 11:52:58,16,192,34.8,43,299,50,3,Safe,0
2026-05-14 11:52:59,15,205,35.0,43,310,51,6,Safe,0
2026-05-14 11:52:59,17,196,35.1,44,299,49,4,Safe,0
2026-05-14 11:53:00,15,207,35.2,44,292,50,6,Safe,0
2026-05-14 11:53:00,15,204,35.0,46,291,51,5,Safe,0
2026-05-14 11:53:01,15,182,35.0,45,300,51,6,Safe,0
2026-05-14 11:53:01,16,211,34.8,43,291,50,4,Safe,0
2026-05-14 11:53:02,16,183,34.9,46,303,51,3,Safe,0
2026-05-14 11:53:02,15,201,34.9,44,309,49,6,Safe,0
2026-05-14 11:53:03,15,214,34.9,45,305,49,4,Safe,0
2026-05-14 11:53:03,16,191,35.1,47,309,51,6,Safe,0
2026-05-14 11:53:04,17,185,34.9,46,298,51,3,Safe,0
2026-05-14 11:53:04,16,211,34.9,46,310,49,3,Safe,0
2026-05-14 11:53:05,15,216,35.0,46,303,49,5,Safe,0
2026-05-14 11:53:05,15,206,34.9,46,293,51,5,Safe,0
2026-05-14 11:53:06,16,191,34.9,43,297,51,7,Safe,0
2026-05-14 11:53:06,15,202,35.2,46,306,50,5,Safe,0
2026-05-14 11:53:07,15,219,34.9,45,298,49,3,Safe,0
2026-05-14 11:53:07,17,212,35.1,45,294,50,7,Safe,0
2026-05-14 11:53:08,16,182,35.1,43,290,49,4,Safe,0
2026-05-14 11:53:08,16,191,34.9,47,298,51,6,Safe,0
2026-05-14 11:53:09,16,200,35.1,47,298,50,5,Safe,0
2026-05-14 11:53:09,17,205,35.0,43,309,50,4,Safe,0
2026-05-14 11:53:10,17,212,34.9,46,303,50,6,Safe,0
2026-05-14 11:53:10,16,207,35.2,46,299,51,5,Safe,0
2026-05-14 11:53:11,16,214,35.1,43,298,50,4,Safe,0
2026-05-14 11:53:11,17,204,35.1,45,310,50,7,Safe,0
2026-05-14 11:53:12,16,187,34.9,46,309,51,6,Safe,0
2026-05-14 11:53:12,16,181,34.9,45,299,50,4,Safe,0
2026-05-14 11:53:13,16,198,35.0,46,290,51,5,Safe,0
2026-05-14 11:53:13,15,195,35.2,43,296,49,6,Safe,0
2026-05-14 11:53:14,16,183,35.1,44,295,49,6,Safe,0
2026-05-14 11:53:14,15,191,35.0,45,291,50,6,Safe,0
2026-05-14 11:53:15,17,206,34.9,46,304,49,4,Safe,0
2026-05-14 11:53:15,16,218,34.9,44,299,51,3,Safe,0
2026-05-14 11:53:16,15,210,35.1,43,304,49,3,Safe,0
2026-05-14 11:53:16,17,189,34.9,43,297,51,3,Safe,0
2026-05-14 11:53:17,15,206,34.9,46,300,49,7,Safe,0
2026-05-14 11:53:17,16,183,35.0,46,290,51,5,Safe,0
2026-05-14 11:53:18,17,203,35.1,47,307,50,5,Safe,0
2026-05-14 11:53:18,17,207,35.1,46,290,50,5,Safe,0
2026-05-14 11:53:19,17,183,35.1,47,305,49,7,Safe,0
2026-05-14 11:53:19,15,190,35.1,44,291,51,4,Safe,0
2026-05-14 11:53:20,15,214,34.9,45,302,49,7,Safe,0
2026-05-14 11:53:21,15,217,34.8,43,290,50,7,Safe,0
2026-05-14 11:53:21,16,205,35.0,46,291,50,5,Safe,0
2026-05-14 11:53:22,16,218,35.1,45,293,51,5,Safe,0
2026-05-14 11:53:22,16,218,35.1,47,292,49,4,Safe,0
2026-05-14 11:53:23,15,217,34.9,47,302,51,6,Safe,0
2026-05-14 11:53:23,17,219,35.1,44,310,49,5,Safe,0
2026-05-14 11:53:24,16,185,35.1,47,292,51,6,Safe,0
2026-05-14 11:53:24,17,192,34.8,47,303,49,3,Safe,0
2026-05-14 11:53:25,17,190,35.1,43,290,49,4,Safe,0
2026-05-14 11:53:25,17,199,34.9,44,290,51,5,Safe,0
2026-05-14 11:53:26,15,180,35.1,47,294,51,7,Safe,0
2026-05-14 11:53:26,16,194,34.9,47,302,51,4,Safe,0
2026-05-14 11:53:27,17,208,35.0,47,297,51,3,Safe,0
2026-05-14 11:53:27,15,215,34.8,44,303,51,6,Safe,0
2026-05-14 11:53:28,17,196,35.2,45,290,50,5,Safe,0
2026-05-14 11:53:28,17,181,34.8,47,298,51,6,Safe,0
2026-05-14 11:53:29,17,205,34.8,44,291,49,6,Safe,0
2026-05-14 11:53:29,17,186,35.0,44,307,49,6,Safe,0
2026-05-14 11:53:30,16,201,35.2,43,290,51,3,Safe,0
2026-05-14 11:53:30,16,180,35.2,44,293,51,7,Safe,0
2026-05-14 11:53:31,16,183,34.9,46,293,51,7,Safe,0
2026-05-14 11:53:31,17,181,35.1,46,305,49,5,Safe,0
2026-05-14 11:53:32,15,220,34.9,47,307,51,3,Safe,0
2026-05-14 11:53:32,16,219,35.2,43,290,50,6,Safe,0
2026-05-14 11:53:33,17,207,34.9,43,304,49,3,Safe,0
2026-05-14 11:53:33,15,204,35.0,46,293,51,4,Safe,0
2026-05-14 11:53:34,16,196,35.2,45,293,51,3,Safe,0
2026-05-14 11:53:34,17,203,35.2,47,295,51,7,Safe,0
2026-05-14 11:53:35,15,180,35.1,44,298,51,3,Safe,0
2026-05-14 11:53:35,15,188,35.1,44,308,51,6,Safe,0
2026-05-14 11:53:36,17,187,34.9,47,310,49,7,Safe,0
2026-05-14 11:53:36,17,194,35.0,45,301,50,4,Safe,0
2026-05-14 11:53:37,15,201,35.2,43,292,51,3,Safe,0
2026-05-14 11:53:37,16,200,34.9,46,295,50,3,Safe,0
2026-05-14 11:53:38,17,195,35.1,47,304,51,5,Safe,0
2026-05-14 11:53:38,16,208,35.0,44,310,50,7,Safe,0
2026-05-14 11:53:39,15,184,34.9,46,295,49,4,Safe,0
2026-05-14 11:53:39,17,197,35.1,43,290,50,3,Safe,0
2026-05-14 11:53:40,16,216,34.8,43,310,49,5,Safe,0
2026-05-14 11:53:40,16,185,35.2,46,297,49,3,Safe,0
2026-05-14 11:53:41,17,197,35.1,45,292,51,4,Safe,0
2026-05-14 11:53:41,17,202,34.9,44,304,51,6,Safe,0
2026-05-14 11:53:42,17,220,34.8,44,296,50,5,Safe,0
2026-05-14 11:53:42,17,192,35.2,45,293,50,5,Safe,0
2026-05-14 11:53:43,17,202,34.9,43,299,51,5,Safe,0
2026-05-14 11:53:43,15,218,35.0,43,298,49,4,Safe,0
2026-05-14 11:53:44,17,213,34.8,47,296,50,3,Safe,0
2026-05-14 11:53:44,17,189,35.0,43,291,50,3,Safe,0
2026-05-14 11:53:45,17,203,35.0,43,296,49,6,Safe,0
2026-05-14 11:53:45,16,181,34.9,45,290,51,6,Safe,0
2026-05-14 11:53:46,16,201,35.0,44,294,51,3,Safe,0
2026-05-14 11:53:46,17,198,34.9,44,306,51,4,Safe,0
2026-05-14 11:53:47,17,201,35.2,43,304,50,7,Safe,0
2026-05-14 11:53:47,17,203,34.9,47,297,51,7,Safe,0
2026-05-14 11:53:48,17,203,35.2,45,293,51,3,Safe,0
2026-05-14 11:53:48,15,213,35.0,45,304,51,3,Safe,0
2026-05-14 11:53:49,15,214,34.8,47,292,49,3,Safe,0
2026-05-14 11:53:49,15,191,35.1,46,295,49,3,Safe,0
2026-05-14 11:53:50,16,187,35.1,43,306,50,6,Safe,0
2026-05-14 11:53:51,16,197,35.0,44,291,51,5,Safe,0
2026-05-14 11:53:51,16,203,35.1,44,293,50,4,Safe,0
2026-05-14 11:53:52,17,197,35.1,47,298,49,7,Safe,0
2026-05-14 11:53:52,16,208,35.1,44,300,49,4,Safe,0
2026-05-14 11:53:53,15,210,35.0,43,292,49,7,Safe,0
2026-05-14 11:53:53,16,214,34.9,43,310,51,6,Safe,0
2026-05-14 11:53:54,16,200,34.9,44,301,51,7,Safe,0
2026-05-14 11:53:54,16,181,35.0,44,307,51,6,Safe,0
2026-05-14 11:53:55,15,200,34.9,43,300,49,7,Safe,0
2026-05-14 11:53:55,17,206,35.2,46,295,50,7,Safe,0
2026-05-14 11:53:56,16,203,35.1,47,300,50,5,Safe,0
2026-05-14 11:53:56,15,219,34.9,45,293,49,3,Safe,0
2026-05-14 11:53:57,17,189,35.2,43,310,51,3,Safe,0
2026-05-14 11:53:57,17,202,35.0,44,296,49,5,Safe,0
2026-05-14 11:53:58,16,218,35.0,45,310,51,3,Safe,0
2026-05-14 11:53:58,16,204,35.1,45,304,51,5,Safe,0
2026-05-14 11:53:59,16,205,34.9,44,299,49,6,Safe,0
2026-05-14 11:53:59,16,216,34.9,44,303,51,7,Safe,0
2026-05-14 11:54:00,16,218,34.9,43,299,51,5,Safe,0
2026-05-14 11:54:00,17,199,35.2,44,295,51,4,Safe,0
2026-05-14 11:54:01,15,220,35.0,47,310,51,3,Safe,0
2026-05-14 11:54:01,15,211,35.0,45,299,49,7,Safe,0
2026-05-14 11:54:02,17,180,35.1,46,305,49,7,Safe,0
2026-05-14 11:54:02,17,202,35.1,44,297,51,7,Safe,0
2026-05-14 11:54:03,16,197,34.9,46,303,50,4,Safe,0
2026-05-14 11:54:03,16,205,35.0,47,290,51,7,Safe,0
2026-05-14 11:54:04,15,193,35.1,44,296,49,5,Safe,0
2026-05-14 11:54:04,15,182,34.9,45,296,51,6,Safe,0
2026-05-14 11:54:05,15,208,35.0,43,294,50,4,Safe,0
2026-05-14 11:54:05,17,188,35.1,46,308,50,4,Safe,0
2026-05-14 11:54:06,17,206,34.8,45,302,50,7,Safe,0
2026-05-14 11:54:06,17,212,34.9,45,302,50,3,Safe,0
2026-05-14 11:54:07,16,214,34.9,47,302,49,4,Safe,0
2026-05-14 11:54:07,17,184,35.1,44,293,50,7,Safe,0
2026-05-14 11:54:08,16,218,34.9,43,301,50,4,Safe,0
2026-05-14 11:54:08,15,188,34.8,44,301,50,3,Safe,0
2026-05-14 11:54:09,15,212,35.0,43,300,50,5,Safe,0
2026-05-14 11:54:09,17,206,34.8,46,305,50,6,Safe,0
2026-05-14 11:54:10,16,214,35.0,44,298,49,5,Safe,0
2026-05-14 11:54:10,17,199,34.9,45,296,49,4,Safe,0
2026-05-14 11:54:11,16,184,35.0,45,306,51,4,Safe,0
2026-05-14 11:54:11,16,210,34.9,43,298,51,3,Safe,0
2026-05-14 11:54:12,17,199,35.0,45,297,50,3,Safe,0
2026-05-14 11:54:12,15,200,34.8,45,296,49,7,Safe,0
2026-05-14 11:54:13,16,187,34.9,43,306,50,4,Safe,0
2026-05-14 11:54:13,17,202,35.1,46,305,49,7,Safe,0
2026-05-14 11:54:14,16,217,35.2,43,292,50,6,Safe,0
2026-05-14 11:54:14,17,193,35.0,45,296,51,6,Safe,0
2026-05-14 11:54:15,15,182,34.8,45,305,51,5,Safe,0
2026-05-14 11:54:15,17,185,35.1,43,303,50,3,Safe,0
2026-05-14 11:54:16,16,198,35.0,45,297,49,5,Safe,0
2026-05-14 11:54:16,15,189,34.9,43,306,50,4,Safe,0
2026-05-14 11:54:17,17,207,34.8,44,294,50,3,Safe,0
2026-05-14 11:54:17,16,184,35.2,47,297,50,7,Safe,0
2026-05-14 11:54:18,17,180,35.2,47,299,49,4,Safe,0
2026-05-14 11:54:18,16,193,35.0,43,293,51,3,Safe,0
2026-05-14 11:54:19,16,182,34.9,43,295,49,4,Safe,0
2026-05-14 11:54:19,16,195,34.8,44,306,51,5,Safe,0
2026-05-14 11:54:20,15,187,34.9,47,298,51,3,Safe,0
2026-05-14 11:54:20,17,184,35.0,47,294,49,5,Safe,0
2026-05-14 11:54:21,15,213,35.0,47,301,49,6,Safe,0
2026-05-14 11:54:21,15,212,35.1,45,295,50,7,Safe,0
2026-05-14 11:54:22,17,220,35.2,46,291,49,4,Safe,0
2026-05-14 11:54:22,17,198,35.0,47,302,50,4,Safe,0
2026-05-14 11:54:23,17,210,35.0,47,299,51,4,Safe,0
2026-05-14 11:54:23,17,213,35.1,45,300,50,6,Safe,0
2026-05-14 11:54:24,17,211,35.2,43,304,51,4,Safe,0
2026-05-14 11:54:24,17,186,35.0,43,296,51,6,Safe,0
2026-05-14 11:54:25,16,219,35.1,46,305,50,5,Safe,0
2026-05-14 11:54:25,16,185,35.2,47,302,49,3,Safe,0
2026-05-14 11:54:26,16,208,34.9,46,301,50,5,Safe,0
2026-05-14 11:54:26,15,190,35.1,46,293,51,7,Safe,0
2026-05-14 11:54:27,17,201,35.0,46,298,51,5,Safe,0
2026-05-14 11:54:27,17,215,35.1,47,310,50,6,Safe,0
2026-05-14 11:54:28,16,191,35.0,43,300,50,3,Safe,0
2026-05-14 11:54:28,17,197,34.9,43,299,49,6,Safe,0
2026-05-14 11:54:29,15,191,35.2,45,295,49,5,Safe,0
2026-05-14 11:54:30,15,211,35.0,43,295,49,7,Safe,0
2026-05-14 11:54:30,16,185,34.8,44,305,49,7,Safe,0
2026-05-14 11:54:31,17,181,35.0,44,296,51,7,Safe,0
2026-05-14 11:54:31,15,200,35.1,47,306,50,4,Safe,0
2026-05-14 11:54:32,16,192,34.9,44,294,51,7,Safe,0
2026-05-14 11:54:32,15,207,35.0,44,293,51,5,Safe,0
2026-05-14 11:54:33,15,199,35.1,46,308,49,5,Safe,0
2026-05-14 11:54:33,15,212,34.9,46,293,49,4,Safe,0
2026-05-14 11:54:34,17,196,35.2,43,308,50,7,Safe,0
2026-05-14 11:54:34,15,216,35.2,47,299,49,3,Safe,0
2026-05-14 11:54:35,17,202,35.2,46,302,50,4,Safe,0
2026-05-14 11:54:35,16,183,34.8,47,293,50,5,Safe,0
2026-05-14 11:54:36,15,180,35.1,45,292,49,5,Safe,0
2026-05-14 11:54:36,15,211,35.0,44,305,49,3,Safe,0
2026-05-14 11:54:37,15,208,35.0,43,309,50,5,Safe,0
2026-05-14 11:54:37,15,187,34.9,46,304,49,5,Safe,0
2026-05-14 11:54:38,17,216,34.9,43,308,50,5,Safe,0
2026-05-14 11:54:38,17,193,34.9,43,291,49,3,Safe,0
2026-05-14 11:54:39,17,184,35.0,46,308,50,3,Safe,0
2026-05-14 11:54:39,16,190,34.8,44,293,51,5,Safe,0
2026-05-14 11:54:40,17,209,34.9,47,294,51,7,Safe,0
2026-05-14 11:54:40,16,215,34.8,45,305,49,3,Safe,0
2026-05-14 11:54:41,15,194,34.9,45,302,49,3,Safe,0
2026-05-14 11:54:41,15,183,34.8,46,291,51,6,Safe,0
2026-05-14 11:54:42,15,201,34.8,44,304,51,7,Safe,0
2026-05-14 11:54:42,17,208,34.9,43,295,49,3,Safe,0
2026-05-14 11:54:43,17,202,34.9,44,292,51,6,Safe,0
2026-05-14 11:54:43,17,208,35.1,46,292,51,7,Safe,0
2026-05-14 11:54:44,17,194,34.9,47,296,49,5,Safe,0
2026-05-14 11:54:44,15,200,35.1,47,295,50,6,Safe,0
2026-05-14 11:54:45,16,200,35.0,45,303,51,6,Safe,0
2026-05-14 11:54:45,15,203,34.8,43,292,51,3,Safe,0
2026-05-14 11:54:46,17,205,35.0,43,301,49,4,Safe,0
2026-05-14 11:54:46,17,197,35.2,43,296,51,7,Safe,0
2026-05-14 11:54:47,15,194,34.8,44,294,49,5,Safe,0
2026-05-14 11:54:47,15,204,35.0,46,292,50,5,Safe,0
2026-05-14 11:54:48,16,193,35.0,43,304,50,7,Safe,0
2026-05-14 11:54:48,16,219,34.9,46,310,50,6,Safe,0
2026-05-14 11:54:49,16,213,34.9,43,290,51,5,Safe,0
2026-05-14 11:54:49,15,215,34.9,43,309,49,3,Safe,0
2026-05-14 11:54:50,17,205,34.8,44,304,49,3,Safe,0
2026-05-14 11:54:50,15,209,34.9,47,296,50,5,Safe,0
2026-05-14 11:54:51,15,206,35.1,47,308,50,7,Safe,0
2026-05-14 11:54:51,16,190,34.9,46,303,51,6,Safe,0
2026-05-14 11:54:52,16,196,35.1,46,294,49,7,Safe,0
2026-05-14 11:54:52,16,198,35.0,43,303,49,7,Safe,0
2026-05-14 11:54:53,17,201,34.9,47,299,49,5,Safe,0
2026-05-14 11:54:53,16,189,34.9,46,292,49,6,Safe,0
2026-05-14 11:54:54,16,202,34.9,46,310,50,7,Safe,0
2026-05-14 11:54:54,17,200,34.9,45,304,49,5,Safe,0
2026-05-14 11:54:55,16,199,35.1,43,292,49,5,Safe,0
2026-05-14 11:54:55,15,204,34.9,44,306,50,3,Safe,0
2026-05-14 11:54:56,16,214,35.1,43,297,50,6,Safe,0
2026-05-14 11:54:56,16,209,35.1,46,305,51,3,Safe,0
2026-05-14 11:54:57,17,215,34.9,47,310,51,3,Safe,0
2026-05-14 11:54:57,16,180,35.2,47,307,49,5,Safe,0
2026-05-14 11:54:58,17,216,35.0,47,292,49,5,Safe,0
2026-05-14 11:54:58,16,200,35.1,46,306,50,5,Safe,0
2026-05-14 11:54:59,15,209,34.9,44,300,49,5,Safe,0
2026-05-14 11:54:59,15,204,34.9,44,293,49,5,Safe,0
2026-05-14 11:55:00,17,217,34.8,45,310,49,5,Safe,0
2026-05-14 11:55:00,17,192,35.2,44,306,51,7,Safe,0
2026-05-14 11:55:01,15,202,34.9,45,306,50,6,Safe,0
2026-05-14 11:55:01,17,202,34.8,47,308,51,7,Safe,0
2026-05-14 11:55:02,15,182,34.9,43,307,51,6,Safe,0
2026-05-14 11:55:02,16,209,35.0,45,296,50,5,Safe,0
2026-05-14 11:55:03,16,200,35.1,45,290,49,5,Safe,0
2026-05-14 11:55:03,15,201,34.8,44,295,51,4,Safe,0
2026-05-14 11:55:04,16,189,34.9,44,305,51,5,Safe,0
2026-05-14 11:55:04,17,219,35.0,44,297,51,5,Safe,0
2026-05-14 11:55:05,15,220,35.0,46,306,50,6,Safe,0
2026-05-14 11:55:05,16,185,35.1,44,297,49,7,Safe,0
2026-05-14 11:55:06,17,205,35.1,45,295,49,3,Safe,0
2026-05-14 11:55:07,16,212,34.8,44,305,51,4,Safe,0
2026-05-14 11:55:07,17,219,34.9,43,303,50,4,Safe,0
2026-05-14 11:55:08,16,207,34.9,44,305,51,6,Safe,0
2026-05-14 11:55:08,17,188,34.8,47,296,51,6,Safe,0
2026-05-14 11:55:09,15,220,35.0,44,304,51,5,Safe,0
2026-05-14 11:55:09,17,182,35.1,43,308,51,3,Safe,0
2026-05-14 11:55:10,17,212,35.0,47,292,51,5,Safe,0
2026-05-14 11:55:10,17,183,34.9,44,299,51,6,Safe,0
2026-05-14 11:55:11,16,201,35.2,46,297,51,4,Safe,0
2026-05-14 11:55:11,17,208,35.0,44,306,51,7,Safe,0
2026-05-14 11:55:12,17,189,35.0,45,308,51,5,Safe,0
2026-05-14 11:55:12,15,205,35.0,45,297,51,7,Safe,0
2026-05-14 11:55:13,15,218,34.8,44,298,51,3,Safe,0
2026-05-14 11:55:13,15,181,34.9,47,295,49,4,Safe,0
2026-05-14 11:55:14,15,209,35.2,44,296,49,7,Safe,0
2026-05-14 11:55:14,17,186,34.9,44,304,51,5,Safe,0
2026-05-14 11:55:15,16,201,34.8,45,304,51,4,Safe,0
2026-05-14 11:55:15,17,206,35.2,44,299,49,4,Safe,0
2026-05-14 11:55:16,15,188,35.1,43,304,51,5,Safe,0
2026-05-14 11:55:16,17,216,34.9,46,294,49,6,Safe,0
2026-05-14 11:55:17,15,186,34.9,46,300,50,7,Safe,0
2026-05-14 11:55:17,17,220,34.9,45,297,49,3,Safe,0
2026-05-14 11:55:18,17,204,35.1,44,303,51,6,Safe,0
2026-05-14 11:55:18,15,201,34.9,44,303,50,6,Safe,0
2026-05-14 11:55:19,17,180,35.0,44,308,49,6,Safe,0
2026-05-14 11:55:19,17,204,35.1,46,298,51,5,Safe,0
2026-05-14 11:55:20,16,216,35.1,45,308,51,6,Safe,0
2026-05-14 11:55:20,15,190,34.9,44,310,49,4,Safe,0
2026-05-14 11:55:21,17,188,35.1,47,308,50,4,Safe,0
2026-05-14 11:55:21,17,209,34.8,43,307,51,5,Safe,0
2026-05-14 11:55:22,15,185,34.9,47,308,51,3,Safe,0
2026-05-14 11:55:22,17,196,35.1,45,298,49,5,Safe,0
2026-05-14 11:55:23,16,209,34.8,43,297,50,7,Safe,0
2026-05-14 11:55:23,16,212,35.2,45,300,49,4,Safe,0
2026-05-14 11:55:24,17,209,34.8,45,309,51,6,Safe,0
2026-05-14 11:55:24,17,187,34.8,47,300,49,4,Safe,0
2026-05-14 11:55:25,15,213,34.8,45,306,50,6,Safe,0
2026-05-14 11:55:25,15,218,35.0,46,302,49,4,Safe,0
2026-05-14 11:55:26,16,182,35.1,45,299,49,3,Safe,0
2026-05-14 11:55:26,17,198,34.8,47,299,51,5,Safe,0
2026-05-14 11:55:27,15,210,35.0,45,299,50,4,Safe,0
2026-05-14 11:55:27,17,216,34.9,47,304,50,5,Safe,0
2026-05-14 11:55:28,15,191,34.9,44,297,50,4,Safe,0
2026-05-14 11:55:28,17,201,34.9,43,299,51,7,Safe,0
2026-05-14 11:55:29,17,209,34.8,47,310,49,5,Safe,0
2026-05-14 11:55:29,17,190,35.2,44,294,51,7,Safe,0
2026-05-14 11:55:30,15,190,35.0,44,308,49,7,Safe,0
2026-05-14 11:55:30,15,199,35.0,44,292,50,6,Safe,0
2026-05-14 11:55:31,15,191,34.8,44,306,50,3,Safe,0
2026-05-14 11:55:31,17,211,35.0,46,300,49,7,Safe,0
2026-05-14 11:55:32,16,201,34.9,45,310,51,3,Safe,0
2026-05-14 11:55:32,16,217,35.1,47,304,51,7,Safe,0
2026-05-14 11:55:33,17,181,35.0,46,303,51,5,Safe,0
2026-05-14 11:55:33,17,220,34.8,43,298,51,3,Safe,0
2026-05-14 11:55:34,16,192,34.9,43,307,49,5,Safe,0
2026-05-14 11:55:34,15,180,35.0,47,306,49,4,Safe,0
2026-05-14 11:55:35,17,195,35.1,47,308,51,4,Safe,0
2026-05-14 11:55:35,16,211,34.8,46,291,50,5,Safe,0
2026-05-14 11:55:36,15,181,34.9,44,309,50,5,Safe,0
2026-05-14 11:55:36,16,200,34.9,44,297,51,7,Safe,0
2026-05-14 11:55:37,17,191,35.0,43,306,51,7,Safe,0
2026-05-14 11:55:38,16,187,34.9,47,293,50,7,Safe,0
2026-05-14 11:55:38,16,213,35.0,47,290,50,4,Safe,0
2026-05-14 11:55:39,16,208,35.0,44,307,51,4,Safe,0
2026-05-14 11:55:39,15,217,35.2,45,306,49,3,Safe,0
2026-05-14 11:55:40,17,203,35.0,46,309,50,5,Safe,0
2026-05-14 11:55:40,17,212,35.0,47,301,50,3,Safe,0
2026-05-14 11:55:41,15,195,35.0,45,297,49,4,Safe,0
2026-05-14 11:55:41,15,213,35.1,46,290,49,6,Safe,0
2026-05-14 11:55:42,17,217,34.9,47,294,50,6,Safe,0
2026-05-14 11:55:42,16,214,35.0,45,298,51,3,Safe,0
2026-05-14 11:55:43,15,203,35.2,46,297,51,7,Safe,0
2026-05-14 11:55:43,17,180,34.8,45,294,51,5,Safe,0
2026-05-14 11:55:44,16,203,34.9,46,309,50,4,Safe,0
2026-05-14 11:55:44,17,207,34.9,44,304,49,6,Safe,0
2026-05-14 11:55:45,15,216,34.8,46,301,49,5,Safe,0
2026-05-14 11:55:45,16,199,34.9,47,303,51,5,Safe,0
2026-05-14 11:55:46,16,194,34.9,46,306,51,3,Safe,0
2026-05-14 11:55:46,16,207,35.2,47,293,49,7,Safe,0
2026-05-14 11:55:47,15,188,35.1,46,290,51,5,Safe,0
2026-05-14 11:55:47,15,181,35.1,44,299,51,6,Safe,0
2026-05-14 11:55:48,16,194,35.1,47,292,51,4,Safe,0
2026-05-14 11:55:48,17,209,35.1,47,298,50,5,Safe,0
2026-05-14 11:55:49,16,192,35.2,43,305,50,5,Safe,0
2026-05-14 11:55:49,15,191,34.9,46,309,51,7,Safe,0
2026-05-14 11:55:50,17,219,35.2,43,310,49,6,Safe,0
2026-05-14 11:55:50,17,192,34.8,43,300,50,4,Safe,0
2026-05-14 11:55:51,16,199,35.1,47,297,50,4,Safe,0
2026-05-14 11:55:51,16,216,34.9,47,302,50,4,Safe,0
2026-05-14 11:55:52,15,209,34.9,47,298,50,5,Safe,0
2026-05-14 11:55:52,16,205,34.9,46,291,51,3,Safe,0
2026-05-14 11:55:53,16,203,34.9,43,295,50,7,Safe,0
2026-05-14 11:55:53,16,217,35.0,45,300,50,6,Safe,0
2026-05-14 11:55:54,17,190,34.9,44,309,50,6,Safe,0
2026-05-14 11:55:54,16,190,34.8,45,301,50,4,Safe,0
2026-05-14 11:55:55,17,189,35.0,44,310,51,3,Safe,0
2026-05-14 11:55:55,15,182,34.9,45,293,50,4,Safe,0
2026-05-14 11:55:56,17,186,35.1,43,303,50,6,Safe,0
2026-05-14 11:55:56,15,194,34.8,47,302,50,6,Safe,0
2026-05-14 11:55:57,16,205,35.1,43,310,49,6,Safe,0
2026-05-14 11:55:57,17,193,34.8,43,294,51,7,Safe,0
2026-05-14 11:55:58,16,201,35.2,46,294,50,7,Safe,0
2026-05-14 11:55:58,16,180,34.9,45,293,49,7,Safe,0
2026-05-14 11:55:59,17,217,35.0,43,302,49,6,Safe,0
2026-05-14 11:55:59,15,186,34.9,44,309,49,5,Safe,0
2026-05-14 11:56:00,16,212,35.0,47,293,49,4,Safe,0
2026-05-14 11:56:00,17,185,34.8,47,295,50,6,Safe,0
2026-05-14 11:56:01,15,213,35.0,43,292,49,6,Safe,0
2026-05-14 11:56:01,16,182,35.0,47,294,50,6,Safe,0
2026-05-14 11:56:02,15,188,35.1,44,304,50,5,Safe,0
2026-05-14 11:56:02,17,180,34.8,46,293,49,4,Safe,0
2026-05-14 11:56:03,17,220,34.9,45,308,51,7,Safe,0
2026-05-14 11:56:03,16,216,35.0,45,303,50,6,Safe,0
2026-05-14 11:56:04,15,193,34.9,43,306,49,4,Safe,0
2026-05-14 11:56:04,15,205,34.8,43,306,51,6,Safe,0
2026-05-14 11:56:05,15,194,35.2,47,300,50,6,Safe,0
2026-05-14 11:56:05,15,180,34.9,47,310,51,7,Safe,0
2026-05-14 11:56:06,17,193,35.1,44,307,51,7,Safe,0
2026-05-14 11:56:06,17,218,35.2,46,297,51,6,Safe,0
2026-05-14 11:56:07,17,189,35.0,43,309,51,3,Safe,0
2026-05-14 11:56:07,15,187,35.0,44,310,50,6,Safe,0
2026-05-14 11:56:08,17,197,34.9,46,296,49,4,Safe,0
2026-05-14 11:56:09,16,199,35.0,46,292,51,6,Safe,0
2026-05-14 11:56:09,17,185,35.0,47,298,49,5,Safe,0
2026-05-14 11:56:09,15,206,34.9,46,302,51,7,Safe,0
2026-05-14 11:56:10,16,194,35.0,43,300,49,5,Safe,0
2026-05-14 11:56:11,17,189,35.2,43,299,49,3,Safe,0
2026-05-14 11:56:11,16,208,34.8,45,306,51,4,Safe,0
2026-05-14 11:56:12,17,197,34.9,45,296,49,5,Safe,0
2026-05-14 11:56:12,16,211,35.1,45,296,51,4,Safe,0
2026-05-14 11:56:13,16,186,35.1,44,307,49,7,Safe,0
2026-05-14 11:56:13,17,199,35.1,45,292,49,7,Safe,0
2026-05-14 11:56:14,15,218,35.2,47,300,49,6,Safe,0
2026-05-14 11:56:14,15,215,35.1,44,309,49,5,Safe,0
2026-05-14 11:56:15,16,210,34.8,46,303,50,5,Safe,0
2026-05-14 11:56:15,16,186,35.1,47,296,49,5,Safe,0
2026-05-14 11:56:16,15,204,35.0,47,310,51,5,Safe,0
2026-05-14 11:56:16,17,196,34.8,47,309,50,4,Safe,0
2026-05-14 11:56:17,15,205,35.0,46,295,51,4,Safe,0
2026-05-14 11:56:17,16,189,34.9,46,291,51,4,Safe,0
2026-05-14 11:56:18,16,201,34.8,43,299,49,5,Safe,0
2026-05-14 11:56:18,17,180,35.1,47,306,49,4,Safe,0
2026-05-14 11:56:19,17,219,35.0,47,301,49,5,Safe,0
2026-05-14 11:56:19,16,213,34.8,47,309,50,5,Safe,0
2026-05-14 11:56:20,15,180,35.2,46,296,51,3,Safe,0
2026-05-14 11:56:20,17,193,35.1,46,290,50,4,Safe,0
2026-05-14 11:56:21,16,213,34.9,45,306,51,7,Safe,0
2026-05-14 11:56:21,16,180,35.0,46,290,50,6,Safe,0
2026-05-14 11:56:22,15,180,35.0,43,305,49,7,Safe,0
2026-05-14 11:56:22,17,202,35.1,47,290,50,3,Safe,0
2026-05-14 11:56:23,17,204,35.0,46,299,51,3,Safe,0
2026-05-14 11:56:23,16,212,35.0,47,303,50,6,Safe,0
2026-05-14 11:56:24,17,213,35.0,47,305,50,4,Safe,0
2026-05-14 11:56:24,17,197,34.9,43,300,51,7,Safe,0
2026-05-14 11:56:25,17,203,34.9,46,293,51,4,Safe,0
2026-05-14 11:56:25,15,217,35.1,43,307,50,3,Safe,0
2026-05-14 11:56:26,17,199,34.9,47,299,50,6,Safe,0
2026-05-14 11:56:26,16,192,34.8,46,307,51,6,Safe,0
2026-05-14 11:56:27,17,195,35.2,44,293,51,4,Safe,0
2026-05-14 11:56:27,17,202,34.9,44,291,50,6,Safe,0
2026-05-14 11:56:28,16,216,35.0,47,290,49,7,Safe,0
2026-05-14 11:56:28,16,194,35.0,43,291,51,3,Safe,0
2026-05-14 11:56:29,17,204,35.2,44,303,49,6,Safe,0
2026-05-14 11:56:29,16,218,35.1,45,297,50,5,Safe,0
2026-05-14 11:56:30,16,197,34.9,44,307,49,4,Safe,0
2026-05-14 11:56:30,17,200,35.1,47,295,50,7,Safe,0
2026-05-14 11:56:31,16,198,35.0,47,306,50,3,Safe,0
2026-05-14 11:56:31,15,216,35.0,44,310,51,3,Safe,0
2026-05-14 11:56:32,15,183,35.1,46,292,49,7,Safe,0
2026-05-14 11:56:32,17,200,35.1,45,303,50,4,Safe,0
2026-05-14 11:56:33,17,196,35.2,44,293,51,7,Safe,0
2026-05-14 11:56:33,17,204,34.9,45,309,51,7,Safe,0
2026-05-14 11:56:34,17,183,34.8,46,302,50,5,Safe,0
2026-05-14 11:56:34,16,194,35.0,46,309,49,3,Safe,0
2026-05-14 11:56:35,15,187,34.8,47,307,49,7,Safe,0
2026-05-14 11:56:35,17,189,34.9,43,310,51,5,Safe,0
2026-05-14 11:56:36,16,185,35.2,43,291,50,5,Safe,0
2026-05-14 11:56:36,16,190,35.2,47,297,51,4,Safe,0
2026-05-14 11:56:37,16,201,35.1,46,299,51,6,Safe,0
2026-05-14 11:56:37,17,203,35.1,45,308,50,4,Safe,0
2026-05-14 11:56:38,15,212,34.9,47,310,51,4,Safe,0
2026-05-14 11:56:38,17,196,34.9,44,299,49,6,Safe,0
2026-05-14 11:56:39,15,220,35.0,47,296,51,4,Safe,0
2026-05-14 11:56:39,15,192,34.9,43,303,50,6,Safe,0
2026-05-14 11:56:40,15,210,35.2,47,305,49,6,Safe,0
2026-05-14 11:56:40,17,211,35.0,44,298,51,3,Safe,0
2026-05-14 11:56:41,16,204,35.1,45,302,49,6,Safe,0
2026-05-14 11:56:41,17,200,34.9,44,296,49,6,Safe,0
2026-05-14 11:56:42,16,205,34.9,46,297,50,4,Safe,0
2026-05-14 11:56:42,16,218,35.1,47,295,49,4,Safe,0
2026-05-14 11:56:43,17,214,35.0,43,306,51,7,Safe,0
2026-05-14 11:56:43,17,196,35.1,47,295,51,5,Safe,0
2026-05-14 11:56:44,17,213,34.9,44,298,50,3,Safe,0
2026-05-14 11:56:44,15,181,34.9,44,290,51,6,Safe,0
2026-05-14 11:56:45,17,185,35.0,43,301,49,6,Safe,0
2026-05-14 11:56:45,15,209,35.1,45,306,50,4,Safe,0
2026-05-14 11:56:46,15,182,35.0,45,304,49,7,Safe,0
2026-05-14 11:56:46,17,212,34.9,45,305,50,6,Safe,0
2026-05-14 11:56:47,16,218,35.1,43,297,50,5,Safe,0
2026-05-14 11:56:48,17,218,35.2,47,299,49,4,Safe,0
2026-05-14 11:56:48,16,196,35.0,43,307,51,3,Safe,0
2026-05-14 11:56:49,16,205,35.1,44,297,50,6,Safe,0
2026-05-14 11:56:49,16,180,35.1,46,308,51,3,Safe,0
2026-05-14 11:56:50,16,197,34.8,46,307,50,3,Safe,0
2026-05-14 11:56:50,15,187,35.0,43,299,51,5,Safe,0
2026-05-14 11:56:51,16,186,35.0,45,298,51,4,Safe,0
2026-05-14 11:56:51,15,186,35.0,46,296,49,3,Safe,0
2026-05-14 11:56:52,15,215,35.0,44,300,50,5,Safe,0
2026-05-14 11:56:52,16,213,35.0,46,291,49,4,Safe,0
2026-05-14 11:56:53,17,199,34.9,47,291,49,6,Safe,0
2026-05-14 11:56:53,15,193,34.9,43,296,49,3,Safe,0
2026-05-14 11:56:54,15,191,34.8,44,301,51,3,Safe,0
2026-05-14 11:56:54,16,201,35.1,43,308,49,3,Safe,0
2026-05-14 11:56:55,15,209,35.1,43,298,49,3,Safe,0
2026-05-14 11:56:55,16,200,34.8,43,306,49,6,Safe,0
2026-05-14 11:56:56,15,184,35.0,43,310,51,6,Safe,0
2026-05-14 11:56:56,16,195,35.2,43,308,50,3,Safe,0
2026-05-14 11:56:57,17,206,35.0,46,297,49,3,Safe,0
2026-05-14 11:56:57,16,182,35.0,47,308,50,6,Safe,0
2026-05-14 11:56:58,17,182,35.2,46,306,51,4,Safe,0
2026-05-14 11:56:58,16,217,35.0,44,304,50,4,Safe,0
2026-05-14 11:56:59,15,180,35.2,43,290,51,4,Safe,0
2026-05-14 11:56:59,17,220,34.9,43,296,50,5,Safe,0
2026-05-14 11:57:00,17,191,35.1,43,297,51,6,Safe,0
2026-05-14 11:57:00,15,209,35.1,45,299,51,4,Safe,0
2026-05-14 11:57:01,15,191,34.9,47,305,51,7,Safe,0
2026-05-14 11:57:01,16,192,35.0,45,307,51,3,Safe,0
2026-05-14 11:57:02,15,205,34.9,43,304,50,6,Safe,0
2026-05-14 11:57:02,17,200,35.1,44,297,50,5,Safe,0
2026-05-14 11:57:03,16,189,35.1,47,296,50,7,Safe,0
2026-05-14 11:57:03,16,184,34.9,47,299,51,7,Safe,0
2026-05-14 11:57:04,17,190,34.8,47,304,50,4,Safe,0
2026-05-14 11:57:04,17,220,34.9,44,308,50,7,Safe,0
2026-05-14 11:57:05,17,195,34.8,44,310,49,5,Safe,0
2026-05-14 11:57:05,15,185,35.2,43,299,51,7,Safe,0
2026-05-14 11:57:06,16,215,35.1,43,299,51,3,Safe,0
2026-05-14 11:57:06,17,202,34.9,46,296,49,7,Safe,0
2026-05-14 11:57:07,15,185,35.2,44,304,49,5,Safe,0
2026-05-14 11:57:07,17,184,35.1,45,301,51,7,Safe,0
2026-05-14 11:57:08,17,191,34.8,45,310,50,3,Safe,0
2026-05-14 11:57:08,17,184,34.8,44,300,49,4,Safe,0
2026-05-14 11:57:09,17,189,35.2,43,303,49,6,Safe,0
2026-05-14 11:57:09,16,202,35.2,46,298,51,7,Safe,0
2026-05-14 11:57:10,15,200,35.1,44,298,49,6,Safe,0
2026-05-14 11:57:10,17,193,35.2,44,302,51,5,Safe,0
2026-05-14 11:57:11,17,188,35.1,45,306,51,6,Safe,0
2026-05-14 11:57:11,16,210,35.0,45,299,49,7,Safe,0
2026-05-14 11:57:12,16,186,34.9,45,303,51,6,Safe,0
2026-05-14 11:57:12,16,216,35.2,43,310,51,5,Safe,0
2026-05-14 11:57:13,15,180,35.1,46,304,51,5,Safe,0
2026-05-14 11:57:13,16,211,35.0,46,290,51,3,Safe,0
2026-05-14 11:57:14,16,213,35.0,46,290,50,5,Safe,0
2026-05-14 11:57:14,17,204,34.9,43,303,49,7,Safe,0
2026-05-14 11:57:15,17,210,34.9,47,302,51,6,Safe,0
2026-05-14 11:57:15,17,187,35.0,45,306,50,3,Safe,0
2026-05-14 11:57:16,17,213,35.0,47,296,51,3,Safe,0
2026-05-14 11:57:16,17,215,35.1,46,299,51,4,Safe,0
2026-05-14 11:57:17,16,196,35.0,45,297,49,6,Safe,0
2026-05-14 11:57:17,17,202,35.0,43,300,49,7,Safe,0
2026-05-14 11:57:18,17,186,35.1,45,304,49,3,Safe,0
2026-05-14 11:57:18,17,206,34.9,44,297,50,3,Safe,0
2026-05-14 11:57:19,15,198,35.0,44,290,49,6,Safe,0
2026-05-14 11:57:20,15,182,34.9,44,308,49,4,Safe,0
2026-05-14 11:57:20,16,212,35.0,46,307,50,7,Safe,0
2026-05-14 11:57:21,15,214,34.9,46,308,49,3,Safe,0
2026-05-14 11:57:21,15,216,35.1,47,301,51,5,Safe,0
2026-05-14 11:57:22,16,206,35.1,43,297,50,5,Safe,0
2026-05-14 11:57:22,17,194,35.0,45,301,50,7,Safe,0
2026-05-14 11:57:23,17,208,35.0,44,307,50,7,Safe,0
2026-05-14 11:57:23,15,181,34.8,45,310,50,7,Safe,0
2026-05-14 11:57:24,15,217,35.0,47,303,50,5,Safe,0
2026-05-14 11:57:24,17,218,34.9,47,303,49,4,Safe,0
2026-05-14 11:57:25,16,220,35.1,45,299,51,5,Safe,0
2026-05-14 11:57:25,17,194,34.9,47,293,49,6,Safe,0
2026-05-14 11:57:26,15,200,35.1,47,309,51,3,Safe,0
2026-05-14 11:57:26,16,182,34.8,45,299,50,4,Safe,0
2026-05-14 11:57:27,16,192,35.0,45,310,50,4,Safe,0
2026-05-14 11:57:27,16,214,35.1,45,305,50,4,Safe,0
2026-05-14 11:57:28,16,218,34.9,43,295,50,7,Safe,0
2026-05-14 11:57:28,17,192,35.1,46,307,49,4,Safe,0
2026-05-14 11:57:29,15,196,35.2,47,294,50,4,Safe,0
2026-05-14 11:57:29,15,191,34.9,47,302,50,7,Safe,0
2026-05-14 11:57:30,17,193,34.9,47,305,50,7,Safe,0
2026-05-14 11:57:30,16,201,35.1,43,302,51,7,Safe,0
2026-05-14 11:57:31,16,194,35.1,45,304,50,3,Safe,0
2026-05-14 11:57:31,15,209,35.0,47,292,50,4,Safe,0
2026-05-14 11:57:32,16,207,35.0,46,306,50,3,Safe,0
2026-05-14 11:57:32,17,219,34.9,44,299,49,5,Safe,0
2026-05-14 11:57:33,17,192,35.0,43,309,50,6,Safe,0
2026-05-14 11:57:33,17,187,35.1,45,294,49,6,Safe,0
2026-05-14 11:57:34,16,195,34.8,43,292,51,4,Safe,0
2026-05-14 11:57:34,15,202,35.1,46,296,49,4,Safe,0
2026-05-14 11:57:35,15,180,35.1,43,300,51,4,Safe,0
2026-05-14 11:57:35,16,218,35.0,47,290,49,5,Safe,0
2026-05-14 11:57:36,15,200,35.0,47,303,50,5,Safe,0
2026-05-14 11:57:36,17,186,35.0,44,290,49,6,Safe,0
2026-05-14 11:57:37,15,199,34.9,43,293,49,5,Safe,0
2026-05-14 11:57:37,17,201,34.9,46,294,49,5,Safe,0
2026-05-14 11:57:38,16,197,35.1,44,299,50,3,Safe,0
2026-05-14 11:57:38,16,206,35.1,47,304,51,3,Safe,0
2026-05-14 11:57:39,16,216,35.0,45,299,50,4,Safe,0
2026-05-14 11:57:39,15,183,35.2,43,307,50,4,Safe,0
2026-05-14 11:57:40,16,218,35.0,45,294,49,5,Safe,0
2026-05-14 11:57:40,17,192,34.9,43,293,49,5,Safe,0
2026-05-14 11:57:41,15,202,35.1,47,303,49,3,Safe,0
2026-05-14 11:57:41,15,207,34.9,47,297,49,5,Safe,0
2026-05-14 11:57:42,15,213,34.8,43,307,50,3,Safe,0
2026-05-14 11:57:42,16,200,35.2,46,304,50,5,Safe,0
2026-05-14 11:57:43,15,213,34.8,47,291,51,3,Safe,0
2026-05-14 11:57:43,17,212,35.2,47,304,51,5,Safe,0
2026-05-14 11:57:44,15,191,34.9,44,299,50,7,Safe,0
2026-05-14 11:57:44,17,216,34.9,44,305,49,7,Safe,0
2026-05-14 11:57:45,17,220,34.8,44,300,49,7,Safe,0
2026-05-14 11:57:45,16,215,35.1,43,304,51,4,Safe,0
2026-05-14 11:57:46,17,191,35.1,46,306,49,3,Safe,0
2026-05-14 11:57:46,15,181,35.2,44,302,49,7,Safe,0
2026-05-14 11:57:47,17,180,34.9,43,293,51,6,Safe,0
2026-05-14 11:57:47,15,217,35.1,44,297,51,6,Safe,0
2026-05-14 11:57:48,16,206,34.9,45,309,50,7,Safe,0
2026-05-14 11:57:48,17,197,35.1,45,310,51,4,Safe,0
2026-05-14 11:57:49,17,216,35.1,44,303,49,4,Safe,0
2026-05-14 11:57:49,15,199,34.9,43,296,50,3,Safe,0
2026-05-14 11:57:50,17,186,35.0,45,300,49,3,Safe,0
2026-05-14 11:57:50,16,201,34.9,46,295,49,5,Safe,0
2026-05-14 11:57:51,15,191,34.9,46,303,50,5,Safe,0
2026-05-14 11:57:51,16,207,35.1,45,302,50,5,Safe,0
2026-05-14 11:57:52,15,213,35.0,45,310,51,4,Safe,0
2026-05-14 11:57:52,15,211,35.0,45,307,51,7,Safe,0
2026-05-14 11:57:53,15,192,34.8,43,307,51,5,Safe,0
2026-05-14 11:57:53,16,182,35.1,43,299,49,4,Safe,0
2026-05-14 11:57:54,17,218,35.2,47,302,49,6,Safe,0
2026-05-14 11:57:54,17,191,34.8,46,297,50,6,Safe,0
2026-05-14 11:57:55,17,191,35.0,45,294,49,4,Safe,0
2026-05-14 11:57:55,15,188,35.0,43,292,51,3,Safe,0
2026-05-14 11:57:56,15,216,35.0,45,302,51,3,Safe,0
2026-05-14 11:57:56,17,203,35.0,46,302,49,7,Safe,0
2026-05-14 11:57:57,15,217,34.8,45,308,51,6,Safe,0
2026-05-14 11:57:57,17,183,34.9,45,292,51,5,Safe,0
2026-05-14 11:57:58,17,199,35.0,47,297,50,4,Safe,0
2026-05-14 11:57:58,17,213,35.1,46,302,49,4,Safe,0
2026-05-14 11:57:59,17,210,34.8,47,294,51,6,Safe,0
2026-05-14 11:57:59,16,203,35.0,44,303,49,6,Safe,0
2026-05-14 11:58:00,16,203,35.1,43,298,49,5,Safe,0
2026-05-14 11:58:00,15,185,35.0,46,300,50,6,Safe,0
2026-05-14 11:58:01,17,215,35.0,44,302,51,6,Safe,0
2026-05-14 11:58:02,16,193,34.9,44,303,51,7,Safe,0
2026-05-14 11:58:02,17,180,34.9,45,303,50,6,Safe,0
2026-05-14 11:58:03,17,194,34.9,43,294,49,4,Safe,0
2026-05-14 11:58:03,15,210,35.0,44,303,50,4,Safe,0
2026-05-14 11:58:04,17,198,34.9,47,301,50,7,Safe,0
2026-05-14 11:58:04,17,217,34.9,46,302,49,5,Safe,0
2026-05-14 11:58:05,17,195,34.9,45,298,50,6,Safe,0
2026-05-14 11:58:05,16,202,35.0,47,304,50,4,Safe,0
2026-05-14 11:58:06,17,211,34.8,44,299,51,5,Safe,0
2026-05-14 11:58:06,16,205,35.1,43,298,51,6,Safe,0
2026-05-14 11:58:07,16,203,35.1,44,299,50,6,Safe,0
2026-05-14 11:58:07,16,219,35.1,43,299,49,3,Safe,0
2026-05-14 11:58:08,15,190,35.0,44,300,49,5,Safe,0
2026-05-14 11:58:08,16,184,34.9,45,304,51,4,Safe,0
2026-05-14 11:58:09,16,191,35.1,47,308,50,5,Safe,0
2026-05-14 11:58:09,15,208,35.0,43,299,50,7,Safe,0
2026-05-14 11:58:10,15,184,34.9,45,305,51,6,Safe,0
2026-05-14 11:58:10,17,214,35.0,43,291,49,4,Safe,0
2026-05-14 11:58:11,15,205,35.0,45,294,50,3,Safe,0
2026-05-14 11:58:11,17,188,35.1,46,305,51,3,Safe,0
2026-05-14 11:58:12,17,213,35.1,44,310,50,3,Safe,0
2026-05-14 11:58:12,15,193,34.9,44,298,49,7,Safe,0
2026-05-14 11:58:13,16,205,35.1,47,293,50,4,Safe,0
2026-05-14 11:58:13,15,204,34.8,47,299,51,4,Safe,0
2026-05-14 11:58:14,16,206,35.1,45,303,51,6,Safe,0
2026-05-14 11:58:14,15,215,34.9,43,301,49,4,Safe,0
2026-05-14 11:58:15,17,204,35.1,44,301,49,7,Safe,0
2026-05-14 11:58:15,16,215,35.1,46,305,49,3,Safe,0
2026-05-14 11:58:16,16,189,34.9,47,292,49,3,Safe,0
2026-05-14 11:58:16,16,208,34.9,43,291,49,5,Safe,0
2026-05-14 11:58:17,17,180,35.0,44,299,51,6,Safe,0
2026-05-14 11:58:17,15,214,35.2,43,295,51,6,Safe,0
2026-05-14 11:58:18,17,210,35.1,44,300,50,3,Safe,0
2026-05-14 11:58:18,16,208,34.9,45,305,50,5,Safe,0
2026-05-14 11:58:19,16,182,34.9,46,307,50,5,Safe,0
2026-05-14 11:58:19,16,188,35.1,46,304,51,7,Safe,0
2026-05-14 11:58:20,16,193,35.2,43,309,51,5,Safe,0
2026-05-14 11:58:20,17,202,35.1,44,307,50,7,Safe,0
2026-05-14 11:58:21,16,195,34.9,45,301,51,7,Safe,0
2026-05-14 11:58:21,15,180,34.8,44,295,49,4,Safe,0
2026-05-14 11:58:22,17,201,35.1,46,295,50,5,Safe,0
2026-05-14 11:58:22,16,208,35.2,46,294,49,3,Safe,0
2026-05-14 11:58:23,16,197,34.9,43,300,51,6,Safe,0
2026-05-14 11:58:23,16,216,34.9,45,296,50,7,Safe,0
2026-05-14 11:58:24,16,209,35.0,44,300,49,4,Safe,0
2026-05-14 11:58:24,17,202,34.9,43,302,50,4,Safe,0
2026-05-14 11:58:25,16,199,34.9,45,293,49,5,Safe,0
2026-05-14 11:58:25,16,191,35.1,44,300,49,6,Safe,0
2026-05-14 11:58:26,17,205,35.2,43,303,49,4,Safe,0
2026-05-14 11:58:26,17,216,34.8,46,310,49,5,Safe,0
2026-05-14 11:58:27,16,206,35.2,44,302,49,3,Safe,0
2026-05-14 11:58:27,17,192,34.9,43,310,51,5,Safe,0
2026-05-14 11:58:28,15,209,35.1,43,292,50,7,Safe,0
2026-05-14 11:58:28,15,214,34.9,47,309,51,5,Safe,0
2026-05-14 11:58:29,16,185,35.1,47,306,49,6,Safe,0
2026-05-14 11:58:29,17,209,35.2,44,310,49,3,Safe,0
2026-05-14 11:58:30,17,191,34.9,43,300,50,5,Safe,0
2026-05-14 11:58:30,16,214,34.9,43,295,51,3,Safe,0
2026-05-14 11:58:31,15,196,35.0,46,307,50,5,Safe,0
2026-05-14 11:58:31,15,189,35.0,44,299,50,7,Safe,0
2026-05-14 11:58:32,16,208,34.8,45,310,51,6,Safe,0
2026-05-14 11:58:32,15,184,34.9,45,305,49,6,Safe,0
2026-05-14 11:58:33,15,218,35.1,46,302,49,5,Safe,0
2026-05-14 11:58:33,17,194,35.2,43,299,49,7,Safe,0
2026-05-14 11:58:34,15,210,35.0,46,294,51,4,Safe,0
2026-05-14 11:58:34,17,182,34.9,46,297,51,5,Safe,0
2026-05-14 11:58:35,17,195,34.9,46,291,49,5,Safe,0
2026-05-14 11:58:35,16,200,34.8,43,305,51,3,Safe,0
2026-05-14 11:58:36,17,197,34.8,47,305,49,4,Safe,0
2026-05-14 11:58:36,15,181,35.0,43,310,51,6,Safe,0
2026-05-14 11:58:37,15,190,34.8,47,300,49,7,Safe,0
2026-05-14 11:58:37,15,214,34.8,47,290,51,6,Safe,0
2026-05-14 11:58:38,16,212,34.8,44,310,50,3,Safe,0
2026-05-14 11:58:38,17,220,34.9,44,296,51,4,Safe,0
2026-05-14 11:58:39,16,185,35.0,46,305,49,4,Safe,0
2026-05-14 11:58:39,17,198,35.2,45,301,50,3,Safe,0
2026-05-14 11:58:40,17,192,35.0,46,291,49,4,Safe,0
2026-05-14 11:58:40,17,213,35.0,46,308,50,5,Safe,0
2026-05-14 11:58:41,17,214,35.2,46,302,49,3,Safe,0
2026-05-14 11:58:42,15,201,35.1,44,295,51,4,Safe,0
2026-05-14 11:58:42,16,188,35.1,43,299,51,4,Safe,0
2026-05-14 11:58:43,17,220,35.1,46,305,49,4,Safe,0
2026-05-14 11:58:43,16,208,35.0,43,309,51,4,Safe,0
2026-05-14 11:58:44,15,188,35.2,46,297,49,7,Safe,0
2026-05-14 11:58:44,15,194,35.1,45,308,49,7,Safe,0
2026-05-14 11:58:45,15,186,34.8,44,310,50,3,Safe,0
2026-05-14 11:58:45,17,206,35.0,47,294,51,4,Safe,0
2026-05-14 11:58:46,16,187,34.8,44,300,50,5,Safe,0
2026-05-14 11:58:46,16,188,34.8,43,294,50,5,Safe,0
2026-05-14 11:58:47,16,191,34.9,45,302,50,3,Safe,0
2026-05-14 11:58:47,15,180,35.1,44,299,51,4,Safe,0
2026-05-14 11:58:48,16,212,35.0,44,298,50,5,Safe,0
2026-05-14 11:58:48,16,203,35.0,47,293,51,6,Safe,0
2026-05-14 11:58:49,15,216,35.0,45,295,49,4,Safe,0
2026-05-14 11:58:49,16,187,34.8,44,298,51,6,Safe,0
2026-05-14 11:58:50,17,207,35.0,47,298,49,4,Safe,0
2026-05-14 11:58:50,17,201,35.1,47,295,49,3,Safe,0
2026-05-14 11:58:51,17,208,35.1,47,306,51,5,Safe,0
2026-05-14 11:58:51,17,220,34.8,45,293,51,7,Safe,0
2026-05-14 11:58:52,17,214,35.0,44,294,50,4,Safe,0
2026-05-14 11:58:52,15,207,35.1,43,296,50,5,Safe,0
2026-05-14 11:58:53,17,190,35.0,46,307,49,6,Safe,0
2026-05-14 11:58:53,17,203,35.0,43,309,51,4,Safe,0
2026-05-14 11:58:54,16,186,35.1,45,303,51,6,Safe,0
2026-05-14 11:58:54,16,185,35.0,45,301,50,4,Safe,0
2026-05-14 11:58:55,15,207,35.0,47,301,49,3,Safe,0
2026-05-14 11:58:55,15,208,34.8,45,306,50,4,Safe,0
2026-05-14 11:58:56,17,206,35.0,44,297,51,7,Safe,0
2026-05-14 11:58:56,17,201,34.9,44,299,49,3,Safe,0
2026-05-14 11:58:57,17,207,35.0,44,305,51,7,Safe,0
2026-05-14 11:58:57,15,188,34.9,44,299,50,7,Safe,0
2026-05-14 11:58:58,15,207,34.9,47,290,50,5,Safe,0
2026-05-14 11:58:58,17,209,34.8,43,295,51,4,Safe,0
2026-05-14 11:58:59,17,218,34.9,46,290,50,4,Safe,0
2026-05-14 11:58:59,15,192,35.0,44,301,50,5,Safe,0
2026-05-14 11:59:00,17,200,34.8,46,290,49,6,Safe,0
2026-05-14 11:59:00,17,194,35.0,46,293,51,4,Safe,0
2026-05-14 11:59:01,17,204,34.9,47,291,49,4,Safe,0
2026-05-14 11:59:01,17,198,35.0,44,304,50,4,Safe,0
2026-05-14 11:59:02,17,211,34.9,47,304,49,6,Safe,0
2026-05-14 11:59:02,17,216,35.0,45,291,49,7,Safe,0
2026-05-14 11:59:03,15,212,35.1,45,301,51,7,Safe,0
2026-05-14 11:59:03,15,185,35.1,44,306,50,6,Safe,0
2026-05-14 11:59:04,15,201,35.0,45,302,51,7,Safe,0
2026-05-14 11:59:04,15,220,35.1,45,304,49,3,Safe,0
2026-05-14 11:59:05,15,219,35.2,46,299,49,6,Safe,0
2026-05-14 11:59:05,16,202,34.9,43,291,50,6,Safe,0
2026-05-14 11:59:06,16,208,35.0,44,310,51,7,Safe,0
2026-05-14 11:59:06,16,215,35.2,47,292,50,6,Safe,0
2026-05-14 11:59:07,15,183,34.9,45,309,49,5,Safe,0
2026-05-14 11:59:07,17,196,35.0,47,298,51,3,Safe,0
2026-05-14 11:59:08,15,185,35.0,44,308,50,6,Safe,0
2026-05-14 11:59:08,16,218,34.8,44,307,49,7,Safe,0
2026-05-14 11:59:09,15,189,34.9,47,295,50,5,Safe,0
2026-05-14 11:59:09,17,212,35.1,46,297,49,7,Safe,0
2026-05-14 11:59:10,17,209,35.1,45,303,49,6,Safe,0
2026-05-14 11:59:10,15,195,35.2,43,295,50,7,Safe,0
2026-05-14 11:59:11,15,208,34.8,46,292,50,4,Safe,0
2026-05-14 11:59:11,16,202,34.9,47,309,49,7,Safe,0
2026-05-14 11:59:12,15,182,34.9,46,301,51,6,Safe,0
2026-05-14 11:59:12,15,195,35.1,45,293,49,4,Safe,0
2026-05-14 11:59:13,15,191,35.1,47,305,50,6,Safe,0
2026-05-14 11:59:13,15,181,34.9,44,294,50,5,Safe,0
2026-05-14 11:59:14,16,190,35.0,44,304,50,4,Safe,0
2026-05-14 11:59:15,16,189,34.9,43,300,51,5,Safe,0
2026-05-14 11:59:15,17,194,35.0,44,298,49,6,Safe,0
2026-05-14 11:59:16,16,218,34.9,44,294,50,3,Safe,0
2026-05-14 11:59:16,17,188,34.9,43,299,49,6,Safe,0
2026-05-14 11:59:17,15,212,35.0,46,309,50,7,Safe,0
2026-05-14 11:59:17,15,180,35.2,46,304,51,5,Safe,0
2026-05-14 11:59:18,17,217,35.1,46,305,50,7,Safe,0
2026-05-14 11:59:18,15,215,35.0,45,304,51,4,Safe,0
2026-05-14 11:59:19,17,196,34.9,46,307,50,5,Safe,0
2026-05-14 11:59:19,16,197,35.0,46,300,49,5,Safe,0
2026-05-14 11:59:20,17,216,35.0,45,306,51,5,Safe,0
2026-05-14 11:59:20,16,188,35.0,45,308,51,5,Safe,0
2026-05-14 11:59:21,17,216,35.0,44,304,50,7,Safe,0
2026-05-14 11:59:21,16,220,35.0,44,310,51,6,Safe,0
2026-05-14 11:59:22,17,188,34.8,45,307,51,7,Safe,0
2026-05-14 11:59:22,17,206,35.0,43,310,51,3,Safe,0
2026-05-14 11:59:23,15,196,35.1,47,300,50,3,Safe,0
2026-05-14 11:59:23,16,200,34.8,44,302,49,6,Safe,0
2026-05-14 11:59:24,15,184,34.9,44,294,49,6,Safe,0
2026-05-14 11:59:24,17,207,34.8,43,301,51,4,Safe,0
2026-05-14 11:59:25,15,211,35.0,43,291,51,5,Safe,0
2026-05-14 11:59:25,17,199,35.2,47,309,49,6,Safe,0
2026-05-14 11:59:26,17,186,34.9,44,305,51,6,Safe,0
2026-05-14 11:59:26,15,198,35.2,47,307,51,4,Safe,0
2026-05-14 11:59:27,17,203,35.2,44,303,50,4,Safe,0
2026-05-14 11:59:27,15,198,35.0,45,291,49,7,Safe,0
2026-05-14 11:59:28,15,199,35.2,47,297,50,5,Safe,0
2026-05-14 11:59:28,17,199,35.1,44,292,50,6,Safe,0
2026-05-14 11:59:29,16,200,34.8,44,295,49,7,Safe,0
2026-05-14 11:59:29,15,180,35.0,47,302,49,7,Safe,0
2026-05-14 11:59:30,15,186,34.8,46,295,50,6,Safe,0
2026-05-14 11:59:30,15,201,34.9,45,294,50,5,Safe,0
2026-05-14 11:59:31,17,215,35.1,46,301,50,4,Safe,0
2026-05-14 11:59:31,16,206,34.9,46,309,49,3,Safe,0
2026-05-14 11:59:32,17,190,35.0,44,292,49,6,Safe,0
2026-05-14 11:59:32,17,196,34.8,47,297,50,3,Safe,0
2026-05-14 11:59:33,16,183,35.1,44,304,49,6,Safe,0
2026-05-14 11:59:33,17,213,34.8,43,301,51,4,Safe,0
2026-05-14 11:59:34,17,183,34.9,46,294,49,5,Safe,0
2026-05-14 11:59:34,15,220,35.1,45,302,49,6,Safe,0
2026-05-14 11:59:35,17,190,34.9,44,297,50,3,Safe,0
2026-05-14 11:59:35,16,180,34.9,43,298,50,3,Safe,0
2026-05-14 11:59:36,16,202,34.8,47,293,51,4,Safe,0
2026-05-14 11:59:36,16,213,35.1,47,307,49,7,Safe,0
2026-05-14 11:59:37,15,187,35.1,45,309,49,3,Safe,0
2026-05-14 11:59:37,16,208,35.1,46,301,50,5,Safe,0
2026-05-14 11:59:38,16,192,35.2,46,307,50,6,Safe,0
2026-05-14 11:59:38,15,198,34.9,47,302,49,3,Safe,0
2026-05-14 11:59:39,16,210,35.1,47,291,49,6,Safe,0
2026-05-14 11:59:39,15,197,34.9,46,307,50,3,Safe,0
2026-05-14 11:59:40,17,185,35.1,44,307,49,6,Safe,0
2026-05-14 11:59:40,15,209,35.0,45,299,50,6,Safe,0
2026-05-14 11:59:41,16,204,35.1,46,295,51,5,Safe,0
2026-05-14 11:59:42,17,202,34.9,46,302,50,5,Safe,0
2026-05-14 11:59:42,16,217,35.1,45,308,49,6,Safe,0
2026-05-14 11:59:43,17,191,35.2,46,309,49,5,Safe,0
2026-05-14 11:59:43,17,190,35.0,44,299,50,7,Safe,0
2026-05-14 11:59:44,17,200,35.0,44,301,49,5,Safe,0
2026-05-14 11:59:44,16,185,34.9,44,300,50,5,Safe,0
2026-05-14 11:59:45,15,193,34.9,44,304,51,5,Safe,0
2026-05-14 11:59:45,17,182,35.1,45,293,51,4,Safe,0
2026-05-14 11:59:46,16,217,35.2,43,306,50,7,Safe,0
2026-05-14 11:59:46,17,189,35.1,43,295,50,5,Safe,0
2026-05-14 11:59:47,16,218,35.1,44,291,49,5,Safe,0
2026-05-14 11:59:47,16,189,35.2,45,290,50,7,Safe,0
2026-05-14 11:59:48,17,188,35.1,45,310,49,5,Safe,0
2026-05-14 11:59:48,16,198,35.2,44,301,50,5,Safe,0
2026-05-14 11:59:49,17,210,35.2,43,296,51,7,Safe,0
2026-05-14 11:59:49,15,191,34.8,46,310,51,5,Safe,0
2026-05-14 11:59:50,16,190,35.1,45,302,51,4,Safe,0
2026-05-14 11:59:50,16,209,35.1,46,290,49,7,Safe,0
2026-05-14 11:59:51,17,208,35.1,47,306,49,7,Safe,0
2026-05-14 11:59:51,15,216,34.9,46,290,49,6,Safe,0
2026-05-14 11:59:52,17,219,35.0,46,310,49,5,Safe,0
2026-05-14 11:59:52,16,184,35.0,46,300,51,5,Safe,0
2026-05-14 11:59:53,17,220,35.1,43,304,50,5,Safe,0
2026-05-14 11:59:53,17,202,35.0,45,298,50,4,Safe,0
2026-05-14 11:59:54,16,190,35.1,43,293,51,6,Safe,0
2026-05-14 11:59:54,15,183,35.1,47,306,51,4,Safe,0
2026-05-14 11:59:55,17,212,35.1,45,309,50,7,Safe,0
2026-05-14 11:59:55,16,194,35.0,47,291,51,4,Safe,0
2026-05-14 11:59:56,17,195,34.9,46,297,49,3,Safe,0
2026-05-14 11:59:56,15,217,35.1,45,303,49,4,Safe,0
2026-05-14 11:59:57,16,197,35.2,47,306,51,6,Safe,0
2026-05-14 11:59:57,16,197,34.9,47,295,50,4,Safe,0
2026-05-14 11:59:58,17,187,34.9,43,296,51,3,Safe,0
2026-05-14 11:59:58,16,190,34.8,47,305,50,7,Safe,0
2026-05-14 11:59:59,16,208,35.1,46,305,50,4,Safe,0
2026-05-14 11:59:59,17,209,35.1,43,304,51,3,Safe,0
2026-05-14 12:00:00,17,188,34.9,46,290,51,3,Safe,0
2026-05-14 12:00:00,17,218,35.0,46,301,51,6,Safe,0
2026-05-14 12:00:01,15,202,35.1,43,297,51,7,Safe,0
2026-05-14 12:00:01,15,213,35.2,46,297,51,4,Safe,0
2026-05-14 12:00:02,17,209,34.9,46,304,50,3,Safe,0
2026-05-14 12:00:02,17,192,34.9,44,308,50,5,Safe,0
2026-05-14 12:00:03,15,199,35.0,43,300,51,4,Safe,0
2026-05-14 12:00:03,16,188,35.0,44,299,49,7,Safe,0
2026-05-14 12:00:04,17,181,35.1,44,297,50,3,Safe,0
2026-05-14 12:00:04,17,186,35.1,43,305,49,7,Safe,0
2026-05-14 12:00:05,16,215,34.8,44,298,51,5,Safe,0
2026-05-14 12:00:05,15,211,34.8,44,294,51,3,Safe,0
2026-05-14 12:00:06,17,181,35.1,45,301,51,6,Safe,0
2026-05-14 12:00:07,17,206,34.9,45,305,50,3,Safe,0
2026-05-14 12:00:07,17,213,34.9,47,307,51,7,Safe,0
2026-05-14 12:00:08,16,220,34.9,46,307,50,4,Safe,0
2026-05-14 12:00:08,17,184,34.9,46,291,50,5,Safe,0
2026-05-14 12:00:09,15,186,35.1,45,304,49,7,Safe,0
2026-05-14 12:00:09,16,214,34.8,46,306,49,5,Safe,0
2026-05-14 12:00:10,15,186,35.1,46,306,50,5,Safe,0
2026-05-14 12:00:10,17,191,35.0,47,303,49,3,Safe,0
2026-05-14 12:00:11,15,202,35.1,46,304,51,5,Safe,0
2026-05-14 12:00:11,15,184,35.1,47,301,49,5,Safe,0
2026-05-14 12:00:12,17,198,34.9,43,291,50,3,Safe,0
2026-05-14 12:00:12,17,220,34.9,46,304,50,6,Safe,0
2026-05-14 12:00:13,15,217,34.9,43,294,51,4,Safe,0
2026-05-14 12:00:13,16,191,34.8,47,305,49,7,Safe,0
2026-05-14 12:00:14,15,209,34.9,44,291,51,3,Safe,0
2026-05-14 12:00:14,17,219,35.0,47,291,49,6,Safe,0
2026-05-14 12:00:15,16,196,35.0,44,292,51,7,Safe,0
2026-05-14 12:00:15,16,201,35.0,43,305,49,7,Safe,0
2026-05-14 12:00:16,16,203,34.9,45,301,50,3,Safe,0
2026-05-14 12:00:16,16,204,34.9,46,300,49,4,Safe,0
2026-05-14 12:00:17,15,181,34.9,43,303,50,5,Safe,0
2026-05-14 12:00:17,16,191,35.0,44,293,49,6,Safe,0
2026-05-14 12:00:18,15,180,35.0,46,292,51,7,Safe,0
2026-05-14 12:00:18,15,217,35.0,47,300,50,6,Safe,0
2026-05-14 12:00:19,16,194,34.9,47,308,50,7,Safe,0
2026-05-14 12:00:19,15,194,35.1,45,296,50,4,Safe,0
2026-05-14 12:00:20,16,216,34.9,47,295,51,5,Safe,0
2026-05-14 12:00:20,16,210,34.9,44,308,49,7,Safe,0
2026-05-14 12:00:21,17,196,34.8,43,305,49,3,Safe,0
2026-05-14 12:00:21,16,210,35.2,44,291,51,7,Safe,0
2026-05-14 12:00:22,16,191,35.1,45,305,49,4,Safe,0
2026-05-14 12:00:22,16,207,35.2,46,298,49,5,Safe,0
2026-05-14 12:00:23,16,210,35.1,46,308,50,5,Safe,0
2026-05-14 12:00:23,15,190,35.1,43,303,49,4,Safe,0
2026-05-14 12:00:24,16,197,34.9,45,306,50,4,Safe,0
2026-05-14 12:00:24,15,216,34.9,46,298,51,7,Safe,0
2026-05-14 12:00:25,15,180,35.0,47,291,50,6,Safe,0
2026-05-14 12:00:25,15,213,34.9,47,303,51,7,Safe,0
2026-05-14 12:00:26,15,187,35.1,44,302,49,6,Safe,0
2026-05-14 12:00:26,15,181,35.0,43,299,50,3,Safe,0
2026-05-14 12:00:27,15,195,34.9,46,290,51,6,Safe,0
2026-05-14 12:00:27,16,214,35.1,46,300,50,7,Safe,0
2026-05-14 12:00:28,15,184,35.1,47,305,51,3,Safe,0
2026-05-14 12:00:28,17,198,35.0,45,290,51,4,Safe,0
2026-05-14 12:00:29,15,192,34.8,47,304,50,7,Safe,0
2026-05-14 12:00:29,16,206,35.1,44,301,51,4,Safe,0
2026-05-14 12:00:30,15,210,35.1,44,292,51,7,Safe,0
2026-05-14 12:00:30,17,197,34.9,46,300,49,7,Safe,0
2026-05-14 12:00:31,15,192,35.1,46,300,51,4,Safe,0
2026-05-14 12:00:31,16,203,34.9,45,291,50,3,Safe,0
2026-05-14 12:00:32,16,213,34.9,45,290,50,5,Safe,0
2026-05-14 12:00:32,15,189,34.9,44,292,51,6,Safe,0
2026-05-14 12:00:33,17,189,35.1,43,304,51,3,Safe,0
2026-05-14 12:00:34,16,199,34.9,43,293,50,3,Safe,0
2026-05-14 12:00:34,17,210,34.9,47,307,51,7,Safe,0
2026-05-14 12:00:35,16,189,35.0,44,300,51,7,Safe,0
2026-05-14 12:00:35,17,204,35.0,43,292,49,7,Safe,0
2026-05-14 12:00:36,17,199,35.1,45,290,49,7,Safe,0
2026-05-14 12:00:36,16,196,34.9,47,293,49,6,Safe,0
2026-05-14 12:00:37,15,199,35.2,45,295,51,3,Safe,0
2026-05-14 12:00:37,16,192,35.2,45,296,49,7,Safe,0
2026-05-14 12:00:38,16,197,34.8,43,297,50,4,Safe,0
2026-05-14 12:00:38,15,214,35.1,43,297,51,7,Safe,0
2026-05-14 12:00:39,16,210,35.1,47,305,51,7,Safe,0
2026-05-14 12:00:39,17,199,34.8,45,309,50,4,Safe,0
2026-05-14 12:00:40,16,206,35.2,46,299,51,6,Safe,0
2026-05-14 12:00:40,15,220,35.1,45,297,50,5,Safe,0
2026-05-14 12:00:41,16,180,34.8,45,297,51,7,Safe,0
2026-05-14 12:00:41,16,219,34.9,43,301,50,7,Safe,0
2026-05-14 12:00:42,16,190,35.0,45,309,49,6,Safe,0
2026-05-14 12:00:42,17,208,35.1,44,292,50,3,Safe,0
2026-05-14 12:00:43,15,204,34.9,44,296,49,3,Safe,0
2026-05-14 12:00:43,16,211,35.0,43,298,50,7,Safe,0
2026-05-14 12:00:44,17,195,34.8,44,291,50,4,Safe,0
2026-05-14 12:00:44,15,218,35.1,44,305,50,7,Safe,0
2026-05-14 12:00:45,17,208,34.8,47,295,50,7,Safe,0
2026-05-14 12:00:45,16,204,34.9,47,309,50,5,Safe,0
2026-05-14 12:00:46,16,202,35.0,43,302,50,4,Safe,0
2026-05-14 12:00:46,16,218,35.2,43,293,49,6,Safe,0
2026-05-14 12:00:47,15,180,35.0,43,300,50,6,Safe,0
2026-05-14 12:00:47,17,212,34.9,43,309,50,7,Safe,0
2026-05-14 12:00:48,17,197,34.8,44,294,51,4,Safe,0
2026-05-14 12:00:48,17,198,35.2,45,290,51,3,Safe,0
2026-05-14 12:00:49,16,217,34.9,47,302,49,7,Safe,0
2026-05-14 12:00:49,15,187,35.1,46,290,49,5,Safe,0
2026-05-14 12:00:50,16,190,34.8,43,305,49,3,Safe,0
2026-05-14 12:00:50,15,184,35.1,47,309,49,6,Safe,0
2026-05-14 12:00:51,16,198,34.8,43,307,49,4,Safe,0
2026-05-14 12:00:51,17,180,34.9,43,297,49,5,Safe,0
2026-05-14 12:00:52,16,180,35.1,44,304,49,3,Safe,0
2026-05-14 12:00:52,15,215,34.9,47,290,50,5,Safe,0
2026-05-14 12:00:53,15,218,35.1,44,298,49,5,Safe,0
2026-05-14 12:00:53,15,205,34.9,46,301,49,6,Safe,0
2026-05-14 12:00:54,16,180,35.0,45,304,49,6,Safe,0
2026-05-14 12:00:54,16,192,34.9,46,306,50,4,Safe,0
2026-05-14 12:00:55,16,203,35.2,43,291,49,4,Safe,0
2026-05-14 12:00:55,15,210,35.2,44,294,50,3,Safe,0
2026-05-14 12:00:56,15,197,35.0,45,308,50,3,Safe,0
2026-05-14 12:00:56,17,180,35.1,46,295,50,3,Safe,0
2026-05-14 12:00:57,17,216,35.0,47,304,50,4,Safe,0
2026-05-14 12:00:57,17,219,35.1,45,304,51,3,Safe,0
2026-05-14 12:00:58,17,203,34.8,47,297,51,6,Safe,0
2026-05-14 12:00:58,17,188,34.9,47,299,51,3,Safe,0
2026-05-14 12:00:59,15,189,35.2,47,291,50,5,Safe,0
2026-05-14 12:00:59,16,192,34.9,45,296,50,7,Safe,0
2026-05-14 12:01:00,16,215,34.8,46,300,50,4,Safe,0
2026-05-14 12:01:00,15,182,35.0,43,309,51,7,Safe,0
2026-05-14 12:01:01,15,190,34.9,47,291,51,4,Safe,0
2026-05-14 12:01:01,16,199,35.0,45,305,49,6,Safe,0
2026-05-14 12:01:02,16,217,34.9,43,301,49,5,Safe,0
2026-05-14 12:01:02,15,218,34.8,44,308,51,7,Safe,0
2026-05-14 12:01:03,16,199,35.1,43,296,51,6,Safe,0
2026-05-14 12:01:03,16,196,35.1,45,297,49,5,Safe,0
2026-05-14 12:01:04,16,186,35.0,46,306,50,4,Safe,0
2026-05-14 12:01:04,15,208,35.1,47,302,49,3,Safe,0
2026-05-14 12:01:05,16,185,34.9,45,296,51,3,Safe,0
2026-05-14 12:01:05,15,203,34.9,45,295,50,4,Safe,0
2026-05-14 12:01:06,16,195,34.9,47,309,50,4,Safe,0
2026-05-14 12:01:06,15,216,35.0,44,294,49,7,Safe,0
2026-05-14 12:01:07,17,212,34.8,44,303,51,4,Safe,0
2026-05-14 12:01:08,15,208,35.1,47,303,50,3,Safe,0
2026-05-14 12:01:08,16,213,34.8,45,291,50,5,Safe,0
2026-05-14 12:01:09,16,196,35.1,43,303,49,7,Safe,0
2026-05-14 12:01:09,17,191,35.1,44,296,50,6,Safe,0
2026-05-14 12:01:10,15,212,35.0,47,303,51,3,Safe,0
2026-05-14 12:01:10,16,180,35.1,44,299,49,3,Safe,0
2026-05-14 12:01:11,15,202,34.9,44,294,49,5,Safe,0
2026-05-14 12:01:11,15,191,35.0,46,306,49,6,Safe,0
2026-05-14 12:01:12,17,180,35.0,47,310,51,7,Safe,0
2026-05-14 12:01:12,15,199,34.8,46,296,51,5,Safe,0
2026-05-14 12:01:13,17,201,35.1,46,291,49,7,Safe,0
2026-05-14 12:01:13,17,196,34.8,44,308,51,7,Safe,0
2026-05-14 12:01:14,15,208,35.2,45,310,51,6,Safe,0
2026-05-14 12:01:14,15,187,35.0,43,308,51,3,Safe,0
2026-05-14 12:01:15,17,211,35.2,44,310,49,6,Safe,0
2026-05-14 12:01:15,17,204,34.9,43,302,50,3,Safe,0
2026-05-14 12:01:16,16,219,35.0,45,302,49,5,Safe,0
2026-05-14 12:01:16,15,197,35.0,46,297,49,5,Safe,0
2026-05-14 12:01:17,15,197,34.8,44,292,49,4,Safe,0
2026-05-14 12:01:17,15,198,34.9,45,295,51,4,Safe,0
2026-05-14 12:01:18,17,184,35.1,45,308,50,7,Safe,0
2026-05-14 12:01:18,16,187,34.8,46,302,50,3,Safe,0
2026-05-14 12:01:19,16,183,34.8,47,304,49,6,Safe,0
2026-05-14 12:01:19,15,218,35.0,43,304,50,5,Safe,0
2026-05-14 12:01:20,17,188,34.8,47,307,49,3,Safe,0
2026-05-14 12:01:20,17,193,35.1,43,297,51,6,Safe,0
2026-05-14 12:01:21,17,220,35.0,44,303,51,6,Safe,0
2026-05-14 12:01:21,17,214,35.1,44,297,51,5,Safe,0
2026-05-14 12:01:22,15,197,35.0,45,296,51,4,Safe,0
2026-05-14 12:01:22,16,191,35.1,45,291,50,6,Safe,0
2026-05-14 12:01:23,17,198,35.0,44,303,51,3,Safe,0
2026-05-14 12:01:23,15,206,35.0,43,293,51,5,Safe,0
2026-05-14 12:01:24,16,199,34.9,43,294,49,6,Safe,0
2026-05-14 12:01:24,16,220,35.1,47,291,50,5,Safe,0
2026-05-14 12:01:25,16,182,34.9,45,291,51,7,Safe,0
2026-05-14 12:01:25,15,219,34.9,47,310,49,3,Safe,0
2026-05-14 12:01:26,17,199,34.8,47,296,50,6,Safe,0
2026-05-14 12:01:26,16,208,35.1,43,290,50,3,Safe,0
2026-05-14 12:01:27,16,189,34.8,44,299,51,7,Safe,0
2026-05-14 12:01:27,17,196,35.0,47,298,51,7,Safe,0
2026-05-14 12:01:28,17,215,35.1,44,301,50,3,Safe,0
2026-05-14 12:01:28,15,217,35.2,44,296,50,6,Safe,0
2026-05-14 12:01:29,15,209,35.1,45,291,51,4,Safe,0
2026-05-14 12:01:29,15,209,35.0,43,305,51,5,Safe,0
2026-05-14 12:01:30,15,215,35.2,45,306,51,6,Safe,0
2026-05-14 12:01:30,15,189,34.8,44,292,49,7,Safe,0
2026-05-14 12:01:31,17,220,35.0,44,295,51,5,Safe,0
2026-05-14 12:01:31,17,183,34.9,43,305,51,7,Safe,0
2026-05-14 12:01:32,16,207,34.9,44,296,50,3,Safe,0
2026-05-14 12:01:32,17,183,34.9,44,295,51,3,Safe,0
2026-05-14 12:01:33,15,211,34.9,46,300,51,6,Safe,0
2026-05-14 12:01:33,17,192,35.2,46,305,50,3,Safe,0
2026-05-14 12:01:34,16,192,35.0,47,290,49,7,Safe,0
2026-05-14 12:01:34,15,212,34.9,45,306,49,6,Safe,0
2026-05-14 12:01:35,17,201,35.0,47,291,50,6,Safe,0
2026-05-14 12:01:35,16,185,35.1,43,294,51,4,Safe,0
2026-05-14 12:01:36,17,218,35.0,46,297,49,6,Safe,0
2026-05-14 12:01:36,17,201,35.0,46,295,50,4,Safe,0
2026-05-14 12:01:37,15,206,35.1,44,293,49,4,Safe,0
2026-05-14 12:01:37,16,200,34.8,43,299,51,5,Safe,0
2026-05-14 12:01:38,16,219,34.8,47,305,51,4,Safe,0
2026-05-14 12:01:38,16,216,34.9,43,299,49,6,Safe,0
2026-05-14 12:01:39,16,188,35.2,44,310,50,4,Safe,0
2026-05-14 12:01:39,15,192,35.2,45,302,50,3,Safe,0
2026-05-14 12:01:40,16,219,35.1,47,296,51,7,Safe,0
2026-05-14 12:01:40,17,185,35.1,46,306,49,3,Safe,0
2026-05-14 12:01:41,17,196,35.0,46,298,51,5,Safe,0
2026-05-14 12:01:41,15,190,34.9,46,296,49,7,Safe,0
2026-05-14 12:01:42,15,212,35.0,44,305,50,4,Safe,0
2026-05-14 12:01:42,17,196,35.1,45,304,50,7,Safe,0
2026-05-14 12:01:43,16,217,35.1,46,298,51,3,Safe,0
2026-05-14 12:01:43,16,194,35.1,45,293,51,6,Safe,0
2026-05-14 12:01:44,17,216,35.0,47,307,51,4,Safe,0
2026-05-14 12:01:44,16,216,35.1,47,295,49,7,Safe,0
2026-05-14 12:01:45,17,182,34.8,47,290,50,3,Safe,0
2026-05-14 12:01:45,16,216,34.9,46,303,49,3,Safe,0
2026-05-14 12:01:46,16,205,35.0,43,300,49,4,Safe,0
2026-05-14 12:01:47,15,192,34.8,46,298,50,7,Safe,0
2026-05-14 12:01:47,16,212,35.1,43,303,49,6,Safe,0
2026-05-14 12:01:48,17,202,34.9,46,290,51,6,Safe,0
2026-05-14 12:01:48,15,200,35.0,43,305,51,7,Safe,0
2026-05-14 12:01:49,15,203,34.8,47,291,51,6,Safe,0
2026-05-14 12:01:49,17,210,35.2,47,293,50,6,Safe,0
2026-05-14 12:01:50,15,216,35.1,44,307,51,7,Safe,0
2026-05-14 12:01:50,17,187,34.8,46,301,49,6,Safe,0
2026-05-14 12:01:51,16,194,34.9,47,292,50,6,Safe,0
2026-05-14 12:01:51,17,220,34.9,44,298,49,3,Safe,0
2026-05-14 12:01:52,16,220,35.1,44,305,50,7,Safe,0
2026-05-14 12:01:52,17,192,34.9,44,296,51,5,Safe,0
2026-05-14 12:01:53,16,217,35.0,44,302,49,5,Safe,0
2026-05-14 12:01:53,15,217,34.8,46,307,51,5,Safe,0
2026-05-14 12:01:54,15,181,35.0,47,293,49,4,Safe,0
2026-05-14 12:01:54,17,215,35.0,47,300,49,4,Safe,0
2026-05-14 12:01:55,16,194,34.8,43,306,51,7,Safe,0
2026-05-14 12:01:55,17,205,34.9,43,300,50,6,Safe,0
2026-05-14 12:01:56,17,199,35.0,47,304,50,7,Safe,0
2026-05-14 12:01:56,17,189,35.2,43,297,51,4,Safe,0
2026-05-14 12:01:57,16,192,35.0,45,297,51,4,Safe,0
2026-05-14 12:01:57,15,215,35.2,45,306,51,7,Safe,0
2026-05-14 12:01:58,16,187,35.0,43,292,49,4,Safe,0
2026-05-14 12:01:58,15,193,34.9,46,290,50,4,Safe,0
2026-05-14 12:01:59,17,211,34.9,46,306,51,3,Safe,0
2026-05-14 12:01:59,17,186,35.0,45,301,49,6,Safe,0
2026-05-14 12:02:00,16,193,35.0,46,294,51,4,Safe,0
2026-05-14 12:02:00,15,202,35.1,46,308,51,5,Safe,0
2026-05-14 12:02:01,15,210,34.9,47,301,51,5,Safe,0
2026-05-14 12:02:01,15,220,34.9,46,292,49,6,Safe,0
2026-05-14 12:02:02,16,192,35.1,44,290,49,5,Safe,0
2026-05-14 12:02:02,16,214,35.1,45,309,51,3,Safe,0
2026-05-14 12:02:03,17,195,35.1,47,302,49,3,Safe,0
2026-05-14 12:02:03,16,185,34.9,45,306,51,4,Safe,0
2026-05-14 12:02:04,15,213,34.9,43,290,50,4,Safe,0
2026-05-14 12:02:04,17,193,34.8,46,300,50,3,Safe,0
2026-05-14 12:02:05,16,186,34.9,46,304,50,7,Safe,0
2026-05-14 12:02:05,17,185,34.9,45,300,51,4,Safe,0
2026-05-14 12:02:06,15,213,35.1,47,296,50,7,Safe,0
2026-05-14 12:02:06,16,185,35.2,46,307,49,6,Safe,0
2026-05-14 12:02:07,17,210,35.1,47,298,50,5,Safe,0
2026-05-14 12:02:07,17,209,35.1,46,308,49,4,Safe,0
2026-05-14 12:02:08,17,220,34.8,47,300,51,4,Safe,0
2026-05-14 12:02:08,16,183,35.1,44,310,50,3,Safe,0
2026-05-14 12:02:09,17,207,34.9,45,300,51,3,Safe,0
2026-05-14 12:02:09,16,202,34.9,47,303,51,6,Safe,0
2026-05-14 12:02:10,16,186,35.1,44,310,50,5,Safe,0
2026-05-14 12:02:10,17,205,35.1,45,304,50,4,Safe,0
2026-05-14 12:02:11,16,209,35.0,44,300,49,6,Safe,0
2026-05-14 12:02:11,17,209,35.1,44,302,51,7,Safe,0
2026-05-14 12:02:12,15,218,34.9,43,308,49,4,Safe,0
2026-05-14 12:02:12,16,189,35.1,43,303,51,3,Safe,0
2026-05-14 12:02:13,17,194,34.8,47,295,50,6,Safe,0
2026-05-14 12:02:13,15,200,35.1,43,308,51,5,Safe,0
2026-05-14 12:02:14,17,180,35.0,47,310,49,7,Safe,0
2026-05-14 12:02:14,16,212,35.0,46,297,50,3,Safe,0
2026-05-14 12:02:15,16,207,35.0,47,297,49,5,Safe,0
2026-05-14 12:02:16,16,206,35.0,46,299,49,3,Safe,0
2026-05-14 12:02:16,16,202,34.9,46,293,49,6,Safe,0
2026-05-14 12:02:17,15,192,35.1,43,291,50,4,Safe,0
2026-05-14 12:02:17,17,202,35.2,44,297,49,5,Safe,0
2026-05-14 12:02:18,15,200,34.8,43,308,49,7,Safe,0
2026-05-14 12:02:18,17,216,34.9,44,303,51,5,Safe,0
2026-05-14 12:02:19,16,181,35.2,47,299,49,3,Safe,0
2026-05-14 12:02:19,17,203,35.0,46,308,49,4,Safe,0
2026-05-14 12:02:20,15,192,35.0,45,301,51,7,Safe,0
2026-05-14 12:02:20,17,210,35.0,43,291,51,5,Safe,0
2026-05-14 12:02:21,16,219,34.9,44,306,50,5,Safe,0
2026-05-14 12:02:21,17,210,35.0,43,305,50,7,Safe,0
2026-05-14 12:02:22,15,200,35.1,47,309,51,4,Safe,0
2026-05-14 12:02:22,16,185,34.8,43,304,49,3,Safe,0
2026-05-14 12:02:23,16,183,35.1,43,306,51,5,Safe,0
2026-05-14 12:02:23,16,185,34.9,44,308,50,7,Safe,0
2026-05-14 12:02:24,16,209,35.1,45,295,50,6,Safe,0
2026-05-14 12:02:24,16,220,35.1,43,303,51,7,Safe,0
2026-05-14 12:02:25,15,212,34.9,45,303,50,5,Safe,0
2026-05-14 12:02:25,16,189,34.9,45,304,51,3,Safe,0
2026-05-14 12:02:26,16,188,34.9,46,297,50,4,Safe,0
2026-05-14 12:02:26,15,206,35.2,43,303,51,7,Safe,0
2026-05-14 12:02:27,17,183,34.9,46,304,50,5,Safe,0
2026-05-14 12:02:27,17,196,35.1,46,290,51,4,Safe,0
2026-05-14 12:02:28,16,217,34.9,44,296,50,6,Safe,0
2026-05-14 12:02:28,16,195,35.0,46,292,49,4,Safe,0
2026-05-14 12:02:29,16,197,35.2,44,302,50,4,Safe,0
2026-05-14 12:02:29,15,204,35.0,45,296,49,5,Safe,0
2026-05-14 12:02:30,15,205,34.8,47,290,50,5,Safe,0
2026-05-14 12:02:30,15,216,35.1,46,309,51,6,Safe,0
2026-05-14 12:02:31,16,219,35.2,46,302,51,3,Safe,0
2026-05-14 12:02:31,16,206,34.9,43,306,49,4,Safe,0
2026-05-14 12:02:32,15,215,34.9,43,310,49,4,Safe,0
2026-05-14 12:02:32,17,205,35.2,43,295,49,4,Safe,0
2026-05-14 12:02:33,16,186,35.1,46,295,50,7,Safe,0
2026-05-14 12:02:33,17,196,34.9,47,304,49,4,Safe,0
2026-05-14 12:02:34,16,190,34.9,45,308,51,5,Safe,0
2026-05-14 12:02:34,15,180,35.0,47,309,49,7,Safe,0
2026-05-14 12:02:35,17,209,35.2,45,303,49,3,Safe,0
2026-05-14 12:02:35,15,182,35.0,43,299,51,6,Safe,0
2026-05-14 12:02:36,17,191,35.1,43,291,51,6,Safe,0
2026-05-14 12:02:36,17,197,34.9,43,300,50,5,Safe,0
2026-05-14 12:02:37,15,210,34.9,43,293,50,3,Safe,0
2026-05-14 12:02:37,17,188,35.1,46,296,49,3,Safe,0
2026-05-14 12:02:38,15,212,34.9,47,292,50,6,Safe,0
2026-05-14 12:02:38,16,217,35.2,44,305,51,4,Safe,0
2026-05-14 12:02:39,17,191,35.0,47,302,51,5,Safe,0
2026-05-14 12:02:39,16,214,34.9,44,300,50,6,Safe,0
2026-05-14 12:02:40,15,220,35.1,45,308,51,5,Safe,0
2026-05-14 12:02:40,15,206,35.2,46,298,51,7,Safe,0
2026-05-14 12:02:41,17,187,35.0,47,302,50,3,Safe,0
2026-05-14 12:02:41,15,196,35.1,45,300,51,5,Safe,0
2026-05-14 12:02:42,16,214,34.9,46,307,51,6,Safe,0
2026-05-14 12:02:42,16,196,35.0,44,292,50,4,Safe,0
2026-05-14 12:02:43,17,192,35.2,46,290,50,6,Safe,0
2026-05-14 12:02:43,16,207,35.0,44,307,51,3,Safe,0
2026-05-14 12:02:44,15,196,35.1,45,308,49,6,Safe,0
2026-05-14 12:02:44,17,205,34.9,43,304,50,6,Safe,0
2026-05-14 12:02:45,16,181,35.1,44,304,50,5,Safe,0
2026-05-14 12:02:45,17,219,34.8,47,290,51,6,Safe,0
2026-05-14 12:02:46,15,211,35.0,47,292,49,6,Safe,0
2026-05-14 12:02:46,16,185,35.0,45,293,50,7,Safe,0
2026-05-14 12:02:47,16,220,35.1,46,293,51,4,Safe,0
2026-05-14 12:02:47,15,220,34.9,46,307,50,7,Safe,0
2026-05-14 12:02:48,15,207,35.0,44,293,49,5,Safe,0
2026-05-14 12:02:48,15,185,35.2,44,309,51,6,Safe,0
2026-05-14 12:02:49,15,216,34.8,44,290,51,3,Safe,0
2026-05-14 12:02:49,16,181,34.9,47,293,51,4,Safe,0
2026-05-14 12:02:50,15,207,34.9,45,290,49,5,Safe,0
2026-05-14 12:02:50,17,203,34.8,44,301,50,3,Safe,0
2026-05-14 12:02:51,16,202,34.9,47,292,51,5,Safe,0
2026-05-14 12:02:51,15,184,35.1,44,295,50,5,Safe,0
2026-05-14 12:02:52,16,188,35.1,43,301,49,5,Safe,0
2026-05-14 12:02:53,17,194,35.2,46,310,49,4,Safe,0
2026-05-14 12:02:53,16,185,35.0,45,302,51,4,Safe,0
2026-05-14 12:02:54,15,192,35.0,43,295,50,5,Safe,0
2026-05-14 12:02:54,15,196,35.0,44,293,50,3,Safe,0
2026-05-14 12:02:55,17,188,34.9,45,295,50,5,Safe,0
2026-05-14 12:02:55,15,202,34.9,44,298,51,6,Safe,0
2026-05-14 12:02:56,15,201,35.0,43,302,50,7,Safe,0
2026-05-14 12:02:56,15,213,35.0,43,296,51,6,Safe,0
2026-05-14 12:02:57,15,200,35.1,46,303,50,5,Safe,0
2026-05-14 12:02:57,16,220,35.1,44,306,50,5,Safe,0
2026-05-14 12:02:58,17,201,35.1,47,309,49,6,Safe,0
2026-05-14 12:02:58,15,187,34.9,47,304,49,6,Safe,0
2026-05-14 12:02:59,15,200,34.9,44,310,49,7,Safe,0
2026-05-14 12:02:59,16,206,35.1,46,291,49,7,Safe,0
2026-05-14 12:03:00,17,212,35.0,47,293,50,6,Safe,0
2026-05-14 12:03:00,16,216,34.9,44,294,50,6,Safe,0
2026-05-14 12:03:01,16,188,34.9,47,309,50,3,Safe,0
2026-05-14 12:03:01,17,208,35.1,47,305,49,3,Safe,0
2026-05-14 12:03:02,16,214,34.9,44,300,51,3,Safe,0
2026-05-14 12:03:02,17,182,34.9,44,294,50,4,Safe,0
2026-05-14 12:03:03,16,210,35.0,44,299,50,6,Safe,0
2026-05-14 12:03:03,15,188,35.1,44,299,51,7,Safe,0
2026-05-14 12:03:04,16,183,35.1,45,308,50,5,Safe,0
2026-05-14 12:03:04,17,201,34.9,46,295,49,5,Safe,0
2026-05-14 12:03:05,17,190,35.1,45,290,51,7,Safe,0
2026-05-14 12:03:05,16,199,35.0,45,309,51,6,Safe,0
2026-05-14 12:03:06,17,202,34.9,46,308,50,6,Safe,0
2026-05-14 12:03:06,16,220,35.1,44,309,49,4,Safe,0
2026-05-14 12:03:07,17,206,35.1,44,297,51,5,Safe,0
2026-05-14 12:03:07,15,213,35.2,45,302,51,3,Safe,0
2026-05-14 12:03:08,17,201,34.9,45,310,50,6,Safe,0
2026-05-14 12:03:08,17,211,35.0,45,303,49,3,Safe,0
2026-05-14 12:03:09,16,190,35.1,44,296,50,3,Safe,0
2026-05-14 12:03:09,16,196,34.9,46,293,49,3,Safe,0
2026-05-14 12:03:10,17,219,35.1,45,307,51,5,Safe,0
2026-05-14 12:03:10,17,203,35.2,44,306,50,5,Safe,0
2026-05-14 12:03:11,15,198,34.9,46,302,49,6,Safe,0
2026-05-14 12:03:11,17,197,35.1,43,299,49,4,Safe,0
2026-05-14 12:03:12,17,214,35.1,44,295,49,6,Safe,0
2026-05-14 12:03:12,17,208,34.9,47,290,50,3,Safe,0
2026-05-14 12:03:13,16,210,34.8,43,296,50,5,Safe,0
2026-05-14 12:03:13,16,214,35.1,46,294,49,6,Safe,0
2026-05-14 12:03:14,16,186,35.2,45,299,49,3,Safe,0
2026-05-14 12:03:14,15,209,35.1,45,306,51,6,Safe,0
2026-05-14 12:03:15,16,208,34.9,45,305,49,6,Safe,0
2026-05-14 12:03:15,17,198,35.1,43,299,49,7,Safe,0
2026-05-14 12:03:16,15,181,35.2,43,309,50,5,Safe,0
2026-05-14 12:03:16,16,195,35.1,43,307,50,4,Safe,0
2026-05-14 12:03:17,16,205,35.0,43,294,49,5,Safe,0
2026-05-14 12:03:17,17,214,34.9,43,309,49,6,Safe,0
2026-05-14 12:03:18,17,188,35.2,45,310,49,7,Safe,0
2026-05-14 12:03:18,15,180,35.0,44,307,49,3,Safe,0
2026-05-14 12:03:19,17,212,35.2,44,297,51,6,Safe,0
2026-05-14 12:03:19,17,182,34.9,45,304,51,5,Safe,0
2026-05-14 12:03:20,15,180,35.2,45,294,49,7,Safe,0
2026-05-14 12:03:20,17,193,35.0,45,309,51,5,Safe,0
2026-05-14 12:03:21,15,206,34.9,45,304,50,5,Safe,0
2026-05-14 12:03:21,17,187,35.1,43,296,50,4,Safe,0
2026-05-14 12:03:22,16,183,35.1,43,292,51,3,Safe,0
2026-05-14 12:03:23,17,189,35.1,46,309,50,3,Safe,0
2026-05-14 12:03:23,17,202,35.1,46,300,50,5,Safe,0
2026-05-14 12:03:24,17,205,35.2,43,292,49,4,Safe,0
2026-05-14 12:03:24,15,196,34.8,43,309,50,5,Safe,0
2026-05-14 12:03:25,17,216,34.9,43,303,49,4,Safe,0
2026-05-14 12:03:25,16,212,34.8,47,308,51,4,Safe,0
2026-05-14 12:03:26,15,206,35.1,47,307,49,6,Safe,0
2026-05-14 12:03:26,15,204,35.1,43,297,49,4,Safe,0
2026-05-14 12:03:27,16,193,35.0,45,302,51,4,Safe,0
2026-05-14 12:03:27,17,200,34.9,43,305,51,3,Safe,0
2026-05-14 12:03:28,17,203,35.1,45,293,50,4,Safe,0
2026-05-14 12:03:28,17,197,34.9,45,293,51,3,Safe,0
2026-05-14 12:03:29,17,197,34.9,46,297,50,5,Safe,0
2026-05-14 12:03:29,15,182,34.9,44,293,49,6,Safe,0
2026-05-14 12:03:30,16,201,35.0,44,302,49,7,Safe,0
2026-05-14 12:03:30,16,205,34.9,43,308,49,3,Safe,0
2026-05-14 12:03:31,16,200,35.2,43,304,50,5,Safe,0
2026-05-14 12:03:31,16,194,35.1,44,297,50,5,Safe,0
2026-05-14 12:03:32,16,180,35.0,44,306,50,3,Safe,0
2026-05-14 12:03:32,16,229,34.9,43,306,50,4,Safe,0
2026-05-14 12:03:33,14,228,34.699999999999996,44,303,51,6,Safe,0
2026-05-14 12:03:33,5,697,33.4,14,89,24,40,Critical,110
2026-05-14 12:03:34,3,711,33.6,15,80,26,38,Critical,110
2026-05-14 12:03:34,3,716,33.4,16,73,25,41,Critical,110
2026-05-14 12:03:35,5,682,33.4,14,81,26,42,Critical,110
2026-05-14 12:03:35,4,699,33.6,16,80,25,42,Critical,110
2026-05-14 12:03:36,5,683,33.6,14,76,25,39,Critical,110
2026-05-14 12:03:36,5,719,33.4,16,90,24,40,Critical,110
2026-05-14 12:03:37,5,694,33.6,16,90,26,40,Critical,110
2026-05-14 12:03:37,3,685,33.5,13,71,26,41,Critical,110
2026-05-14 12:03:38,4,713,33.5,13,81,25,38,Critical,110
2026-05-14 12:03:38,5,683,33.5,14,75,26,41,Critical,110
2026-05-14 12:03:39,5,713,33.7,16,85,25,41,Critical,110
2026-05-14 12:03:39,4,702,33.4,14,78,26,42,Critical,110
2026-05-14 12:03:40,5,692,33.5,14,90,25,39,Critical,110
2026-05-14 12:03:40,3,681,33.7,17,70,26,41,Critical,110
2026-05-14 12:03:41,4,719,33.5,15,80,26,41,Critical,110
2026-05-14 12:03:41,3,701,33.6,14,84,25,38,Critical,110
2026-05-14 12:03:42,4,687,33.6,17,83,26,38,Critical,110
2026-05-14 12:03:43,5,717,33.4,13,87,25,42,Critical,110
2026-05-14 12:03:43,5,681,33.6,14,87,26,42,Critical,110
2026-05-14 12:03:44,5,692,33.3,17,75,25,41,Critical,110
2026-05-14 12:03:44,3,681,33.7,15,85,25,39,Critical,110
2026-05-14 12:03:45,4,697,33.6,16,78,26,41,Critical,110
2026-05-14 12:03:45,5,681,33.5,15,88,25,41,Critical,110
2026-05-14 12:03:46,5,716,33.4,15,74,25,41,Critical,110
2026-05-14 12:03:46,4,693,33.7,17,81,25,41,Critical,110
2026-05-14 12:03:47,5,701,33.5,14,73,25,38,Critical,110
2026-05-14 12:03:47,5,710,33.3,16,78,25,40,Critical,110
2026-05-14 12:03:48,3,707,33.7,13,75,26,39,Critical,110
2026-05-14 12:03:48,3,691,33.4,14,70,26,42,Critical,110
2026-05-14 12:03:49,3,683,33.4,15,73,24,40,Critical,110
2026-05-14 12:03:49,3,682,33.4,16,90,24,42,Critical,110
2026-05-14 12:03:50,3,685,33.4,17,89,24,38,Critical,110
2026-05-14 12:03:50,4,693,33.3,13,89,26,38,Critical,110
2026-05-14 12:03:51,3,707,33.5,17,75,25,41,Critical,110
2026-05-14 12:03:51,4,713,33.6,15,89,26,41,Critical,110
2026-05-14 12:03:52,5,702,33.5,15,85,26,42,Critical,110
2026-05-14 12:03:52,4,699,33.6,17,84,26,41,Critical,110
2026-05-14 12:03:53,4,694,33.6,14,81,25,42,Critical,110
2026-05-14 12:03:53,4,688,33.7,17,75,25,42,Critical,110
2026-05-14 12:03:54,5,707,33.6,16,72,25,40,Critical,110
2026-05-14 12:03:54,4,692,33.5,13,72,26,40,Critical,110
2026-05-14 12:03:55,5,716,33.4,15,70,26,39,Critical,110
2026-05-14 12:03:55,3,709,33.5,15,85,25,38,Critical,110
2026-05-14 12:03:56,4,702,33.4,15,86,24,42,Critical,110
2026-05-14 12:03:56,5,703,33.4,16,83,26,42,Critical,110
2026-05-14 12:03:57,3,690,33.5,14,80,26,39,Critical,110
2026-05-14 12:04:10,16,193,34.9,47,303,50,5,Safe,0
2026-05-14 12:04:11,17,205,35.0,46,309,50,7,Safe,0
2026-05-14 12:04:12,16,209,34.8,46,300,51,3,Safe,0
2026-05-14 12:04:12,16,208,35.0,44,299,51,5,Safe,0
2026-05-14 12:04:13,16,204,34.9,47,295,51,5,Safe,0
2026-05-14 12:04:13,15,184,35.0,46,305,50,3,Safe,0
2026-05-14 12:04:14,17,199,35.2,43,308,51,4,Safe,0
2026-05-14 12:04:14,16,195,35.2,44,305,49,6,Safe,0
2026-05-14 12:04:15,17,187,34.8,43,297,50,4,Safe,0
2026-05-14 12:04:15,16,211,34.9,45,301,50,4,Safe,0
2026-05-14 12:04:16,16,210,35.1,47,294,50,4,Safe,0
2026-05-14 12:04:16,16,210,34.8,43,293,49,4,Safe,0
2026-05-14 12:04:17,15,216,34.9,46,305,50,4,Safe,0
2026-05-14 12:04:17,16,185,34.8,44,309,50,4,Safe,0
2026-05-14 12:04:18,17,216,35.1,44,293,50,5,Safe,0
2026-05-14 12:04:18,17,214,34.8,47,303,49,5,Safe,0
2026-05-14 12:04:19,15,203,35.0,43,306,51,4,Safe,0
2026-05-14 12:04:19,15,193,35.1,46,300,50,4,Safe,0
2026-05-14 12:04:20,17,190,35.2,45,296,49,3,Safe,0
2026-05-14 12:04:21,17,213,35.0,44,307,50,6,Safe,0
2026-05-14 12:04:21,15,215,34.8,44,295,49,4,Safe,0
2026-05-14 12:04:22,16,207,35.1,45,292,50,7,Safe,0
2026-05-14 12:04:22,16,198,35.1,45,309,49,6,Safe,0
2026-05-14 12:04:23,17,187,35.1,43,294,50,6,Safe,0
2026-05-14 12:04:23,16,215,34.9,46,297,50,5,Safe,0
2026-05-14 12:04:24,16,200,34.8,43,292,49,4,Safe,0
2026-05-14 12:04:24,17,204,35.0,43,307,50,3,Safe,0
2026-05-14 12:04:25,17,183,35.0,43,296,50,6,Safe,0
2026-05-14 12:04:25,17,220,35.0,43,306,51,5,Safe,0
2026-05-14 12:04:26,15,183,35.0,46,306,50,5,Safe,0
2026-05-14 12:04:26,15,182,35.0,46,297,50,7,Safe,0
2026-05-14 12:04:27,15,204,35.0,44,309,50,7,Safe,0
2026-05-14 12:04:27,17,185,35.2,45,304,50,5,Safe,0
2026-05-14 12:04:28,16,190,34.8,44,309,50,4,Safe,0
2026-05-14 12:04:28,15,182,35.0,47,295,50,3,Safe,0
2026-05-14 12:04:29,15,194,34.9,43,309,51,3,Safe,0
2026-05-14 12:04:29,17,195,35.1,44,290,51,5,Safe,0
2026-05-14 12:04:30,17,205,35.0,43,300,51,4,Safe,0
2026-05-14 12:04:30,16,191,35.0,47,303,49,7,Safe,0
2026-05-14 12:04:31,17,208,35.1,47,306,50,3,Safe,0
2026-05-14 12:04:31,15,183,35.0,44,307,50,6,Safe,0
2026-05-14 12:04:32,15,214,35.1,44,301,49,7,Safe,0
2026-05-14 12:04:32,17,188,34.8,46,292,49,5,Safe,0
2026-05-14 12:04:33,15,203,35.0,44,304,51,3,Safe,0
2026-05-14 12:04:33,16,213,35.2,44,299,50,3,Safe,0
2026-05-14 12:04:34,15,212,35.2,44,300,51,7,Safe,0
2026-05-14 12:04:34,15,199,35.1,44,301,51,6,Safe,0
2026-05-14 12:04:35,17,214,35.1,44,303,51,7,Safe,0
2026-05-14 12:04:35,15,217,34.9,45,292,49,3,Safe,0
2026-05-14 12:04:36,17,196,35.0,47,299,49,5,Safe,0
2026-05-14 12:04:36,17,208,34.8,43,307,50,6,Safe,0
2026-05-14 12:04:37,16,185,35.1,45,297,50,7,Safe,0
2026-05-14 12:04:37,16,193,34.8,46,304,51,7,Safe,0
2026-05-14 12:04:38,17,202,35.0,46,303,50,4,Safe,0
2026-05-14 12:04:38,16,206,35.0,43,299,50,4,Safe,0
2026-05-14 12:04:39,17,201,35.1,43,308,51,3,Safe,0
2026-05-14 12:04:40,16,219,34.9,43,296,49,3,Safe,0
2026-05-14 12:04:40,16,214,35.2,46,307,50,5,Safe,0
2026-05-14 12:04:41,17,199,35.1,44,296,51,6,Safe,0
2026-05-14 12:04:41,16,209,35.1,47,299,51,4,Safe,0
2026-05-14 12:04:42,16,215,34.8,46,296,50,6,Safe,0
2026-05-14 12:04:42,16,217,35.1,46,295,50,6,Safe,0
2026-05-14 12:04:43,15,204,34.9,44,299,50,5,Safe,0
2026-05-14 12:04:43,17,192,35.0,45,290,50,5,Safe,0
2026-05-14 12:04:44,16,186,34.9,46,296,51,5,Safe,0
2026-05-14 12:04:44,17,182,34.9,43,303,49,7,Safe,0
2026-05-14 12:04:45,17,201,35.1,43,302,50,6,Safe,0
2026-05-14 12:04:45,17,212,35.0,45,297,49,4,Safe,0
2026-05-14 12:04:46,17,209,35.0,47,292,49,6,Safe,0
2026-05-14 12:04:46,15,217,34.9,47,291,51,3,Safe,0
2026-05-14 12:04:47,17,188,35.0,47,298,50,6,Safe,0
2026-05-14 12:04:47,17,184,35.0,43,298,51,4,Safe,0
2026-05-14 12:04:48,16,216,35.1,43,296,51,6,Safe,0
2026-05-14 12:04:48,15,218,34.8,43,292,50,5,Safe,0
2026-05-14 12:04:49,15,183,35.1,47,294,49,4,Safe,0
2026-05-14 12:04:49,15,184,35.1,46,298,51,5,Safe,0
2026-05-14 12:04:50,15,209,35.0,47,300,51,7,Safe,0
2026-05-14 12:04:50,16,216,35.0,44,306,51,3,Safe,0
2026-05-14 12:04:51,15,216,35.0,46,293,50,5,Safe,0
2026-05-14 12:04:51,17,215,35.0,45,296,51,4,Safe,0
2026-05-14 12:04:52,17,186,34.9,45,297,50,4,Safe,0
2026-05-14 12:04:52,17,210,35.0,43,308,49,5,Safe,0
2026-05-14 12:04:53,16,187,34.9,47,307,51,7,Safe,0
2026-05-14 12:04:53,15,184,35.1,43,308,49,7,Safe,0
2026-05-14 12:04:54,15,195,35.0,44,296,49,4,Safe,0
2026-05-14 12:04:54,15,191,35.0,46,297,49,3,Safe,0
2026-05-14 12:04:55,16,197,34.9,47,303,51,7,Safe,0
2026-05-14 12:04:55,15,212,35.0,46,310,49,6,Safe,0
2026-05-14 12:04:56,16,190,35.1,44,296,50,4,Safe,0
2026-05-14 12:04:56,15,187,34.8,46,299,50,3,Safe,0
2026-05-14 12:04:57,15,205,35.0,44,306,49,6,Safe,0
2026-05-14 12:04:57,17,206,35.0,43,296,49,7,Safe,0
2026-05-14 12:04:58,17,207,34.9,44,302,50,3,Safe,0
2026-05-14 12:04:58,16,217,35.2,46,290,50,4,Safe,0
2026-05-14 12:04:59,15,198,35.2,44,301,49,3,Safe,0
2026-05-14 12:04:59,15,210,35.1,43,297,49,5,Safe,0
2026-05-14 12:05:00,15,180,34.8,44,305,49,7,Safe,0
2026-05-14 12:05:00,15,193,34.8,44,303,51,3,Safe,0
2026-05-14 12:05:01,16,183,34.8,47,293,51,7,Safe,0
2026-05-14 12:05:01,17,197,35.1,44,291,51,6,Safe,0
2026-05-14 12:05:02,15,197,35.0,43,303,51,7,Safe,0
2026-05-14 12:05:02,16,201,34.9,46,306,51,5,Safe,0
2026-05-14 12:05:03,16,186,34.8,47,300,51,6,Safe,0
2026-05-14 12:05:03,15,207,34.9,46,299,49,7,Safe,0
2026-05-14 12:05:04,15,197,35.1,44,296,50,6,Safe,0
2026-05-14 12:05:04,16,180,35.0,47,297,50,5,Safe,0
2026-05-14 12:05:05,15,213,35.0,46,310,49,6,Safe,0
2026-05-14 12:05:05,17,204,35.1,46,292,51,3,Safe,0
2026-05-14 12:05:06,16,216,34.9,47,301,49,7,Safe,0
2026-05-14 12:05:06,16,191,35.1,45,303,50,3,Safe,0
2026-05-14 12:05:07,17,203,34.8,43,300,51,3,Safe,0
2026-05-14 12:05:07,17,194,35.2,44,308,51,7,Safe,0
2026-05-14 12:05:08,16,214,34.9,43,299,49,4,Safe,0
2026-05-14 12:05:08,17,216,35.2,46,301,49,5,Safe,0
2026-05-14 12:05:09,17,184,35.2,44,305,50,6,Safe,0
2026-05-14 12:05:09,16,199,35.0,43,300,51,5,Safe,0
2026-05-14 12:05:10,17,191,35.0,45,310,51,5,Safe,0
2026-05-14 12:05:10,16,191,35.0,44,293,51,5,Safe,0
2026-05-14 12:05:11,15,212,34.8,46,302,51,6,Safe,0
2026-05-14 12:05:11,15,185,35.0,45,305,49,6,Safe,0
2026-05-14 12:05:12,15,190,35.2,43,305,49,5,Safe,0
2026-05-14 12:05:12,16,183,35.2,46,291,51,3,Safe,0
2026-05-14 12:05:13,16,214,34.8,47,292,49,6,Safe,0
2026-05-14 12:05:13,17,196,35.0,46,290,50,7,Safe,0
2026-05-14 12:05:14,16,215,35.2,46,299,49,5,Safe,0
2026-05-14 12:05:15,16,189,35.0,45,303,51,6,Safe,0
2026-05-14 12:05:15,17,215,35.1,43,296,49,5,Safe,0
2026-05-14 12:05:16,17,202,35.0,45,294,50,4,Safe,0
2026-05-14 12:05:16,16,195,35.1,44,297,50,3,Safe,0
2026-05-14 12:05:17,16,194,34.9,47,309,50,5,Safe,0
2026-05-14 12:05:17,15,208,35.2,46,293,50,5,Safe,0
2026-05-14 12:05:18,15,210,34.9,43,303,51,5,Safe,0
2026-05-14 12:05:18,16,195,34.8,45,297,49,5,Safe,0
2026-05-14 12:05:19,16,183,34.9,47,302,50,4,Safe,0
2026-05-14 12:05:19,16,184,35.0,44,302,51,4,Safe,0
2026-05-14 12:05:20,17,220,35.1,45,304,49,6,Safe,0
2026-05-14 12:05:20,16,199,35.0,43,291,50,6,Safe,0
2026-05-14 12:05:21,16,191,35.1,47,305,51,5,Safe,0
2026-05-14 12:05:21,15,203,35.0,43,293,49,5,Safe,0
2026-05-14 12:05:22,17,185,35.0,45,310,50,4,Safe,0
2026-05-14 12:05:22,15,220,35.2,43,291,49,7,Safe,0
2026-05-14 12:05:23,15,212,35.1,46,292,50,6,Safe,0
2026-05-14 12:05:23,15,181,35.2,44,300,51,4,Safe,0
2026-05-14 12:05:24,15,218,35.1,46,307,51,4,Safe,0
2026-05-14 12:05:24,17,208,35.1,46,310,49,3,Safe,0
2026-05-14 12:05:25,16,182,34.9,46,305,51,4,Safe,0
2026-05-14 12:05:25,17,183,35.1,44,293,50,3,Safe,0
2026-05-14 12:05:26,15,180,35.0,44,296,51,5,Safe,0
2026-05-14 12:05:26,15,219,35.0,44,304,49,4,Safe,0
2026-05-14 12:05:27,15,180,34.9,46,306,50,7,Safe,0
2026-05-14 12:05:27,17,217,34.9,47,292,51,7,Safe,0
2026-05-14 12:05:28,17,212,34.9,46,310,50,7,Safe,0
2026-05-14 12:05:28,15,220,35.1,44,304,50,5,Safe,0
2026-05-14 12:05:29,15,193,34.9,47,291,50,6,Safe,0
2026-05-14 12:05:29,17,186,35.0,44,306,51,7,Safe,0
2026-05-14 12:05:30,17,210,35.1,44,296,50,3,Safe,0
2026-05-14 12:05:30,17,207,35.1,45,293,49,6,Safe,0
2026-05-14 12:05:31,16,180,35.2,44,300,50,7,Safe,0
2026-05-14 12:05:31,15,211,34.9,46,297,49,5,Safe,0
2026-05-14 12:05:32,16,201,35.1,44,309,50,5,Safe,0
2026-05-14 12:05:32,16,200,34.9,45,301,49,5,Safe,0
2026-05-14 12:05:33,17,213,35.1,47,293,49,6,Safe,0
2026-05-14 12:05:33,15,188,34.9,46,310,49,6,Safe,0
2026-05-14 12:05:34,17,187,34.9,46,302,51,4,Safe,0
2026-05-14 12:05:34,17,192,35.0,45,296,49,6,Safe,0
2026-05-14 12:05:35,15,208,35.0,47,298,51,4,Safe,0
2026-05-14 12:05:35,16,198,35.1,47,299,50,3,Safe,0
2026-05-14 12:05:36,15,187,34.9,45,291,49,6,Safe,0
2026-05-14 12:05:36,17,186,35.1,47,308,51,6,Safe,0
2026-05-14 12:05:37,16,207,34.9,45,293,49,4,Safe,0
2026-05-14 12:05:37,15,194,35.1,47,303,50,4,Safe,0
2026-05-14 12:05:38,17,189,34.8,47,294,49,5,Safe,0
2026-05-14 12:05:38,15,197,34.9,43,307,50,3,Safe,0
2026-05-14 12:05:39,17,189,34.8,46,291,49,6,Safe,0
2026-05-14 12:05:39,17,191,35.0,47,304,51,3,Safe,0
2026-05-14 12:05:40,17,208,35.1,46,293,49,3,Safe,0
2026-05-14 12:05:40,17,193,35.1,44,308,50,6,Safe,0
2026-05-14 12:05:41,16,191,35.2,45,294,49,5,Safe,0
2026-05-14 12:05:41,17,205,35.1,44,295,51,6,Safe,0
2026-05-14 12:05:42,16,204,35.1,43,302,50,5,Safe,0
2026-05-14 12:05:42,15,218,34.9,46,302,51,5,Safe,0
2026-05-14 12:05:43,16,211,34.8,43,290,51,7,Safe,0
2026-05-14 12:05:43,15,181,35.0,47,307,49,7,Safe,0
2026-05-14 12:05:44,15,204,35.1,46,300,51,5,Safe,0
2026-05-14 12:05:44,17,205,35.2,46,294,51,3,Safe,0
2026-05-14 12:05:45,15,219,34.9,44,291,51,3,Safe,0
2026-05-14 12:05:45,15,209,34.9,47,309,50,5,Safe,0
2026-05-14 12:05:46,17,187,34.9,43,310,49,3,Safe,0
2026-05-14 12:05:46,15,198,35.0,46,302,50,5,Safe,0
2026-05-14 12:05:47,17,185,35.2,47,290,49,4,Safe,0
2026-05-14 12:05:47,16,205,35.0,44,292,51,7,Safe,0
2026-05-14 12:05:48,16,194,34.9,43,302,51,6,Safe,0
2026-05-14 12:05:48,15,195,35.0,43,303,51,4,Safe,0
2026-05-14 12:05:49,17,190,34.8,45,297,51,7,Safe,0
2026-05-14 12:05:50,17,219,35.1,45,290,50,5,Safe,0
2026-05-14 12:05:50,15,214,35.1,44,302,51,7,Safe,0
2026-05-14 12:05:51,15,192,35.2,46,308,51,5,Safe,0
2026-05-14 12:05:51,17,184,35.1,46,296,49,6,Safe,0
2026-05-14 12:05:52,15,217,35.1,47,310,50,7,Safe,0
2026-05-14 12:05:52,17,184,35.1,43,291,50,7,Safe,0
2026-05-14 12:05:53,16,194,34.9,45,294,50,3,Safe,0
2026-05-14 12:05:53,15,216,35.0,44,294,51,6,Safe,0
2026-05-14 12:05:54,16,220,35.0,43,307,50,6,Safe,0
2026-05-14 12:05:54,17,189,35.0,45,290,51,7,Safe,0
2026-05-14 12:05:55,17,214,35.0,44,310,49,5,Safe,0
2026-05-14 12:05:55,16,220,34.9,43,305,49,5,Safe,0
2026-05-14 12:05:56,15,197,35.1,43,302,49,6,Safe,0
2026-05-14 12:05:56,15,213,35.2,46,306,49,5,Safe,0
2026-05-14 12:05:57,17,214,35.0,44,299,50,3,Safe,0
2026-05-14 12:05:57,15,219,35.1,45,304,51,4,Safe,0
2026-05-14 12:05:58,16,201,35.1,45,296,49,7,Safe,0
2026-05-14 12:05:58,15,215,35.0,45,299,50,6,Safe,0
2026-05-14 12:05:59,17,191,35.1,46,309,51,6,Safe,0
2026-05-14 12:05:59,15,213,34.9,44,291,51,5,Safe,0
2026-05-14 12:06:00,15,186,34.9,43,290,49,7,Safe,0
2026-05-14 12:06:00,17,180,34.9,46,307,51,3,Safe,0
2026-05-14 12:06:01,17,186,35.1,43,304,51,5,Safe,0
2026-05-14 12:06:01,16,196,35.0,47,294,50,5,Safe,0
2026-05-14 12:06:02,16,206,35.1,47,305,50,4,Safe,0
2026-05-14 12:06:02,17,195,35.1,43,297,51,3,Safe,0
2026-05-14 12:06:03,16,191,35.1,47,292,51,3,Safe,0
2026-05-14 12:06:03,16,182,34.8,44,307,49,6,Safe,0
2026-05-14 12:06:04,16,180,35.1,43,303,49,5,Safe,0
2026-05-14 12:06:04,17,206,34.9,45,304,49,6,Safe,0
2026-05-14 12:06:05,16,184,35.2,47,297,51,7,Safe,0
2026-05-14 12:06:05,15,196,34.9,46,293,51,3,Safe,0
2026-05-14 12:06:06,16,216,34.9,43,297,49,6,Safe,0
2026-05-14 12:06:06,16,216,35.2,43,304,51,6,Safe,0
2026-05-14 12:06:07,17,208,35.0,44,298,50,3,Safe,0
2026-05-14 12:06:07,16,205,35.1,43,302,51,7,Safe,0
2026-05-14 12:06:08,17,191,35.0,47,306,50,5,Safe,0
2026-05-14 12:06:08,15,205,35.0,47,291,51,7,Safe,0
2026-05-14 12:06:09,17,215,35.0,46,298,50,3,Safe,0
2026-05-14 12:06:10,17,180,35.2,46,296,50,6,Safe,0
2026-05-14 12:06:10,17,198,34.9,47,310,51,7,Safe,0
2026-05-14 12:06:11,15,202,35.2,47,302,50,5,Safe,0
2026-05-14 12:06:11,16,189,35.1,47,309,51,5,Safe,0
2026-05-14 12:06:12,16,205,34.9,46,297,51,3,Safe,0
2026-05-14 12:06:12,17,183,34.9,43,303,50,7,Safe,0
2026-05-14 12:06:13,15,187,35.1,43,302,49,5,Safe,0
2026-05-14 12:06:13,15,215,35.0,46,300,49,5,Safe,0
2026-05-14 12:06:14,17,195,34.8,43,292,51,4,Safe,0
2026-05-14 12:06:14,16,206,35.1,44,296,51,3,Safe,0
2026-05-14 12:06:15,17,190,35.2,46,299,49,6,Safe,0
2026-05-14 12:06:15,16,211,34.9,43,298,49,5,Safe,0
2026-05-14 12:06:16,15,187,35.2,44,295,49,5,Safe,0
2026-05-14 12:06:16,15,196,35.1,43,307,51,5,Safe,0
2026-05-14 12:06:17,16,210,34.8,43,295,50,4,Safe,0
2026-05-14 12:06:17,16,198,35.0,44,295,49,7,Safe,0
2026-05-14 12:06:18,17,214,35.1,45,292,51,5,Safe,0
2026-05-14 12:06:18,17,203,35.1,43,298,49,3,Safe,0
2026-05-14 12:06:19,16,201,34.9,47,303,51,6,Safe,0
2026-05-14 12:06:19,15,215,35.1,45,307,51,3,Safe,0
2026-05-14 12:06:20,15,187,34.9,44,299,50,5,Safe,0
2026-05-14 12:06:20,17,195,35.1,44,291,49,6,Safe,0
2026-05-14 12:06:21,15,204,34.8,47,295,51,5,Safe,0
2026-05-14 12:06:21,16,210,35.1,44,310,50,7,Safe,0
2026-05-14 12:06:22,15,180,34.9,46,291,51,5,Safe,0
2026-05-14 12:06:22,17,213,34.9,46,300,50,4,Safe,0
2026-05-14 12:06:23,17,201,35.0,45,310,51,3,Safe,0
2026-05-14 12:06:23,16,211,35.1,47,306,49,5,Safe,0
2026-05-14 12:06:24,16,189,34.9,43,299,49,4,Safe,0
2026-05-14 12:06:24,15,188,35.2,46,298,50,7,Safe,0
2026-05-14 12:06:25,16,183,35.1,46,291,51,4,Safe,0
2026-05-14 12:06:25,15,203,35.0,47,290,49,4,Safe,0
2026-05-14 12:06:26,17,209,34.9,46,292,50,5,Safe,0
2026-05-14 12:06:26,17,206,35.0,44,299,51,4,Safe,0
2026-05-14 12:06:27,17,200,34.9,45,293,49,3,Safe,0
2026-05-14 12:06:27,15,192,35.1,44,292,51,7,Safe,0
2026-05-14 12:06:28,17,197,35.1,46,294,51,4,Safe,0
2026-05-14 12:06:28,15,206,34.8,43,297,51,5,Safe,0
2026-05-14 12:06:29,16,219,34.9,47,291,51,3,Safe,0
2026-05-14 12:06:29,16,215,34.8,47,298,50,5,Safe,0
2026-05-14 12:06:30,15,202,35.0,45,301,51,7,Safe,0
2026-05-14 12:06:30,17,189,35.0,46,292,50,6,Safe,0
2026-05-14 12:06:31,17,204,35.0,43,290,49,7,Safe,0
2026-05-14 12:06:31,16,191,35.0,46,302,50,5,Safe,0
2026-05-14 12:06:32,17,203,35.2,46,298,51,5,Safe,0
2026-05-14 12:06:32,16,201,35.0,47,290,50,4,Safe,0
2026-05-14 12:06:33,17,180,34.8,45,297,49,3,Safe,0
2026-05-14 12:06:33,16,220,35.1,45,300,49,7,Safe,0
2026-05-14 12:06:34,17,203,35.0,43,298,49,5,Safe,0
2026-05-14 12:06:34,16,186,35.0,44,297,50,4,Safe,0
2026-05-14 12:06:35,16,201,34.8,43,308,49,4,Safe,0
2026-05-14 12:06:35,15,193,35.2,46,304,49,5,Safe,0
2026-05-14 12:06:36,16,188,34.9,46,290,50,7,Safe,0
2026-05-14 12:06:36,17,219,35.1,47,309,51,6,Safe,0
2026-05-14 12:06:37,15,215,34.9,45,296,51,6,Safe,0
2026-05-14 12:06:37,17,205,35.0,47,310,49,6,Safe,0
2026-05-14 12:06:38,17,219,35.2,47,297,50,5,Safe,0
2026-05-14 12:06:38,16,205,34.9,47,308,51,3,Safe,0
2026-05-14 12:06:39,15,208,34.9,45,309,50,4,Safe,0
2026-05-14 12:06:39,17,187,34.8,44,290,51,3,Safe,0
2026-05-14 12:06:40,17,211,35.1,46,295,50,7,Safe,0
2026-05-14 12:06:40,15,186,35.1,44,293,51,3,Safe,0
2026-05-14 12:06:41,15,212,35.2,46,295,49,3,Safe,0
2026-05-14 12:06:41,16,209,34.8,45,300,50,3,Safe,0
2026-05-14 12:06:42,16,191,34.9,46,291,51,4,Safe,0
2026-05-14 12:06:42,17,187,35.2,44,292,51,6,Safe,0
2026-05-14 12:06:43,17,201,35.1,43,301,49,4,Safe,0
2026-05-14 12:06:43,15,209,35.1,44,308,49,7,Safe,0
2026-05-14 12:06:44,16,214,34.8,45,305,50,6,Safe,0
2026-05-14 12:06:44,16,187,35.2,43,307,50,3,Safe,0
2026-05-14 12:06:45,16,216,34.9,44,303,49,6,Safe,0
2026-05-14 12:06:45,15,197,35.0,43,302,50,5,Safe,0
2026-05-14 12:06:46,16,186,35.0,44,298,49,6,Safe,0
2026-05-14 12:06:46,16,184,34.8,46,302,49,5,Safe,0
2026-05-14 12:06:47,15,191,35.0,45,292,49,4,Safe,0
2026-05-14 12:06:47,15,188,35.0,45,309,51,4,Safe,0
2026-05-14 12:06:48,16,199,35.1,45,309,50,5,Safe,0
2026-05-14 12:06:48,16,196,34.8,47,297,50,4,Safe,0
2026-05-14 12:06:49,15,197,34.8,43,291,51,6,Safe,0
2026-05-14 12:06:49,17,206,34.8,47,293,51,3,Safe,0
2026-05-14 12:06:50,17,211,35.2,43,304,50,3,Safe,0
2026-05-14 12:06:50,15,189,34.8,44,310,49,5,Safe,0
2026-05-14 12:06:51,17,207,34.8,46,306,51,7,Safe,0
2026-05-14 12:06:51,15,207,34.9,46,294,50,7,Safe,0
2026-05-14 12:06:52,17,182,35.0,45,307,50,3,Safe,0
2026-05-14 12:06:53,16,198,35.0,43,309,50,4,Safe,0
2026-05-14 12:06:53,17,217,35.0,43,310,49,4,Safe,0
2026-05-14 12:06:54,15,204,34.8,46,304,50,6,Safe,0
2026-05-14 12:06:54,15,207,35.2,47,292,49,3,Safe,0
2026-05-14 12:06:55,15,218,35.2,46,302,50,7,Safe,0
2026-05-14 12:06:55,15,189,34.8,43,303,51,7,Safe,0
2026-05-14 12:06:56,15,186,34.9,43,308,51,3,Safe,0
2026-05-14 12:06:56,16,192,35.0,47,309,50,6,Safe,0
2026-05-14 12:06:57,16,192,35.1,47,299,51,3,Safe,0
2026-05-14 12:06:57,15,192,34.9,46,298,51,5,Safe,0
2026-05-14 12:06:58,16,213,35.1,45,293,51,7,Safe,0
2026-05-14 12:06:58,17,182,35.1,43,291,51,3,Safe,0
2026-05-14 12:06:59,15,186,34.9,45,295,51,3,Safe,0
2026-05-14 12:06:59,17,215,35.0,44,298,51,3,Safe,0
2026-05-14 12:07:00,16,184,34.9,45,309,49,4,Safe,0
2026-05-14 12:07:00,17,194,35.0,46,295,50,6,Safe,0
2026-05-14 12:07:01,17,188,35.1,46,310,49,7,Safe,0
2026-05-14 12:07:01,15,195,34.9,44,292,51,3,Safe,0
2026-05-14 12:07:02,15,185,34.9,45,303,51,4,Safe,0
2026-05-14 12:07:02,17,214,34.9,43,294,49,3,Safe,0
2026-05-14 12:07:03,17,182,34.9,47,293,51,3,Safe,0
2026-05-14 12:07:03,15,193,34.9,45,293,50,5,Safe,0
2026-05-14 12:07:04,15,209,35.0,45,304,50,4,Safe,0
2026-05-14 12:07:04,17,219,35.1,47,303,50,7,Safe,0
2026-05-14 12:07:05,16,214,35.2,47,292,51,4,Safe,0
2026-05-14 12:07:05,15,200,35.2,43,301,49,7,Safe,0
2026-05-14 12:07:06,16,181,35.0,43,307,50,6,Safe,0
2026-05-14 12:07:06,16,189,35.2,43,295,51,6,Safe,0
2026-05-14 12:07:07,16,185,35.2,45,308,49,6,Safe,0
2026-05-14 12:07:07,16,188,35.0,45,299,50,6,Safe,0
2026-05-14 12:07:08,16,219,35.0,46,309,51,7,Safe,0
2026-05-14 12:07:08,15,218,35.0,44,294,49,5,Safe,0
2026-05-14 12:07:09,17,188,34.9,45,308,51,5,Safe,0
2026-05-14 12:07:09,15,198,35.2,44,302,49,4,Safe,0
2026-05-14 12:07:10,15,212,34.9,44,292,51,5,Safe,0
2026-05-14 12:07:10,17,218,35.1,47,295,51,3,Safe,0
2026-05-14 12:07:11,15,196,35.1,47,301,51,5,Safe,0
2026-05-14 12:07:11,15,219,35.1,46,306,49,7,Safe,0
2026-05-14 12:07:12,17,189,35.0,45,302,49,4,Safe,0
2026-05-14 12:07:12,17,191,34.9,47,298,49,6,Safe,0
2026-05-14 12:07:13,15,209,35.0,46,309,51,5,Safe,0
2026-05-14 12:07:13,17,216,35.0,44,304,50,7,Safe,0
2026-05-14 12:07:14,15,191,35.1,46,305,51,7,Safe,0
2026-05-14 12:07:14,16,198,34.9,47,295,49,3,Safe,0
2026-05-14 12:07:15,17,206,34.9,43,304,49,7,Safe,0
2026-05-14 12:07:16,17,203,34.8,43,308,51,5,Safe,0
2026-05-14 12:07:16,16,203,34.8,44,297,51,7,Safe,0
2026-05-14 12:07:17,16,216,35.0,46,307,51,5,Safe,0
2026-05-14 12:07:17,17,184,34.9,46,306,49,5,Safe,0
2026-05-14 12:07:18,16,189,35.1,45,300,50,3,Safe,0
2026-05-14 12:07:18,16,189,35.0,44,301,51,7,Safe,0
2026-05-14 12:07:19,15,182,35.1,43,310,49,7,Safe,0
2026-05-14 12:07:19,15,193,35.2,45,301,51,5,Safe,0
2026-05-14 12:07:20,16,196,34.8,43,297,49,5,Safe,0
2026-05-14 12:07:20,15,199,35.1,43,291,51,7,Safe,0
2026-05-14 12:07:21,16,183,35.0,44,296,51,6,Safe,0
2026-05-14 12:07:21,16,194,35.1,46,305,50,6,Safe,0
2026-05-14 12:07:22,17,205,35.0,47,298,50,4,Safe,0
2026-05-14 12:07:22,16,220,34.9,47,301,49,3,Safe,0
2026-05-14 12:07:23,15,197,35.1,43,301,49,7,Safe,0
2026-05-14 12:07:23,17,196,35.0,46,301,50,4,Safe,0
2026-05-14 12:07:24,15,183,34.9,46,291,50,7,Safe,0
2026-05-14 12:07:24,15,211,35.0,44,291,51,4,Safe,0
2026-05-14 12:07:25,16,206,34.9,47,293,50,5,Safe,0
2026-05-14 12:07:25,15,203,35.0,44,295,51,3,Safe,0
2026-05-14 12:07:26,16,209,35.2,45,302,49,7,Safe,0
2026-05-14 12:07:26,17,211,35.0,43,290,50,4,Safe,0
2026-05-14 12:07:27,17,197,34.9,46,301,50,5,Safe,0
2026-05-14 12:07:27,15,220,34.9,44,302,51,4,Safe,0
2026-05-14 12:07:28,15,207,34.9,45,296,50,7,Safe,0
2026-05-14 12:07:28,16,206,34.9,44,296,50,5,Safe,0
2026-05-14 12:07:29,16,188,34.9,47,310,49,4,Safe,0
2026-05-14 12:07:29,15,220,35.1,47,300,49,7,Safe,0
2026-05-14 12:07:30,15,187,34.8,46,307,49,6,Safe,0
2026-05-14 12:07:30,16,203,35.0,43,295,50,7,Safe,0
2026-05-14 12:07:31,17,213,34.9,43,305,51,5,Safe,0
2026-05-14 12:07:31,15,217,35.0,47,305,51,6,Safe,0
2026-05-14 12:07:32,17,211,35.0,43,308,51,3,Safe,0
2026-05-14 12:07:32,15,197,35.1,47,307,51,7,Safe,0
2026-05-14 12:07:33,17,192,35.2,44,304,49,5,Safe,0
2026-05-14 12:07:33,16,190,35.0,44,304,50,5,Safe,0
2026-05-14 12:07:34,15,181,34.8,46,308,50,7,Safe,0
2026-05-14 12:07:34,15,201,35.0,43,298,49,4,Safe,0
2026-05-14 12:07:35,17,182,34.9,43,292,49,7,Safe,0
2026-05-14 12:07:35,15,209,35.0,47,294,51,7,Safe,0
2026-05-14 12:07:36,16,186,34.9,46,305,49,3,Safe,0
2026-05-14 12:07:36,17,192,35.1,46,292,50,4,Safe,0
2026-05-14 12:07:37,15,215,34.9,46,295,49,4,Safe,0
2026-05-14 12:07:37,17,199,34.8,46,300,50,7,Safe,0
2026-05-14 12:07:38,15,187,34.9,46,297,49,7,Safe,0
2026-05-14 12:07:38,17,214,35.0,45,301,49,7,Safe,0
2026-05-14 12:07:39,15,183,34.8,46,296,49,6,Safe,0
2026-05-14 12:07:39,15,219,34.8,44,302,49,4,Safe,0
2026-05-14 12:07:40,15,190,34.8,44,299,49,7,Safe,0
2026-05-14 12:07:40,17,220,35.2,47,308,50,7,Safe,0
2026-05-14 12:07:41,17,219,35.0,46,308,49,3,Safe,0
2026-05-14 12:07:41,16,202,35.0,47,298,49,6,Safe,0
2026-05-14 12:07:42,15,207,34.9,47,294,50,5,Safe,0
2026-05-14 12:07:42,17,189,34.9,43,305,49,5,Safe,0
2026-05-14 12:07:43,16,217,35.1,45,293,51,3,Safe,0
2026-05-14 12:07:43,15,188,35.0,47,296,49,3,Safe,0
2026-05-14 12:07:44,15,200,35.0,47,307,50,6,Safe,0
2026-05-14 12:07:44,17,190,35.0,46,306,49,7,Safe,0
2026-05-14 12:07:45,15,210,35.2,46,309,50,5,Safe,0
2026-05-14 12:07:45,17,183,35.2,44,309,49,5,Safe,0
2026-05-14 12:07:46,16,215,35.0,43,310,50,7,Safe,0
2026-05-14 12:07:46,17,217,35.2,44,305,49,4,Safe,0
2026-05-14 12:07:47,15,190,34.8,46,297,50,5,Safe,0
2026-05-14 12:07:47,16,209,35.1,46,293,50,4,Safe,0
2026-05-14 12:07:48,16,191,35.0,47,309,49,5,Safe,0
2026-05-14 12:07:48,16,203,34.8,45,307,49,3,Safe,0
2026-05-14 12:07:49,16,188,35.1,45,296,49,7,Safe,0
2026-05-14 12:07:50,16,186,35.2,45,302,49,3,Safe,0
2026-05-14 12:07:50,16,203,34.8,45,296,51,7,Safe,0
2026-05-14 12:07:51,16,193,35.0,45,291,49,7,Safe,0
2026-05-14 12:07:51,16,186,35.2,46,296,50,5,Safe,0
2026-05-14 12:07:52,16,220,35.0,43,309,51,4,Safe,0
2026-05-14 12:07:52,17,211,35.1,46,294,49,6,Safe,0
2026-05-14 12:07:53,17,202,35.0,43,300,51,3,Safe,0
2026-05-14 12:07:53,15,183,35.0,45,302,50,5,Safe,0
2026-05-14 12:07:54,15,198,34.9,44,309,51,6,Safe,0
2026-05-14 12:07:54,16,185,34.8,45,310,49,5,Safe,0
2026-05-14 12:07:55,15,186,35.0,43,300,49,5,Safe,0
2026-05-14 12:07:55,16,216,35.1,43,301,51,6,Safe,0
2026-05-14 12:07:56,16,198,35.0,44,307,50,5,Safe,0
2026-05-14 12:07:56,16,201,35.2,43,303,50,7,Safe,0
2026-05-14 12:07:57,15,188,34.9,45,303,51,5,Safe,0
2026-05-14 12:07:57,16,189,35.1,46,309,49,6,Safe,0
2026-05-14 12:07:58,17,194,35.2,47,306,51,6,Safe,0
2026-05-14 12:07:58,17,189,34.9,44,303,49,4,Safe,0
2026-05-14 12:07:59,17,219,35.1,46,293,50,3,Safe,0
2026-05-14 12:07:59,17,210,35.0,47,299,50,4,Safe,0
2026-05-14 12:08:00,17,214,34.9,45,309,50,6,Safe,0
2026-05-14 12:08:00,15,207,35.0,47,293,49,6,Safe,0
2026-05-14 12:08:01,15,198,34.8,46,298,50,6,Safe,0
2026-05-14 12:08:01,16,196,34.9,43,298,49,3,Safe,0
2026-05-14 12:08:02,16,218,35.2,46,296,49,5,Safe,0
2026-05-14 12:08:02,17,194,34.9,44,308,49,4,Safe,0
2026-05-14 12:08:03,17,212,34.8,47,309,50,7,Safe,0
2026-05-14 12:08:03,16,194,34.9,43,295,50,7,Safe,0
2026-05-14 12:08:04,17,183,35.0,47,307,50,7,Safe,0
2026-05-14 12:08:04,16,217,35.0,45,298,49,6,Safe,0
2026-05-14 12:08:05,17,220,34.9,46,291,51,4,Safe,0
2026-05-14 12:08:05,17,198,34.9,45,298,51,6,Safe,0
2026-05-14 12:08:06,15,189,34.8,44,290,49,4,Safe,0
2026-05-14 12:08:06,15,219,35.1,46,309,50,3,Safe,0
2026-05-14 12:08:07,16,207,34.8,46,309,50,7,Safe,0
2026-05-14 12:08:07,15,208,35.1,45,305,50,3,Safe,0
2026-05-14 12:08:08,17,208,35.2,47,292,50,6,Safe,0
2026-05-14 12:08:08,15,199,34.9,46,309,49,3,Safe,0
2026-05-14 12:08:09,17,182,35.1,43,290,51,5,Safe,0
2026-05-14 12:08:09,17,190,35.1,45,299,49,7,Safe,0
2026-05-14 12:08:10,17,187,35.0,45,294,49,4,Safe,0
2026-05-14 12:08:10,16,199,34.9,45,301,49,3,Safe,0
2026-05-14 12:08:11,17,183,35.2,45,305,49,3,Safe,0
2026-05-14 12:08:11,15,218,34.9,44,294,51,6,Safe,0
2026-05-14 12:08:12,17,199,35.1,44,300,51,5,Safe,0
2026-05-14 12:08:13,17,202,35.1,44,303,50,6,Safe,0
2026-05-14 12:08:13,16,189,34.8,45,292,49,5,Safe,0
2026-05-14 12:08:14,15,204,35.2,43,295,51,3,Safe,0
2026-05-14 12:08:14,16,197,35.1,46,298,50,3,Safe,0
2026-05-14 12:08:15,15,216,35.1,47,299,51,7,Safe,0
2026-05-14 12:08:15,15,211,35.1,44,290,49,7,Safe,0
2026-05-14 12:08:16,16,212,34.9,44,306,51,7,Safe,0
2026-05-14 12:08:16,15,216,35.0,47,309,51,7,Safe,0
2026-05-14 12:08:17,17,189,35.1,45,303,50,3,Safe,0
2026-05-14 12:08:17,15,184,34.9,44,298,50,4,Safe,0
2026-05-14 12:08:18,16,217,34.8,43,292,50,7,Safe,0
2026-05-14 12:08:18,15,213,35.2,45,302,51,3,Safe,0
2026-05-14 12:08:19,16,194,34.9,43,297,50,5,Safe,0
2026-05-14 12:08:19,16,186,34.9,44,303,51,7,Safe,0
2026-05-14 12:08:20,15,193,35.0,43,296,49,5,Safe,0
2026-05-14 12:08:20,16,186,34.9,46,293,49,7,Safe,0
2026-05-14 12:08:21,17,181,34.9,43,308,49,7,Safe,0
2026-05-14 12:08:21,17,220,34.9,47,306,50,4,Safe,0
2026-05-14 12:08:22,16,180,34.9,45,290,50,5,Safe,0
2026-05-14 12:08:22,17,200,35.2,45,297,50,5,Safe,0
2026-05-14 12:08:23,17,206,35.0,47,300,50,4,Safe,0
2026-05-14 12:08:24,15,194,34.9,47,293,51,7,Safe,0
2026-05-14 12:08:24,17,210,35.0,44,308,50,6,Safe,0
2026-05-14 12:08:25,17,209,35.1,44,295,51,3,Safe,0
2026-05-14 12:08:25,15,212,35.1,47,302,51,4,Safe,0
2026-05-14 12:08:26,15,195,34.9,47,295,50,7,Safe,0
2026-05-14 12:08:26,17,201,35.1,46,301,51,5,Safe,0
2026-05-14 12:08:27,16,191,34.8,47,296,49,3,Safe,0
2026-05-14 12:08:27,16,191,35.0,47,298,50,4,Safe,0
2026-05-14 12:08:28,15,213,34.9,47,299,50,4,Safe,0
2026-05-14 12:08:28,17,220,35.1,46,300,49,4,Safe,0
2026-05-14 12:08:29,15,209,35.1,47,297,50,6,Safe,0
2026-05-14 12:08:29,15,181,35.0,43,309,49,3,Safe,0
2026-05-14 12:08:30,16,191,35.2,46,292,51,5,Safe,0
2026-05-14 12:08:30,15,190,34.9,45,303,49,4,Safe,0
2026-05-14 12:08:31,15,213,34.9,45,299,50,3,Safe,0
2026-05-14 12:08:31,15,216,35.0,45,308,50,3,Safe,0
2026-05-14 12:08:32,16,217,35.1,46,296,49,5,Safe,0
2026-05-14 12:08:32,16,207,35.1,43,300,50,4,Safe,0
2026-05-14 12:08:33,17,205,35.1,43,299,51,5,Safe,0
2026-05-14 12:08:33,16,214,35.2,47,304,49,4,Safe,0
2026-05-14 12:08:34,17,203,35.1,45,302,50,6,Safe,0
2026-05-14 12:08:34,17,181,35.0,44,294,49,6,Safe,0
2026-05-14 12:08:35,17,219,35.1,47,308,49,7,Safe,0
2026-05-14 12:08:35,15,185,34.8,44,298,50,7,Safe,0
2026-05-14 12:08:36,15,197,35.2,46,290,50,3,Safe,0
2026-05-14 12:08:36,16,181,35.2,46,294,49,6,Safe,0
2026-05-14 12:08:37,15,199,35.2,44,309,50,5,Safe,0
2026-05-14 12:08:37,17,185,34.8,44,299,51,6,Safe,0
2026-05-14 12:08:38,17,215,35.1,47,293,50,5,Safe,0
2026-05-14 12:08:38,16,213,35.0,43,303,50,5,Safe,0
2026-05-14 12:08:39,15,185,34.9,45,309,50,6,Safe,0
2026-05-14 12:08:39,15,198,34.8,43,303,51,4,Safe,0
2026-05-14 12:08:40,17,211,35.1,46,294,51,7,Safe,0
2026-05-14 12:08:41,15,189,35.0,44,300,50,5,Safe,0
2026-05-14 12:08:41,15,215,34.8,44,305,51,3,Safe,0
2026-05-14 12:08:42,16,218,34.9,45,305,51,7,Safe,0
2026-05-14 12:08:42,16,211,35.0,47,296,49,5,Safe,0
2026-05-14 12:08:43,16,201,35.2,43,291,50,5,Safe,0
2026-05-14 12:08:43,16,206,35.1,47,300,50,5,Safe,0
2026-05-14 12:08:44,15,208,35.1,44,300,51,3,Safe,0
2026-05-14 12:08:44,15,204,34.9,46,292,50,3,Safe,0
2026-05-14 12:08:45,16,182,35.1,47,293,51,4,Safe,0
2026-05-14 12:08:45,17,188,35.1,44,306,51,3,Safe,0
2026-05-14 12:08:46,16,181,34.8,45,296,49,7,Safe,0
2026-05-14 12:08:46,15,200,34.8,44,305,49,5,Safe,0
2026-05-14 12:08:47,17,203,35.1,45,297,50,7,Safe,0
2026-05-14 12:08:47,15,217,35.0,44,297,50,3,Safe,0
2026-05-14 12:08:48,16,214,35.1,45,308,51,3,Safe,0
2026-05-14 12:08:48,17,192,34.9,44,291,50,7,Safe,0
2026-05-14 12:08:49,16,190,34.9,43,293,49,5,Safe,0
2026-05-14 12:08:49,16,183,35.2,45,308,50,5,Safe,0
2026-05-14 12:08:50,16,193,34.9,45,301,51,6,Safe,0
2026-05-14 12:08:50,15,217,34.9,44,300,50,7,Safe,0
2026-05-14 12:08:51,15,190,35.1,46,298,51,3,Safe,0
2026-05-14 12:08:51,17,198,35.1,44,307,49,7,Safe,0
2026-05-14 12:08:52,15,208,35.1,43,291,49,4,Safe,0
2026-05-14 12:08:52,15,208,34.9,46,301,51,3,Safe,0
2026-05-14 12:08:53,16,183,35.1,43,310,49,7,Safe,0
2026-05-14 12:08:53,16,193,35.1,46,305,50,4,Safe,0
2026-05-14 12:08:54,15,220,34.9,45,307,49,3,Safe,0
2026-05-14 12:08:54,16,186,35.0,46,308,51,5,Safe,0
2026-05-14 12:08:55,17,183,35.0,46,292,51,7,Safe,0
2026-05-14 12:08:55,16,205,34.9,46,300,50,7,Safe,0
2026-05-14 12:08:56,17,187,34.9,45,305,49,6,Safe,0
2026-05-14 12:08:56,17,189,34.8,45,291,51,7,Safe,0
2026-05-14 12:08:57,16,210,35.1,43,306,49,5,Safe,0
2026-05-14 12:08:57,15,181,34.9,47,308,49,7,Safe,0
2026-05-14 12:08:58,15,220,35.1,46,309,51,7,Safe,0
2026-05-14 12:08:58,15,180,34.8,43,302,51,7,Safe,0
2026-05-14 12:08:59,15,200,34.8,47,306,51,6,Safe,0
2026-05-14 12:08:59,16,207,34.8,46,297,51,4,Safe,0
2026-05-14 12:09:00,17,207,34.8,45,296,50,4,Safe,0
2026-05-14 12:09:00,17,204,35.2,46,306,51,3,Safe,0
2026-05-14 12:09:01,15,196,35.2,44,303,51,6,Safe,0
2026-05-14 12:09:01,15,184,35.0,47,308,50,6,Safe,0
2026-05-14 12:09:02,15,197,34.8,47,297,50,6,Safe,0
2026-05-14 12:09:02,17,181,35.0,45,308,50,3,Safe,0
2026-05-14 12:09:03,17,213,35.0,45,290,50,3,Safe,0
2026-05-14 12:09:03,16,193,34.9,46,290,51,5,Safe,0
2026-05-14 12:09:04,15,183,35.1,47,302,51,4,Safe,0
2026-05-14 12:09:04,16,190,35.0,47,302,51,4,Safe,0
2026-05-14 12:09:05,15,191,35.0,44,306,49,7,Safe,0
2026-05-14 12:09:05,16,182,35.2,43,305,51,6,Safe,0
2026-05-14 12:09:06,17,214,35.1,46,310,51,7,Safe,0
2026-05-14 12:09:06,16,189,34.9,46,293,51,6,Safe,0
2026-05-14 12:09:07,15,209,34.9,45,290,51,4,Safe,0
2026-05-14 12:09:07,15,209,34.9,46,296,50,5,Safe,0
2026-05-14 12:09:08,16,188,35.0,46,290,49,6,Safe,0
2026-05-14 12:09:09,17,219,35.1,47,292,50,3,Safe,0
2026-05-14 12:09:09,16,217,35.2,44,293,50,5,Safe,0
2026-05-14 12:09:10,16,196,34.9,46,299,50,5,Safe,0
2026-05-14 12:09:10,16,197,34.9,47,303,49,4,Safe,0
2026-05-14 12:09:11,17,203,35.0,47,292,49,6,Safe,0
2026-05-14 12:09:11,16,181,35.2,43,290,49,4,Safe,0
2026-05-14 12:09:12,17,198,34.9,44,298,50,5,Safe,0
2026-05-14 12:09:12,15,181,35.0,46,300,49,3,Safe,0
2026-05-14 12:09:13,15,201,34.8,47,305,51,5,Safe,0
2026-05-14 12:09:13,16,188,34.9,46,306,49,7,Safe,0
2026-05-14 12:09:14,16,195,34.8,44,300,49,7,Safe,0
2026-05-14 12:09:14,16,180,34.9,47,295,50,5,Safe,0
2026-05-14 12:09:15,17,180,34.8,43,296,51,7,Safe,0
2026-05-14 12:09:15,16,192,35.1,47,299,49,3,Safe,0
2026-05-14 12:09:16,16,207,35.0,43,306,50,5,Safe,0
2026-05-14 12:09:16,15,214,35.0,45,307,49,4,Safe,0
2026-05-14 12:09:17,15,207,35.1,45,290,50,6,Safe,0
2026-05-14 12:09:17,16,218,34.8,46,290,51,7,Safe,0
2026-05-14 12:09:18,17,201,35.0,46,298,51,6,Safe,0
2026-05-14 12:09:18,15,213,35.1,47,307,50,3,Safe,0
2026-05-14 12:09:19,16,188,34.9,46,307,51,4,Safe,0
2026-05-14 12:09:19,16,201,34.9,47,292,50,7,Safe,0
2026-05-14 12:09:20,16,201,35.1,47,310,51,3,Safe,0
2026-05-14 12:09:20,16,209,34.9,45,295,50,4,Safe,0
2026-05-14 12:09:21,17,211,35.0,46,307,50,7,Safe,0
2026-05-14 12:09:21,15,203,35.1,44,304,49,6,Safe,0
2026-05-14 12:09:22,15,217,34.9,45,301,49,5,Safe,0
2026-05-14 12:09:22,15,197,35.0,45,290,51,4,Safe,0
2026-05-14 12:09:23,15,220,35.2,44,292,50,6,Safe,0
2026-05-14 12:09:23,16,185,35.1,43,301,49,6,Safe,0
2026-05-14 12:09:24,16,207,35.2,47,293,51,7,Safe,0
2026-05-14 12:09:24,15,186,35.0,45,297,50,5,Safe,0
2026-05-14 12:09:25,17,214,34.8,46,303,51,3,Safe,0
2026-05-14 12:09:25,15,188,35.1,45,306,50,6,Safe,0
2026-05-14 12:09:26,16,214,35.0,44,308,51,3,Safe,0
2026-05-14 12:09:26,16,208,35.1,46,294,50,6,Safe,0
2026-05-14 12:09:27,17,209,35.1,46,296,50,7,Safe,0
2026-05-14 12:09:27,15,212,34.9,45,294,49,6,Safe,0
2026-05-14 12:09:28,17,212,35.0,46,293,50,7,Safe,0
2026-05-14 12:09:28,15,190,34.9,47,295,50,4,Safe,0
2026-05-14 12:09:29,15,215,35.0,47,310,49,6,Safe,0
2026-05-14 12:09:29,15,184,35.1,46,296,50,3,Safe,0
2026-05-14 12:09:30,15,185,35.0,46,300,50,6,Safe,0
2026-05-14 12:09:30,16,181,35.1,46,305,51,6,Safe,0
2026-05-14 12:09:31,16,211,35.0,47,290,51,6,Safe,0
2026-05-14 12:09:31,15,187,35.1,47,305,51,6,Safe,0
2026-05-14 12:09:32,16,211,34.8,45,307,51,3,Safe,0
2026-05-14 12:09:32,15,182,34.9,46,303,51,5,Safe,0
2026-05-14 12:09:33,15,193,34.9,43,304,49,7,Safe,0
2026-05-14 12:09:33,16,180,35.0,45,304,50,7,Safe,0
2026-05-14 12:09:34,16,212,34.8,45,310,49,4,Safe,0
2026-05-14 12:09:34,17,213,35.1,46,306,50,6,Safe,0
2026-05-14 12:09:35,16,180,34.8,43,305,49,6,Safe,0
2026-05-14 12:09:35,15,190,35.2,47,301,50,3,Safe,0
2026-05-14 12:09:36,17,188,34.9,43,299,49,6,Safe,0
2026-05-14 12:09:36,16,197,35.1,43,294,50,6,Safe,0
2026-05-14 12:09:37,17,181,34.9,46,295,51,7,Safe,0
2026-05-14 12:09:37,17,210,35.1,46,290,49,6,Safe,0
2026-05-14 12:09:38,16,200,35.0,46,290,50,7,Safe,0
2026-05-14 12:09:39,16,197,35.2,47,299,51,6,Safe,0
2026-05-14 12:09:39,17,184,34.9,44,296,51,5,Safe,0
2026-05-14 12:09:40,17,190,34.9,45,298,51,6,Safe,0
2026-05-14 12:09:40,16,196,35.1,47,302,51,3,Safe,0
2026-05-14 12:09:41,16,219,35.1,45,304,49,7,Safe,0
2026-05-14 12:09:41,15,186,35.1,45,295,50,5,Safe,0
2026-05-14 12:09:42,17,198,34.9,44,291,50,5,Safe,0
2026-05-14 12:09:42,17,208,34.9,45,306,49,3,Safe,0
2026-05-14 12:09:43,16,184,35.2,46,298,51,7,Safe,0
2026-05-14 12:09:43,16,186,35.1,44,299,51,3,Safe,0
2026-05-14 12:09:44,17,216,35.0,46,297,51,5,Safe,0
2026-05-14 12:09:44,17,180,35.0,43,305,50,3,Safe,0
2026-05-14 12:09:45,17,215,34.9,45,295,49,6,Safe,0
2026-05-14 12:09:45,16,202,35.0,47,291,50,6,Safe,0
2026-05-14 12:09:46,17,187,35.2,44,305,51,3,Safe,0
2026-05-14 12:09:46,16,196,35.0,45,302,50,7,Safe,0
2026-05-14 12:09:47,15,189,35.1,47,295,50,6,Safe,0
2026-05-14 12:09:47,17,218,34.9,45,301,50,7,Safe,0
2026-05-14 12:09:48,17,192,34.8,45,309,49,3,Safe,0
2026-05-14 12:09:48,15,183,34.9,44,293,50,3,Safe,0
2026-05-14 12:09:49,17,195,35.0,44,294,51,5,Safe,0
2026-05-14 12:09:49,17,218,34.8,43,298,49,6,Safe,0
2026-05-14 12:09:50,15,203,34.8,47,301,51,4,Safe,0
2026-05-14 12:09:50,17,194,35.1,43,305,49,6,Safe,0
2026-05-14 12:09:51,17,188,34.9,43,306,50,6,Safe,0
2026-05-14 12:09:51,16,198,35.1,47,306,51,5,Safe,0
2026-05-14 12:09:52,16,188,35.1,44,301,50,5,Safe,0
2026-05-14 12:09:52,17,191,35.0,47,297,50,6,Safe,0
2026-05-14 12:09:53,15,197,34.9,47,307,50,4,Safe,0
2026-05-14 12:09:53,15,215,34.8,45,300,50,4,Safe,0
2026-05-14 12:09:54,17,216,35.2,47,310,51,6,Safe,0
2026-05-14 12:09:54,17,204,35.1,46,291,49,5,Safe,0
2026-05-14 12:09:55,17,180,34.9,45,298,49,7,Safe,0
2026-05-14 12:09:55,15,194,35.2,44,301,51,7,Safe,0
2026-05-14 12:09:56,16,197,35.1,45,307,49,5,Safe,0
2026-05-14 12:09:56,16,214,35.1,44,290,51,6,Safe,0
2026-05-14 12:09:57,15,186,34.9,47,291,51,6,Safe,0
2026-05-14 12:09:57,16,207,35.1,46,308,49,6,Safe,0
2026-05-14 12:09:58,17,207,35.1,45,310,51,5,Safe,0
2026-05-14 12:09:58,15,204,34.9,44,306,51,4,Safe,0
2026-05-14 12:09:59,17,218,34.9,47,290,50,4,Safe,0
2026-05-14 12:09:59,17,210,35.1,45,298,51,3,Safe,0
2026-05-14 12:10:00,17,197,34.8,45,306,50,7,Safe,0
2026-05-14 12:10:00,15,192,35.1,47,293,49,7,Safe,0
2026-05-14 12:10:01,15,181,35.1,44,291,50,3,Safe,0
2026-05-14 12:10:01,15,202,35.1,44,300,49,4,Safe,0
2026-05-14 12:10:02,17,213,35.0,44,299,50,3,Safe,0
2026-05-14 12:10:02,15,181,34.9,46,297,51,6,Safe,0
2026-05-14 12:10:03,17,206,35.1,43,306,50,4,Safe,0
2026-05-14 12:10:03,15,213,35.0,47,305,51,4,Safe,0
2026-05-14 12:10:04,16,208,34.8,44,308,50,5,Safe,0
2026-05-14 12:10:04,15,183,35.1,47,307,49,7,Safe,0
2026-05-14 12:10:05,15,218,34.9,45,305,51,3,Safe,0
2026-05-14 12:10:06,15,189,35.1,46,310,51,7,Safe,0
2026-05-14 12:10:06,16,182,35.1,46,290,49,6,Safe,0
2026-05-14 12:10:07,15,196,34.8,46,290,51,4,Safe,0
2026-05-14 12:10:07,17,180,35.0,47,297,51,7,Safe,0
2026-05-14 12:10:08,17,195,35.0,43,304,49,7,Safe,0
2026-05-14 12:10:08,17,212,35.0,45,298,49,3,Safe,0
2026-05-14 12:10:09,17,181,35.1,46,290,50,5,Safe,0
2026-05-14 12:10:09,17,199,35.1,44,292,50,3,Safe,0
2026-05-14 12:10:10,16,219,35.0,47,310,50,3,Safe,0
2026-05-14 12:10:10,17,188,34.8,45,310,49,7,Safe,0
2026-05-14 12:10:11,17,192,35.0,46,308,50,5,Safe,0
2026-05-14 12:10:11,17,202,35.1,46,309,50,7,Safe,0
2026-05-14 12:10:12,17,195,34.9,44,290,49,4,Safe,0
2026-05-14 12:10:12,16,183,34.9,43,294,49,5,Safe,0
2026-05-14 12:10:13,16,180,35.1,44,298,51,5,Safe,0
2026-05-14 12:10:13,17,188,35.2,44,293,51,3,Safe,0
2026-05-14 12:10:14,16,209,34.8,46,298,49,4,Safe,0
2026-05-14 12:10:14,17,212,35.1,45,299,49,5,Safe,0
2026-05-14 12:10:15,17,210,35.0,47,290,51,3,Safe,0
2026-05-14 12:10:15,16,195,35.1,47,304,51,7,Safe,0
2026-05-14 12:10:16,16,205,34.9,44,293,50,7,Safe,0
2026-05-14 12:10:16,16,197,35.0,45,310,50,7,Safe,0
2026-05-14 12:10:17,17,193,34.8,47,302,49,7,Safe,0
2026-05-14 12:10:17,17,203,34.9,44,295,50,7,Safe,0
2026-05-14 12:10:18,17,212,35.0,45,292,51,6,Safe,0
2026-05-14 12:10:18,17,210,34.8,44,303,51,4,Safe,0
2026-05-14 12:10:19,15,216,35.0,45,309,51,7,Safe,0
2026-05-14 12:10:19,16,219,34.9,45,290,50,6,Safe,0
2026-05-14 12:10:20,16,183,35.1,45,297,50,5,Safe,0
2026-05-14 12:10:20,15,204,34.8,47,310,49,7,Safe,0
2026-05-14 12:10:21,15,194,35.1,43,304,51,4,Safe,0
2026-05-14 12:10:21,17,194,35.1,47,295,51,6,Safe,0
2026-05-14 12:10:22,16,185,35.0,44,301,51,5,Safe,0
2026-05-14 12:10:22,15,194,35.1,45,303,49,7,Safe,0
2026-05-14 12:10:23,17,194,34.9,43,307,49,7,Safe,0
2026-05-14 12:10:23,15,209,35.1,44,306,49,3,Safe,0
2026-05-14 12:10:24,16,185,35.1,46,290,49,3,Safe,0
2026-05-14 12:10:24,17,189,34.9,43,296,50,4,Safe,0
2026-05-14 12:10:25,15,213,34.9,43,308,50,3,Safe,0
2026-05-14 12:10:25,16,207,35.2,45,306,50,4,Safe,0
2026-05-14 12:10:26,16,200,35.1,46,309,50,5,Safe,0
2026-05-14 12:10:26,16,212,34.9,43,293,49,5,Safe,0
2026-05-14 12:10:27,16,214,35.0,44,298,51,6,Safe,0
2026-05-14 12:10:27,17,195,35.0,44,296,50,6,Safe,0
2026-05-14 12:10:28,16,218,35.1,44,307,49,3,Safe,0
2026-05-14 12:10:28,16,196,35.2,45,297,51,6,Safe,0
2026-05-14 12:10:29,17,210,35.0,43,293,51,7,Safe,0
2026-05-14 12:10:29,16,181,35.1,47,292,51,4,Safe,0
2026-05-14 12:10:30,16,210,35.1,43,297,50,3,Safe,0
2026-05-14 12:10:30,17,196,35.2,45,299,50,4,Safe,0
2026-05-14 12:10:31,17,187,35.1,47,308,49,3,Safe,0
2026-05-14 12:10:31,17,198,35.1,46,307,50,4,Safe,0
2026-05-14 12:10:32,16,213,35.2,45,308,49,3,Safe,0
2026-05-14 12:10:32,17,215,34.9,46,303,49,6,Safe,0
2026-05-14 12:10:33,16,190,35.1,45,304,51,5,Safe,0
2026-05-14 12:10:33,16,187,35.0,45,295,51,3,Safe,0
2026-05-14 12:10:34,16,191,34.9,45,307,50,3,Safe,0
2026-05-14 12:10:34,16,220,35.0,46,310,50,4,Safe,0
2026-05-14 12:10:35,16,218,34.8,43,297,51,3,Safe,0
2026-05-14 12:10:35,15,219,34.8,46,298,50,4,Safe,0
2026-05-14 12:10:36,16,196,35.0,47,293,51,5,Safe,0
2026-05-14 12:10:36,17,180,34.9,43,297,50,5,Safe,0
2026-05-14 12:10:37,17,183,35.1,44,301,50,3,Safe,0
2026-05-14 12:10:38,17,200,35.0,46,298,49,3,Safe,0
2026-05-14 12:10:38,17,211,35.1,45,290,49,7,Safe,0
2026-05-14 12:10:39,17,219,34.9,45,297,49,7,Safe,0
2026-05-14 12:10:39,15,189,35.2,45,291,51,4,Safe,0
2026-05-14 12:10:40,16,220,34.8,44,292,51,3,Safe,0
2026-05-14 12:10:40,17,183,35.2,46,305,50,3,Safe,0
2026-05-14 12:10:41,15,192,34.8,43,308,49,4,Safe,0
2026-05-14 12:10:41,16,183,35.0,47,305,50,7,Safe,0
2026-05-14 12:10:42,15,190,34.9,47,307,49,7,Safe,0
2026-05-14 12:10:42,17,195,34.8,45,301,49,3,Safe,0
2026-05-14 12:10:43,15,194,35.0,43,295,51,4,Safe,0
2026-05-14 12:10:43,16,204,35.1,44,303,49,6,Safe,0
2026-05-14 12:10:44,15,182,35.0,43,305,50,5,Safe,0
2026-05-14 12:10:44,15,197,34.8,43,302,49,6,Safe,0
2026-05-14 12:10:45,16,186,34.8,47,303,51,3,Safe,0
2026-05-14 12:10:45,15,186,35.0,47,299,51,7,Safe,0
2026-05-14 12:10:46,16,190,35.2,44,307,49,7,Safe,0
2026-05-14 12:10:46,17,210,34.8,46,291,51,5,Safe,0
2026-05-14 12:10:47,17,188,35.1,46,309,50,5,Safe,0
2026-05-14 12:10:47,17,218,34.9,47,308,51,4,Safe,0
2026-05-14 12:10:48,17,181,35.0,45,292,50,7,Safe,0
2026-05-14 12:10:48,16,217,35.1,44,301,51,7,Safe,0
2026-05-14 12:10:49,16,185,35.1,45,297,51,3,Safe,0
2026-05-14 12:10:49,15,207,35.2,45,306,49,6,Safe,0
2026-05-14 12:10:50,16,211,34.8,45,292,49,4,Safe,0
2026-05-14 12:10:50,17,195,34.9,44,309,51,6,Safe,0
2026-05-14 12:10:51,16,205,34.9,47,302,51,5,Safe,0
2026-05-14 12:10:51,15,202,34.8,43,308,49,3,Safe,0
2026-05-14 12:10:52,17,194,35.2,43,309,50,3,Safe,0
2026-05-14 12:10:52,17,214,35.2,45,304,49,6,Safe,0
2026-05-14 12:10:53,16,220,35.0,47,291,49,6,Safe,0
2026-05-14 12:10:53,16,191,34.9,46,291,51,4,Safe,0
2026-05-14 12:10:54,15,191,34.9,46,307,49,6,Safe,0
2026-05-14 12:10:54,16,194,34.9,43,310,51,5,Safe,0
2026-05-14 12:10:55,15,193,35.0,43,296,51,4,Safe,0
2026-05-14 12:10:55,16,205,35.2,45,290,51,5,Safe,0
2026-05-14 12:10:56,15,215,34.9,44,300,49,5,Safe,0
2026-05-14 12:10:56,15,183,34.9,46,301,51,6,Safe,0
2026-05-14 12:10:57,17,205,35.1,46,291,49,7,Safe,0
2026-05-14 12:10:58,16,216,35.0,46,304,50,4,Safe,0
2026-05-14 12:10:58,15,219,35.0,44,305,51,5,Safe,0
2026-05-14 12:10:58,17,214,35.0,45,307,51,4,Safe,0
2026-05-14 12:10:59,17,217,35.0,45,292,50,3,Safe,0
2026-05-14 12:11:00,15,217,35.1,46,291,51,3,Safe,0
2026-05-14 12:11:00,17,220,35.0,44,310,51,6,Safe,0
2026-05-14 12:11:01,17,189,35.1,43,308,49,3,Safe,0
2026-05-14 12:11:01,15,197,35.1,45,298,51,5,Safe,0
2026-05-14 12:11:02,17,187,34.9,47,290,51,7,Safe,0
2026-05-14 12:11:02,16,180,35.0,44,291,49,7,Safe,0
2026-05-14 12:11:03,15,214,35.0,47,310,51,6,Safe,0
2026-05-14 12:11:03,15,206,35.1,47,304,50,3,Safe,0
2026-05-14 12:11:04,15,185,35.2,43,303,50,6,Safe,0
2026-05-14 12:11:04,17,199,35.1,44,294,50,7,Safe,0
2026-05-14 12:11:05,17,208,34.9,47,295,51,4,Safe,0
2026-05-14 12:11:05,16,191,35.1,45,306,49,5,Safe,0
2026-05-14 12:11:06,17,191,34.9,43,290,50,5,Safe,0
2026-05-14 12:11:06,15,212,35.0,47,299,51,4,Safe,0
2026-05-14 12:11:07,16,205,35.2,45,295,49,3,Safe,0
2026-05-14 12:11:07,16,196,34.9,45,302,49,5,Safe,0
2026-05-14 12:11:08,17,215,35.0,46,295,50,3,Safe,0
2026-05-14 12:11:08,15,180,35.1,43,306,50,3,Safe,0
2026-05-14 12:11:09,16,185,35.1,44,294,51,3,Safe,0
2026-05-14 12:11:09,17,215,34.8,43,290,49,6,Safe,0
2026-05-14 12:11:10,15,187,34.9,43,294,50,3,Safe,0
2026-05-14 12:11:10,16,203,34.8,45,305,49,6,Safe,0
2026-05-14 12:11:11,16,220,34.9,47,294,51,6,Safe,0
2026-05-14 12:11:11,17,190,35.0,45,297,49,6,Safe,0
2026-05-14 12:11:12,17,193,34.9,43,290,50,7,Safe,0
2026-05-14 12:11:12,15,196,34.9,47,301,49,6,Safe,0
2026-05-14 12:11:13,17,204,35.0,44,302,49,4,Safe,0
2026-05-14 12:11:13,15,210,35.0,45,307,51,4,Safe,0
2026-05-14 12:11:14,16,181,34.9,45,303,51,5,Safe,0
2026-05-14 12:11:14,16,220,34.9,44,309,49,3,Safe,0
2026-05-14 12:11:15,17,201,35.0,45,306,49,3,Safe,0
2026-05-14 12:11:15,17,186,35.2,46,292,51,6,Safe,0
2026-05-14 12:11:16,16,195,35.1,44,300,49,3,Safe,0
2026-05-14 12:11:16,17,192,35.1,45,306,51,4,Safe,0
2026-05-14 12:11:17,16,185,35.0,46,308,51,6,Safe,0
2026-05-14 12:11:17,16,192,35.2,43,309,50,4,Safe,0
2026-05-14 12:11:18,15,189,34.9,46,292,50,5,Safe,0
2026-05-14 12:11:18,17,180,35.0,47,291,51,3,Safe,0
2026-05-14 12:11:19,16,207,35.1,44,308,50,7,Safe,0
2026-05-14 12:11:19,15,213,34.8,44,293,50,3,Safe,0
2026-05-14 12:11:20,16,220,34.8,44,302,50,5,Safe,0
2026-05-14 12:11:20,15,213,35.0,47,304,51,4,Safe,0
2026-05-14 12:11:21,15,193,34.9,47,295,50,6,Safe,0
2026-05-14 12:11:21,16,217,35.1,47,294,51,3,Safe,0
2026-05-14 12:11:22,17,211,35.0,43,302,49,5,Safe,0
2026-05-14 12:11:22,16,214,34.9,46,294,50,6,Safe,0
2026-05-14 12:11:23,16,203,34.9,46,303,50,6,Safe,0
2026-05-14 12:11:23,17,203,35.2,47,308,50,4,Safe,0
2026-05-14 12:11:24,16,189,34.9,47,297,51,4,Safe,0
2026-05-14 12:11:24,17,213,35.1,45,291,51,7,Safe,0
2026-05-14 12:11:25,15,214,34.9,46,305,50,3,Safe,0
2026-05-14 12:11:25,16,206,35.0,46,299,50,5,Safe,0
2026-05-14 12:11:26,17,197,34.8,47,294,49,6,Safe,0
2026-05-14 12:11:26,15,184,34.8,43,296,49,5,Safe,0
2026-05-14 12:11:27,15,198,35.0,43,300,51,3,Safe,0
2026-05-14 12:11:27,16,220,34.9,44,300,50,6,Safe,0
2026-05-14 12:11:28,15,209,34.9,47,305,50,4,Safe,0
2026-05-14 12:11:28,17,212,34.8,47,290,50,6,Safe,0
2026-05-14 12:11:29,16,205,34.9,43,305,49,7,Safe,0
2026-05-14 12:11:29,15,211,34.9,43,295,50,7,Safe,0
2026-05-14 12:11:30,15,209,35.0,47,292,51,3,Safe,0
2026-05-14 12:11:30,15,198,34.8,45,302,50,7,Safe,0
2026-05-14 12:11:31,16,209,35.2,44,294,51,6,Safe,0
2026-05-14 12:11:31,15,211,35.1,44,309,50,5,Safe,0
2026-05-14 12:11:32,15,204,34.9,46,299,49,6,Safe,0
2026-05-14 12:11:32,17,191,35.2,47,298,51,6,Safe,0
2026-05-14 12:11:33,17,187,34.9,43,296,49,4,Safe,0
2026-05-14 12:11:34,16,220,34.9,43,310,49,4,Safe,0
2026-05-14 12:11:34,15,220,35.0,46,291,50,4,Safe,0
2026-05-14 12:11:35,15,185,35.1,47,308,51,3,Safe,0
2026-05-14 12:11:35,15,189,34.8,44,303,50,7,Safe,0
2026-05-14 12:11:36,17,211,34.8,44,310,50,5,Safe,0
2026-05-14 12:11:36,17,200,34.9,43,308,50,4,Safe,0
2026-05-14 12:11:37,16,212,35.2,45,308,51,3,Safe,0
2026-05-14 12:11:37,17,203,34.9,45,309,51,4,Safe,0
2026-05-14 12:11:38,16,202,35.0,43,292,51,7,Safe,0
2026-05-14 12:11:38,15,191,35.0,44,303,49,5,Safe,0
2026-05-14 12:11:39,15,191,35.1,47,298,50,7,Safe,0
2026-05-14 12:11:39,15,203,34.8,43,308,51,7,Safe,0
2026-05-14 12:11:40,15,193,35.2,46,304,51,7,Safe,0
2026-05-14 12:11:40,15,195,35.1,44,292,50,7,Safe,0
2026-05-14 12:11:41,16,213,35.0,45,306,49,6,Safe,0
2026-05-14 12:11:41,17,217,35.0,47,307,50,5,Safe,0
2026-05-14 12:11:42,15,196,35.0,47,298,50,4,Safe,0
2026-05-14 12:11:42,16,198,35.2,45,308,50,3,Safe,0
2026-05-14 12:11:43,16,214,35.0,46,291,49,7,Safe,0
2026-05-14 12:11:43,16,203,35.0,46,297,50,4,Safe,0
2026-05-14 12:11:44,17,220,35.0,45,308,51,5,Safe,0
2026-05-14 12:11:44,15,209,35.2,43,294,49,6,Safe,0
2026-05-14 12:11:45,17,183,34.9,44,307,51,5,Safe,0
2026-05-14 12:11:45,16,188,35.0,47,307,51,6,Safe,0
2026-05-14 12:11:46,17,220,34.9,46,300,50,5,Safe,0
2026-05-14 12:11:46,16,210,34.9,43,291,50,6,Safe,0
2026-05-14 12:11:47,17,193,34.9,46,294,49,6,Safe,0
2026-05-14 12:11:47,17,218,34.9,44,307,51,6,Safe,0
2026-05-14 12:11:48,16,188,34.9,47,294,50,6,Safe,0
2026-05-14 12:11:48,15,201,35.0,46,299,49,4,Safe,0
2026-05-14 12:11:49,15,202,35.0,47,309,50,7,Safe,0
2026-05-14 12:11:49,15,196,35.0,45,310,49,7,Safe,0
2026-05-14 12:11:50,16,186,35.1,46,296,51,4,Safe,0
2026-05-14 12:11:50,16,209,35.1,46,299,49,4,Safe,0
2026-05-14 12:11:51,16,194,35.0,46,298,50,5,Safe,0
2026-05-14 12:11:51,17,215,34.8,47,305,49,3,Safe,0
2026-05-14 12:11:52,16,207,35.0,45,291,50,6,Safe,0
2026-05-14 12:11:52,15,190,34.9,43,305,51,6,Safe,0
2026-05-14 12:11:53,17,209,34.9,45,302,51,3,Safe,0
2026-05-14 12:11:53,15,184,35.1,46,291,50,6,Safe,0
2026-05-14 12:11:54,17,211,35.1,44,307,51,3,Safe,0
2026-05-14 12:11:54,16,196,35.1,43,305,49,3,Safe,0
2026-05-14 12:11:55,17,211,35.1,43,297,49,6,Safe,0
2026-05-14 12:11:55,17,215,35.1,43,304,51,7,Safe,0
2026-05-14 12:11:56,17,196,35.0,43,307,49,7,Safe,0
2026-05-14 12:11:56,16,197,35.1,46,300,49,7,Safe,0
2026-05-14 12:11:57,17,196,35.0,44,300,50,3,Safe,0
2026-05-14 12:11:57,15,217,34.9,46,304,51,3,Safe,0
2026-05-14 12:11:58,15,205,34.9,46,290,49,3,Safe,0
2026-05-14 12:11:58,15,181,34.9,44,296,51,3,Safe,0
2026-05-14 12:11:59,15,217,34.9,45,292,49,3,Safe,0
2026-05-14 12:11:59,17,187,35.2,43,304,51,4,Safe,0
2026-05-14 12:12:00,17,201,34.9,43,308,50,7,Safe,0
2026-05-14 12:12:00,16,189,35.2,47,307,51,5,Safe,0
2026-05-14 12:12:01,15,205,35.2,44,303,51,7,Safe,0
2026-05-14 12:12:02,16,204,35.1,44,308,51,6,Safe,0
2026-05-14 12:12:02,17,210,35.2,45,302,51,4,Safe,0
2026-05-14 12:12:03,16,190,34.8,43,297,49,4,Safe,0
2026-05-14 12:12:03,16,208,34.9,44,309,51,6,Safe,0
2026-05-14 12:12:04,16,181,35.1,45,298,49,4,Safe,0
2026-05-14 12:12:04,16,195,35.0,43,304,50,4,Safe,0
2026-05-14 12:12:05,16,196,35.0,47,299,49,7,Safe,0
2026-05-14 12:12:05,17,216,35.1,45,290,51,5,Safe,0
2026-05-14 12:12:06,15,180,35.1,46,290,49,3,Safe,0
2026-05-14 12:12:06,17,218,34.9,44,305,49,4,Safe,0
2026-05-14 12:12:07,16,185,34.9,46,290,51,6,Safe,0
2026-05-14 12:12:07,15,199,35.1,46,304,49,6,Safe,0
2026-05-14 12:12:08,15,194,34.9,44,305,49,4,Safe,0
2026-05-14 12:12:08,17,180,34.9,46,294,51,3,Safe,0
2026-05-14 12:12:09,17,217,35.1,44,298,51,5,Safe,0
2026-05-14 12:12:09,17,214,35.0,44,305,50,5,Safe,0
2026-05-14 12:12:10,17,186,35.2,46,299,50,5,Safe,0
2026-05-14 12:12:10,17,204,35.0,45,292,50,4,Safe,0
2026-05-14 12:12:11,15,186,35.0,45,290,49,3,Safe,0
2026-05-14 12:12:11,16,218,34.9,47,309,51,7,Safe,0
2026-05-14 12:12:12,17,196,35.2,46,293,51,5,Safe,0
2026-05-14 12:12:12,15,218,35.2,47,304,49,7,Safe,0
2026-05-14 12:12:13,15,214,35.0,43,307,50,3,Safe,0
2026-05-14 12:12:13,15,193,35.1,46,297,49,7,Safe,0
2026-05-14 12:12:14,17,188,34.8,45,307,50,4,Safe,0
2026-05-14 12:12:14,15,211,35.0,43,297,50,4,Safe,0
2026-05-14 12:12:15,17,185,35.1,46,296,49,4,Safe,0
2026-05-14 12:12:15,17,204,34.9,43,305,50,3,Safe,0
2026-05-14 12:12:16,16,193,35.0,47,306,51,3,Safe,0
2026-05-14 12:12:16,15,193,35.1,46,292,50,4,Safe,0
2026-05-14 12:12:17,17,183,34.9,45,295,51,4,Safe,0
2026-05-14 12:12:17,17,219,34.9,46,295,51,7,Safe,0
2026-05-14 12:12:18,16,216,35.1,47,292,51,5,Safe,0
2026-05-14 12:12:18,16,215,35.0,46,298,51,5,Safe,0
2026-05-14 12:12:19,17,184,34.9,46,305,51,4,Safe,0
2026-05-14 12:12:19,17,199,35.2,43,290,50,3,Safe,0
2026-05-14 12:12:20,16,200,35.0,44,306,51,6,Safe,0
2026-05-14 12:12:20,17,186,34.9,47,307,51,4,Safe,0
2026-05-14 12:12:21,17,209,35.2,43,296,51,4,Safe,0
2026-05-14 12:12:21,15,196,35.1,46,299,50,5,Safe,0
2026-05-14 12:12:22,16,217,35.0,44,310,50,4,Safe,0
2026-05-14 12:12:22,16,200,34.9,46,306,49,4,Safe,0
2026-05-14 12:12:23,17,209,34.8,43,303,50,5,Safe,0
2026-05-14 12:12:23,17,214,34.9,45,296,51,5,Safe,0
2026-05-14 12:12:24,16,216,34.9,47,297,50,5,Safe,0
2026-05-14 12:12:24,17,204,34.8,46,298,50,4,Safe,0
2026-05-14 12:12:25,15,188,35.1,43,303,50,6,Safe,0
2026-05-14 12:12:25,15,187,35.0,44,290,51,4,Safe,0
2026-05-14 12:12:26,15,193,35.1,46,298,49,7,Safe,0
2026-05-14 12:12:26,16,181,35.1,47,309,51,7,Safe,0
2026-05-14 12:12:27,16,189,35.2,45,302,51,7,Safe,0
2026-05-14 12:12:27,16,197,34.9,47,294,49,3,Safe,0
2026-05-14 12:12:28,16,209,35.1,44,303,49,5,Safe,0
2026-05-14 12:12:28,16,181,34.8,43,306,49,4,Safe,0
2026-05-14 12:12:29,16,203,35.1,43,297,50,4,Safe,0
2026-05-14 12:12:29,16,199,34.8,44,307,51,6,Safe,0
2026-05-14 12:12:30,15,193,34.8,47,298,49,4,Safe,0
2026-05-14 12:12:30,16,209,35.1,46,304,50,6,Safe,0
2026-05-14 12:12:31,16,208,35.0,46,303,50,4,Safe,0
2026-05-14 12:12:31,16,190,34.8,45,294,50,3,Safe,0
2026-05-14 12:12:32,17,180,35.2,47,300,49,6,Safe,0
2026-05-14 12:12:32,17,182,35.1,45,300,51,5,Safe,0
2026-05-14 12:12:33,16,219,34.9,47,296,50,6,Safe,0
2026-05-14 12:12:33,16,196,35.1,47,290,50,6,Safe,0
2026-05-14 12:12:34,15,212,35.1,47,295,51,5,Safe,0
2026-05-14 12:12:34,16,190,34.8,47,300,50,5,Safe,0
2026-05-14 12:12:35,15,190,35.1,44,292,51,5,Safe,0
2026-05-14 12:12:36,15,213,35.0,44,291,49,7,Safe,0
2026-05-14 12:12:36,17,190,35.1,47,292,50,7,Safe,0
2026-05-14 12:12:37,17,192,34.9,43,297,51,3,Safe,0
2026-05-14 12:12:37,15,190,34.8,44,292,49,5,Safe,0
2026-05-14 12:12:38,15,188,34.9,46,303,49,3,Safe,0
2026-05-14 12:12:38,16,182,35.0,46,294,50,4,Safe,0
2026-05-14 12:12:39,16,214,35.2,46,303,50,4,Safe,0
2026-05-14 12:12:39,17,192,34.9,43,294,50,3,Safe,0
2026-05-14 12:12:40,16,193,34.9,45,310,50,4,Safe,0
2026-05-14 12:12:40,15,216,35.1,44,297,51,7,Safe,0
2026-05-14 12:12:41,17,187,34.8,46,303,49,6,Safe,0
2026-05-14 12:12:41,15,189,35.0,44,294,51,4,Safe,0
2026-05-14 12:12:42,15,208,34.9,45,308,49,5,Safe,0
2026-05-14 12:12:42,15,191,35.1,46,310,50,4,Safe,0
2026-05-14 12:12:43,17,203,34.9,43,309,49,5,Safe,0
2026-05-14 12:12:43,16,185,34.9,47,299,51,7,Safe,0
2026-05-14 12:12:44,17,187,35.0,47,303,50,4,Safe,0
2026-05-14 12:12:44,16,189,34.8,46,304,51,3,Safe,0
2026-05-14 12:12:45,16,188,35.0,47,292,49,6,Safe,0
2026-05-14 12:12:45,17,181,34.9,45,290,50,3,Safe,0
2026-05-14 12:12:46,15,186,35.2,43,304,51,4,Safe,0
2026-05-14 12:12:46,17,219,35.1,44,307,50,6,Safe,0
2026-05-14 12:12:47,16,217,35.1,43,310,49,3,Safe,0
2026-05-14 12:12:47,16,199,35.0,45,302,51,5,Safe,0
2026-05-14 12:12:48,16,212,34.9,45,306,50,5,Safe,0
2026-05-14 12:12:48,15,212,34.8,46,296,50,7,Safe,0
2026-05-14 12:12:49,17,199,35.0,46,295,51,5,Safe,0
2026-05-14 12:12:49,17,217,34.8,45,295,49,6,Safe,0
2026-05-14 12:12:50,15,202,35.1,44,290,50,3,Safe,0
2026-05-14 12:12:50,16,207,34.9,44,306,51,7,Safe,0
2026-05-14 12:12:51,17,214,35.1,45,301,49,6,Safe,0
2026-05-14 12:12:51,16,185,35.1,47,309,49,4,Safe,0
2026-05-14 12:12:52,16,193,35.0,44,296,50,3,Safe,0
2026-05-14 12:12:52,15,182,34.8,43,305,50,3,Safe,0
2026-05-14 12:12:53,16,217,34.9,47,301,51,3,Safe,0
2026-05-14 12:12:53,16,216,34.8,46,301,51,5,Safe,0
2026-05-14 12:12:54,15,197,34.9,43,291,49,7,Safe,0
2026-05-14 12:12:54,15,181,34.8,45,295,51,5,Safe,0
2026-05-14 12:12:55,15,187,35.0,44,292,51,7,Safe,0
2026-05-14 12:12:55,17,182,34.9,46,297,49,4,Safe,0
2026-05-14 12:12:56,15,182,34.8,43,298,49,7,Safe,0
2026-05-14 12:12:56,15,220,35.1,43,300,49,5,Safe,0
2026-05-14 12:12:57,16,220,35.0,43,307,51,7,Safe,0
2026-05-14 12:12:57,15,215,35.2,46,306,51,5,Safe,0
2026-05-14 12:12:58,16,209,34.9,46,307,50,3,Safe,0
2026-05-14 12:12:58,15,216,34.9,47,297,50,7,Safe,0
2026-05-14 12:12:59,15,214,34.9,43,297,49,5,Safe,0
2026-05-14 12:12:59,15,196,35.0,46,301,49,7,Safe,0
2026-05-14 12:13:00,15,198,35.1,47,300,49,4,Safe,0
2026-05-14 12:13:00,17,180,34.8,43,298,49,3,Safe,0
2026-05-14 12:13:01,17,189,35.1,45,299,49,4,Safe,0
2026-05-14 12:13:02,17,198,35.1,46,290,49,5,Safe,0
2026-05-14 12:13:02,16,188,35.1,47,299,51,5,Safe,0
2026-05-14 12:13:03,15,204,35.1,43,306,49,3,Safe,0
2026-05-14 12:13:03,15,196,35.0,44,290,51,4,Safe,0
2026-05-14 12:13:04,16,198,35.0,44,306,49,3,Safe,0
2026-05-14 12:13:04,17,201,34.9,46,303,51,7,Safe,0
2026-05-14 12:13:05,16,192,34.9,47,309,50,7,Safe,0
2026-05-14 12:13:05,15,219,35.2,46,305,49,6,Safe,0
2026-05-14 12:13:06,15,186,35.0,44,310,50,5,Safe,0
2026-05-14 12:13:06,15,212,35.0,47,309,51,7,Safe,0
2026-05-14 12:13:07,16,214,34.8,44,300,50,4,Safe,0
2026-05-14 12:13:07,16,204,35.0,46,310,51,6,Safe,0
2026-05-14 12:13:08,17,204,34.8,43,300,50,4,Safe,0
2026-05-14 12:13:08,16,190,35.0,45,292,51,3,Safe,0
2026-05-14 12:13:09,15,195,34.9,47,295,49,3,Safe,0
2026-05-14 12:13:09,15,186,35.1,46,290,50,4,Safe,0
2026-05-14 12:13:10,16,200,35.2,43,293,49,7,Safe,0
2026-05-14 12:13:10,16,183,34.9,45,303,51,3,Safe,0
2026-05-14 12:13:11,16,185,35.1,46,306,51,3,Safe,0
2026-05-14 12:13:11,17,180,35.1,43,295,49,3,Safe,0
2026-05-14 12:13:12,17,194,34.9,46,296,50,6,Safe,0
2026-05-14 12:13:12,17,200,35.2,43,307,50,7,Safe,0
2026-05-14 12:13:13,15,199,34.8,46,302,51,3,Safe,0
2026-05-14 12:13:13,15,184,34.9,46,297,49,4,Safe,0
2026-05-14 12:13:14,17,203,35.1,46,290,49,4,Safe,0
2026-05-14 12:13:14,17,212,34.9,47,302,51,4,Safe,0
2026-05-14 12:13:15,17,188,35.0,45,306,49,3,Safe,0
2026-05-14 12:13:15,17,200,34.9,43,306,51,5,Safe,0
2026-05-14 12:13:16,17,188,34.8,43,308,49,3,Safe,0
2026-05-14 12:13:16,16,193,34.8,47,300,51,7,Safe,0
2026-05-14 12:13:17,17,210,35.1,47,306,50,3,Safe,0
2026-05-14 12:13:17,16,196,35.0,45,291,51,5,Safe,0
2026-05-14 12:13:18,16,192,35.2,43,297,49,7,Safe,0
2026-05-14 12:13:18,15,216,34.8,47,300,50,3,Safe,0
2026-05-14 12:13:19,15,185,34.9,43,291,49,3,Safe,0
2026-05-14 12:13:19,16,220,35.2,43,299,51,6,Safe,0
2026-05-14 12:13:20,15,217,35.1,43,297,50,4,Safe,0
2026-05-14 12:13:20,15,204,35.0,47,301,50,3,Safe,0
2026-05-14 12:13:21,16,212,35.1,46,294,50,4,Safe,0
2026-05-14 12:13:21,15,220,35.1,44,305,50,7,Safe,0
2026-05-14 12:13:22,15,189,34.8,45,297,49,7,Safe,0
2026-05-14 12:13:22,17,183,35.0,47,293,50,3,Safe,0
2026-05-14 12:13:23,17,197,34.9,43,292,50,4,Safe,0
2026-05-14 12:13:23,16,189,34.9,46,310,51,6,Safe,0
2026-05-14 12:13:24,16,220,35.0,44,293,50,7,Safe,0
2026-05-14 12:13:24,16,205,35.0,46,296,50,3,Safe,0
2026-05-14 12:13:25,17,201,34.9,44,294,49,4,Safe,0
2026-05-14 12:13:25,15,205,35.2,43,293,49,5,Safe,0
2026-05-14 12:13:26,15,185,35.1,45,294,50,7,Safe,0
2026-05-14 12:13:26,17,214,35.1,47,294,49,6,Safe,0
2026-05-14 12:13:27,16,205,35.1,45,299,51,7,Safe,0
2026-05-14 12:13:27,17,206,35.2,45,305,49,4,Safe,0
2026-05-14 12:13:28,16,189,35.0,47,308,51,5,Safe,0
2026-05-14 12:13:28,15,183,35.0,43,296,51,4,Safe,0
2026-05-14 12:13:29,15,216,34.9,44,303,51,7,Safe,0
2026-05-14 12:13:30,16,185,35.1,47,308,49,4,Safe,0
2026-05-14 12:13:30,16,195,35.0,46,299,51,7,Safe,0
2026-05-14 12:13:31,15,194,35.1,45,300,50,5,Safe,0
2026-05-14 12:13:31,17,200,35.1,44,305,49,7,Safe,0
2026-05-14 12:13:32,16,200,35.1,47,293,50,4,Safe,0
2026-05-14 12:13:32,16,180,34.9,46,293,50,5,Safe,0
2026-05-14 12:13:33,17,208,35.0,44,295,49,6,Safe,0
2026-05-14 12:13:33,17,201,35.0,45,291,50,5,Safe,0
2026-05-14 12:13:34,16,186,34.9,45,293,51,5,Safe,0
2026-05-14 12:13:34,17,189,34.9,44,296,50,7,Safe,0
2026-05-14 12:13:35,15,217,35.0,44,303,49,7,Safe,0
2026-05-14 12:13:35,15,180,35.0,47,294,50,4,Safe,0
2026-05-14 12:13:36,17,190,35.1,44,299,51,4,Safe,0
2026-05-14 12:13:36,16,194,35.1,46,303,51,6,Safe,0
2026-05-14 12:13:37,15,194,35.1,43,297,51,5,Safe,0
2026-05-14 12:13:37,17,182,35.0,44,294,49,6,Safe,0
2026-05-14 12:13:38,17,198,35.1,47,306,49,5,Safe,0
2026-05-14 12:13:38,17,205,34.8,43,296,51,7,Safe,0
2026-05-14 12:13:39,17,207,34.9,44,298,51,7,Safe,0
2026-05-14 12:13:39,16,202,34.8,43,294,51,5,Safe,0
2026-05-14 12:13:40,15,192,35.0,43,299,49,3,Safe,0
2026-05-14 12:13:40,17,204,35.0,43,302,51,5,Safe,0
2026-05-14 12:13:41,15,219,35.0,46,308,51,5,Safe,0
2026-05-14 12:13:41,17,191,35.1,45,296,49,6,Safe,0
2026-05-14 12:13:42,15,195,34.9,46,299,49,4,Safe,0
2026-05-14 12:13:42,17,220,34.9,47,306,51,7,Safe,0
2026-05-14 12:13:43,16,207,34.9,47,291,49,3,Safe,0
2026-05-14 12:13:43,16,180,34.9,47,302,51,3,Safe,0
2026-05-14 12:13:44,17,183,35.0,44,305,50,4,Safe,0
2026-05-14 12:13:44,15,219,35.1,43,306,49,4,Safe,0
2026-05-14 12:13:45,15,191,35.1,47,298,51,7,Safe,0
2026-05-14 12:13:45,16,197,35.1,45,297,51,4,Safe,0
2026-05-14 12:13:46,16,203,34.9,44,310,50,5,Safe,0
2026-05-14 12:13:46,16,198,34.8,47,305,49,6,Safe,0
2026-05-14 12:13:47,15,216,35.1,43,294,50,3,Safe,0
2026-05-14 12:13:47,15,205,35.1,46,294,51,4,Safe,0
2026-05-14 12:13:48,17,200,35.1,44,302,49,7,Safe,0
2026-05-14 12:13:48,15,180,34.9,44,292,51,6,Safe,0
2026-05-14 12:13:49,15,199,35.0,46,310,49,6,Safe,0
2026-05-14 12:13:49,16,197,34.9,47,308,50,4,Safe,0
2026-05-14 12:13:50,17,185,34.8,45,296,49,3,Safe,0
2026-05-14 12:13:50,17,189,34.8,45,302,51,7,Safe,0
2026-05-14 12:13:51,15,211,34.9,43,308,49,5,Safe,0
2026-05-14 12:13:51,15,206,34.9,46,307,51,5,Safe,0
2026-05-14 12:13:52,15,209,35.2,46,300,51,5,Safe,0
2026-05-14 12:13:52,17,219,34.8,43,292,50,4,Safe,0
2026-05-14 12:13:53,17,219,35.0,45,301,49,6,Safe,0
2026-05-14 12:13:53,17,186,35.1,43,310,50,3,Safe,0
2026-05-14 12:13:54,17,188,35.1,43,305,51,4,Safe,0
2026-05-14 12:13:54,17,194,35.1,47,301,51,3,Safe,0
2026-05-14 12:13:55,15,187,35.0,43,301,49,3,Safe,0
2026-05-14 12:13:55,15,201,34.9,44,297,51,4,Safe,0
2026-05-14 12:13:56,16,201,34.9,43,293,49,3,Safe,0
2026-05-14 12:13:56,16,210,34.9,46,307,50,6,Safe,0
2026-05-14 12:13:57,15,199,35.0,45,293,51,7,Safe,0
2026-05-14 12:13:57,17,185,35.0,43,293,49,5,Safe,0
2026-05-14 12:13:58,16,216,34.9,47,302,50,5,Safe,0
2026-05-14 12:13:58,16,202,35.2,43,306,50,6,Safe,0
2026-05-14 12:13:59,17,199,35.0,47,309,51,6,Safe,0
2026-05-14 12:13:59,15,209,35.0,47,305,49,7,Safe,0
2026-05-14 12:14:00,17,185,35.1,47,304,51,5,Safe,0
2026-05-14 12:14:00,15,197,35.1,46,296,50,5,Safe,0
2026-05-14 12:14:01,16,186,35.1,46,307,49,3,Safe,0
2026-05-14 12:14:01,17,200,35.2,46,292,51,6,Safe,0
2026-05-14 12:14:02,17,204,35.0,46,293,49,3,Safe,0
2026-05-14 12:14:02,17,212,35.2,47,292,49,3,Safe,0
2026-05-14 12:14:03,16,194,35.0,45,301,51,7,Safe,0
2026-05-14 12:14:03,16,206,35.1,47,305,49,6,Safe,0
2026-05-14 12:14:04,15,217,34.8,47,301,50,4,Safe,0
2026-05-14 12:14:04,16,196,34.9,47,295,50,6,Safe,0
2026-05-14 12:14:05,15,186,35.1,43,298,51,3,Safe,0
2026-05-14 12:14:05,17,208,34.9,46,290,50,6,Safe,0
2026-05-14 12:14:06,16,206,35.0,44,291,49,7,Safe,0
2026-05-14 12:14:07,16,203,35.2,43,296,49,5,Safe,0
2026-05-14 12:14:07,17,184,35.0,45,302,51,7,Safe,0
2026-05-14 12:14:08,17,205,34.9,43,300,51,7,Safe,0
2026-05-14 12:14:08,16,192,34.9,45,302,51,3,Safe,0
2026-05-14 12:14:09,15,203,35.2,44,307,51,4,Safe,0
2026-05-14 12:14:09,17,184,34.9,45,294,50,5,Safe,0
2026-05-14 12:14:10,16,190,35.1,43,297,50,7,Safe,0
2026-05-14 12:14:10,16,205,34.8,45,308,50,7,Safe,0
2026-05-14 12:14:11,15,213,34.9,45,305,51,5,Safe,0
2026-05-14 12:14:11,15,188,34.9,43,296,49,7,Safe,0
2026-05-14 12:14:12,15,183,34.9,44,305,51,4,Safe,0
2026-05-14 12:14:12,15,186,35.0,44,310,51,4,Safe,0
2026-05-14 12:14:13,15,204,34.9,47,292,51,6,Safe,0
2026-05-14 12:14:13,17,180,35.0,46,299,49,5,Safe,0
2026-05-14 12:14:14,16,217,35.1,43,303,50,4,Safe,0
2026-05-14 12:14:14,15,190,34.9,45,291,49,6,Safe,0
2026-05-14 12:14:15,15,195,34.9,46,304,51,3,Safe,0
2026-05-14 12:14:15,16,205,35.0,43,304,49,4,Safe,0
2026-05-14 12:14:16,15,198,35.1,46,295,49,3,Safe,0
2026-05-14 12:14:16,17,206,34.9,47,305,49,3,Safe,0
2026-05-14 12:14:17,15,204,35.1,46,299,51,3,Safe,0
2026-05-14 12:14:17,16,202,35.1,44,303,51,4,Safe,0
2026-05-14 12:14:18,17,195,34.9,46,290,49,4,Safe,0
2026-05-14 12:14:18,17,202,35.1,46,292,50,5,Safe,0
2026-05-14 12:14:19,15,200,35.1,43,296,50,5,Safe,0
2026-05-14 12:14:19,17,202,35.2,44,301,51,6,Safe,0
2026-05-14 12:14:20,16,216,35.0,43,299,49,6,Safe,0
2026-05-14 12:14:20,16,201,34.9,46,299,49,3,Safe,0
2026-05-14 12:14:21,16,192,35.0,47,293,49,7,Safe,0
2026-05-14 12:14:21,17,193,34.8,46,300,49,7,Safe,0
2026-05-14 12:14:22,16,190,35.2,46,301,50,6,Safe,0
2026-05-14 12:14:22,17,180,35.1,46,294,51,7,Safe,0
2026-05-14 12:14:23,16,185,34.9,45,290,49,5,Safe,0
2026-05-14 12:14:23,16,189,34.8,44,291,51,7,Safe,0
2026-05-14 12:14:24,15,205,34.9,44,296,50,6,Safe,0
2026-05-14 12:14:24,15,218,35.2,44,293,49,4,Safe,0
2026-05-14 12:14:25,17,219,34.8,43,310,50,3,Safe,0
2026-05-14 12:14:25,17,220,34.8,43,298,51,5,Safe,0
2026-05-14 12:14:26,17,183,35.2,43,297,49,3,Safe,0
2026-05-14 12:14:26,15,207,35.1,47,310,49,4,Safe,0
2026-05-14 12:14:27,16,207,35.0,47,298,51,4,Safe,0
2026-05-14 12:14:27,17,196,34.8,47,309,51,6,Safe,0
2026-05-14 12:14:28,16,197,34.8,47,308,51,4,Safe,0
2026-05-14 12:14:28,15,215,35.0,46,306,51,3,Safe,0
2026-05-14 12:14:29,17,203,34.8,43,292,50,5,Safe,0
2026-05-14 12:14:29,16,186,34.9,44,296,50,7,Safe,0
2026-05-14 12:14:30,15,209,35.0,43,300,51,3,Safe,0
2026-05-14 12:14:30,17,197,35.0,44,305,51,3,Safe,0
2026-05-14 12:14:31,17,193,34.9,44,301,49,6,Safe,0
2026-05-14 12:14:31,15,207,34.9,43,300,50,6,Safe,0
2026-05-14 12:14:32,15,215,35.2,47,301,51,6,Safe,0
2026-05-14 12:14:32,15,196,35.2,45,309,50,5,Safe,0
2026-05-14 12:14:33,17,217,35.0,44,299,49,4,Safe,0
2026-05-14 12:14:33,15,214,34.9,44,294,49,4,Safe,0
2026-05-14 12:14:34,16,210,35.1,45,292,50,7,Safe,0
2026-05-14 12:14:34,16,196,34.8,44,292,49,6,Safe,0
2026-05-14 12:14:35,16,193,34.8,46,305,49,6,Safe,0
2026-05-14 12:14:35,16,206,35.1,45,301,51,6,Safe,0
2026-05-14 12:14:36,15,190,35.2,47,297,50,6,Safe,0
2026-05-14 12:14:36,15,189,34.9,44,294,50,5,Safe,0
2026-05-14 12:14:37,15,220,35.1,45,292,49,5,Safe,0
2026-05-14 12:14:37,17,217,34.9,46,303,50,3,Safe,0
2026-05-14 12:14:38,17,212,35.0,45,308,51,3,Safe,0
2026-05-14 12:14:38,16,211,35.1,47,307,51,6,Safe,0
2026-05-14 12:14:39,17,206,35.1,47,310,50,4,Safe,0
2026-05-14 12:14:40,15,206,35.1,44,306,50,7,Safe,0
2026-05-14 12:14:40,15,184,34.9,43,298,51,7,Safe,0
2026-05-14 12:14:41,16,188,35.1,44,302,50,7,Safe,0
2026-05-14 12:14:41,15,190,35.1,45,301,49,3,Safe,0
2026-05-14 12:14:42,15,190,35.0,46,307,50,5,Safe,0
2026-05-14 12:14:42,15,191,34.9,47,304,49,4,Safe,0
2026-05-14 12:14:43,15,213,35.2,45,310,51,3,Safe,0
2026-05-14 12:14:43,17,210,35.0,45,295,51,5,Safe,0
2026-05-14 12:14:44,17,185,35.1,46,307,50,4,Safe,0
2026-05-14 12:14:44,15,197,35.0,44,305,50,3,Safe,0
2026-05-14 12:14:45,15,207,34.9,47,297,51,5,Safe,0
2026-05-14 12:14:45,17,193,34.8,44,305,51,6,Safe,0
2026-05-14 12:14:46,16,198,35.0,45,304,49,3,Safe,0
2026-05-14 12:14:46,17,192,34.9,43,310,49,4,Safe,0
2026-05-14 12:14:47,17,214,34.9,44,305,49,3,Safe,0
2026-05-14 12:14:47,17,180,35.0,45,303,50,4,Safe,0
2026-05-14 12:14:48,15,190,34.9,43,309,50,5,Safe,0
2026-05-14 12:14:48,17,190,35.1,44,301,50,5,Safe,0
2026-05-14 12:14:49,17,184,35.0,44,303,51,6,Safe,0
2026-05-14 12:14:49,16,186,35.1,46,294,49,7,Safe,0
2026-05-14 12:14:50,15,202,35.0,47,301,49,6,Safe,0
2026-05-14 12:14:50,17,197,35.1,47,297,51,6,Safe,0
2026-05-14 12:14:51,16,203,35.0,44,291,49,4,Safe,0
2026-05-14 12:14:51,15,191,35.0,46,298,49,6,Safe,0
2026-05-14 12:14:52,16,218,34.9,47,301,49,5,Safe,0
2026-05-14 12:14:52,16,214,35.0,44,307,50,5,Safe,0
2026-05-14 12:14:53,16,195,34.9,47,295,49,5,Safe,0
2026-05-14 12:14:53,16,199,34.9,45,300,51,3,Safe,0
2026-05-14 12:14:54,16,193,35.0,47,295,50,6,Safe,0
2026-05-14 12:14:54,17,217,35.1,44,298,49,7,Safe,0
2026-05-14 12:14:55,17,182,35.2,45,304,50,6,Safe,0
2026-05-14 12:14:55,17,198,35.2,47,291,49,6,Safe,0
2026-05-14 12:14:56,16,192,35.0,46,293,49,7,Safe,0
2026-05-14 12:14:56,16,219,34.8,47,310,50,3,Safe,0
2026-05-14 12:14:57,16,211,35.1,45,300,50,3,Safe,0
2026-05-14 12:14:57,16,213,35.0,47,293,51,4,Safe,0
2026-05-14 12:14:58,17,218,35.1,44,294,49,7,Safe,0
2026-05-14 12:14:58,15,184,34.8,45,301,51,3,Safe,0
2026-05-14 12:14:59,15,194,35.2,44,301,49,3,Safe,0
2026-05-14 12:14:59,17,186,34.8,45,298,51,4,Safe,0
2026-05-14 12:15:00,16,190,35.0,46,295,51,4,Safe,0
2026-05-14 12:15:00,15,189,35.0,46,296,50,7,Safe,0
2026-05-14 12:15:01,15,213,35.2,44,293,49,4,Safe,0
2026-05-14 12:15:01,16,193,35.0,47,305,49,3,Safe,0
2026-05-14 12:15:02,17,182,35.1,46,295,49,3,Safe,0
2026-05-14 12:15:02,16,220,35.0,44,295,49,7,Safe,0
2026-05-14 12:15:03,17,180,34.9,43,309,51,3,Safe,0
2026-05-14 12:15:03,15,203,34.8,45,291,50,7,Safe,0
2026-05-14 12:15:04,17,184,35.1,44,293,51,3,Safe,0
2026-05-14 12:15:04,17,193,34.9,46,308,51,7,Safe,0
2026-05-14 12:15:05,17,206,34.8,46,306,50,3,Safe,0
2026-05-14 12:15:05,16,191,34.9,46,290,49,5,Safe,0
2026-05-14 12:15:06,17,197,35.1,43,297,51,6,Safe,0
2026-05-14 12:15:06,15,199,35.1,44,302,51,3,Safe,0
2026-05-14 12:15:07,16,199,34.8,44,298,50,3,Safe,0
2026-05-14 12:15:07,17,180,34.9,46,309,51,3,Safe,0
2026-05-14 12:15:08,16,198,35.2,45,294,49,7,Safe,0
2026-05-14 12:15:08,17,204,34.8,47,294,49,6,Safe,0
2026-05-14 12:15:09,15,209,35.1,46,293,50,7,Safe,0
2026-05-14 12:15:10,15,181,35.0,45,301,49,3,Safe,0
2026-05-14 12:15:10,17,191,35.0,46,293,51,5,Safe,0
2026-05-14 12:15:11,17,212,34.8,43,291,50,5,Safe,0
2026-05-14 12:15:11,15,194,35.2,47,302,49,5,Safe,0
2026-05-14 12:15:12,16,217,35.2,46,310,50,3,Safe,0
2026-05-14 12:15:12,17,190,34.9,45,310,50,6,Safe,0
2026-05-14 12:15:13,16,185,35.0,43,301,49,7,Safe,0
2026-05-14 12:15:13,15,199,34.9,47,297,49,3,Safe,0
2026-05-14 12:15:14,17,202,34.9,45,298,51,6,Safe,0
2026-05-14 12:15:14,16,209,35.1,43,297,49,7,Safe,0
2026-05-14 12:15:15,17,219,35.0,44,292,50,4,Safe,0
2026-05-14 12:15:15,15,180,35.0,44,291,50,4,Safe,0
2026-05-14 12:15:16,15,200,35.0,47,295,50,4,Safe,0
2026-05-14 12:15:16,16,192,35.1,44,300,50,5,Safe,0
2026-05-14 12:15:17,17,209,35.2,44,298,51,3,Safe,0
2026-05-14 12:15:17,17,191,35.0,44,291,50,6,Safe,0
2026-05-14 12:15:18,15,210,35.1,43,296,50,6,Safe,0
2026-05-14 12:15:18,16,212,35.1,45,297,51,7,Safe,0
2026-05-14 12:15:19,15,199,35.0,47,295,50,4,Safe,0
2026-05-14 12:15:19,15,206,35.2,44,305,49,5,Safe,0
2026-05-14 12:15:20,16,191,35.2,47,303,51,7,Safe,0
2026-05-14 12:15:20,15,219,35.1,44,296,49,5,Safe,0
2026-05-14 12:15:21,17,190,35.1,45,308,49,6,Safe,0
2026-05-14 12:15:21,17,215,34.8,45,304,50,6,Safe,0
2026-05-14 12:15:22,16,186,35.1,43,308,51,7,Safe,0
2026-05-14 12:15:22,15,184,35.2,46,290,51,4,Safe,0
2026-05-14 12:15:23,17,195,35.0,43,293,49,4,Safe,0
2026-05-14 12:15:23,17,193,35.1,45,290,49,4,Safe,0
2026-05-14 12:15:24,16,219,35.2,47,301,49,6,Safe,0
2026-05-14 12:15:24,15,200,35.0,46,299,49,7,Safe,0
2026-05-14 12:15:25,15,194,35.1,43,308,50,5,Safe,0
2026-05-14 12:15:25,17,183,34.8,47,294,51,3,Safe,0
2026-05-14 12:15:26,16,215,34.8,44,297,50,4,Safe,0
2026-05-14 12:15:26,17,183,34.9,47,305,51,5,Safe,0
2026-05-14 12:15:27,16,185,35.1,44,306,49,6,Safe,0
2026-05-14 12:15:27,15,201,35.2,46,301,49,7,Safe,0
2026-05-14 12:15:28,16,219,35.1,43,300,49,3,Safe,0
2026-05-14 12:15:28,16,214,34.8,45,306,51,5,Safe,0
2026-05-14 12:15:29,15,202,35.2,46,295,50,3,Safe,0
2026-05-14 12:15:29,15,183,35.1,44,302,51,3,Safe,0
2026-05-14 12:15:30,17,203,35.1,47,295,49,6,Safe,0
2026-05-14 12:15:31,16,209,35.2,43,290,51,4,Safe,0
2026-05-14 12:15:31,17,212,34.9,47,305,49,5,Safe,0
2026-05-14 12:15:32,16,194,35.1,45,310,51,4,Safe,0
2026-05-14 12:15:32,15,191,35.1,47,307,50,5,Safe,0
2026-05-14 12:15:33,15,182,34.9,43,310,49,3,Safe,0
2026-05-14 12:15:33,16,213,34.9,43,304,49,6,Safe,0
2026-05-14 12:15:34,16,211,34.9,46,306,49,6,Safe,0
2026-05-14 12:15:34,17,206,35.1,46,309,51,4,Safe,0
2026-05-14 12:15:35,15,187,34.8,44,293,50,7,Safe,0
2026-05-14 12:15:35,16,188,35.0,45,292,49,6,Safe,0
2026-05-14 12:15:36,15,220,35.1,43,292,50,5,Safe,0
2026-05-14 12:15:36,15,195,34.9,43,295,51,3,Safe,0
2026-05-14 12:15:37,15,206,34.8,45,310,50,4,Safe,0
2026-05-14 12:15:37,16,214,34.8,46,292,51,6,Safe,0
2026-05-14 12:15:38,15,197,34.8,44,310,51,6,Safe,0
2026-05-14 12:15:38,17,191,34.9,46,293,51,6,Safe,0
2026-05-14 12:15:39,17,219,34.8,44,299,51,4,Safe,0
2026-05-14 12:15:39,17,205,35.1,43,301,49,7,Safe,0
2026-05-14 12:15:40,15,194,34.9,45,295,49,6,Safe,0
2026-05-14 12:15:40,15,187,35.0,44,302,51,7,Safe,0
2026-05-14 12:15:41,15,216,34.8,47,303,49,3,Safe,0
2026-05-14 12:15:41,16,182,35.2,45,307,50,4,Safe,0
2026-05-14 12:15:42,16,217,34.9,43,300,51,5,Safe,0
2026-05-14 12:15:42,16,215,35.0,46,308,49,4,Safe,0
2026-05-14 12:15:43,15,217,35.1,47,297,50,7,Safe,0
2026-05-14 12:15:43,16,208,35.1,45,306,49,4,Safe,0
2026-05-14 12:15:44,16,205,35.2,45,302,50,4,Safe,0
2026-05-14 12:15:44,17,219,34.9,44,307,50,6,Safe,0
2026-05-14 12:15:45,15,181,34.9,44,291,49,3,Safe,0
2026-05-14 12:15:45,17,200,34.8,46,296,49,4,Safe,0
2026-05-14 12:15:46,16,199,35.2,44,300,49,3,Safe,0
2026-05-14 12:15:46,15,220,34.9,47,291,49,7,Safe,0
2026-05-14 12:15:47,15,186,35.0,47,293,50,7,Safe,0
2026-05-14 12:15:47,16,200,35.2,45,295,50,6,Safe,0
2026-05-14 12:15:48,16,190,34.9,44,292,49,6,Safe,0
2026-05-14 12:15:48,15,190,35.0,44,302,51,6,Safe,0
2026-05-14 12:15:49,17,219,35.0,47,305,49,5,Safe,0
2026-05-14 12:15:49,16,181,35.1,44,310,51,7,Safe,0
2026-05-14 12:15:50,15,215,35.1,44,307,50,4,Safe,0
2026-05-14 12:15:50,15,195,34.8,43,305,50,4,Safe,0
2026-05-14 12:15:51,17,197,35.0,46,299,50,7,Safe,0
2026-05-14 12:15:51,16,190,34.8,46,291,49,7,Safe,0
2026-05-14 12:15:52,15,206,34.9,45,305,49,7,Safe,0
2026-05-14 12:15:52,15,206,34.9,45,310,50,5,Safe,0
2026-05-14 12:15:53,17,182,35.0,45,295,49,6,Safe,0
2026-05-14 12:15:53,17,193,34.9,43,295,50,5,Safe,0
2026-05-14 12:15:54,16,189,35.1,43,307,49,6,Safe,0
2026-05-14 12:15:54,17,216,35.2,44,303,50,4,Safe,0
2026-05-14 12:15:55,16,212,35.0,45,291,51,6,Safe,0
2026-05-14 12:15:55,17,186,35.0,45,291,50,7,Safe,0
2026-05-14 12:15:56,15,185,35.1,43,292,51,7,Safe,0
2026-05-14 12:15:56,16,214,35.0,47,303,50,4,Safe,0
2026-05-14 12:15:57,15,213,34.9,46,302,49,7,Safe,0
2026-05-14 12:15:57,17,219,35.0,47,298,49,6,Safe,0
2026-05-14 12:15:58,16,195,35.1,47,290,50,3,Safe,0
2026-05-14 12:15:58,17,220,35.0,44,303,50,7,Safe,0
2026-05-14 12:15:59,16,207,35.1,45,299,50,6,Safe,0
2026-05-14 12:15:59,15,191,34.8,43,302,51,7,Safe,0
2026-05-14 12:16:00,17,215,35.0,45,307,51,3,Safe,0
2026-05-14 12:16:00,16,209,35.2,43,298,50,4,Safe,0
2026-05-14 12:16:01,16,209,35.2,44,293,51,3,Safe,0
2026-05-14 12:16:01,15,217,35.0,44,296,49,7,Safe,0
2026-05-14 12:16:02,17,180,35.0,43,308,51,4,Safe,0
2026-05-14 12:16:02,15,203,35.0,46,299,51,7,Safe,0
2026-05-14 12:16:03,17,180,35.0,43,293,51,4,Safe,0
2026-05-14 12:16:03,16,183,35.2,44,297,50,5,Safe,0
2026-05-14 12:16:04,17,207,34.9,43,298,50,7,Safe,0
2026-05-14 12:16:05,15,214,35.1,46,302,50,3,Safe,0
2026-05-14 12:16:05,16,187,34.8,46,299,50,5,Safe,0
2026-05-14 12:16:06,15,186,35.1,47,304,50,5,Safe,0
2026-05-14 12:16:06,15,215,35.0,46,295,49,5,Safe,0
2026-05-14 12:16:07,17,194,35.1,46,307,49,5,Safe,0
2026-05-14 12:16:07,15,208,35.2,43,305,50,3,Safe,0
2026-05-14 12:16:08,17,192,34.9,44,301,49,4,Safe,0
2026-05-14 12:16:08,17,216,35.0,46,306,51,6,Safe,0
2026-05-14 12:16:09,15,199,34.9,43,309,49,7,Safe,0
2026-05-14 12:16:09,16,196,35.1,43,294,49,3,Safe,0
2026-05-14 12:16:10,15,209,35.1,46,295,51,6,Safe,0
2026-05-14 12:16:10,17,207,35.2,45,299,49,7,Safe,0
2026-05-14 12:16:11,15,213,35.0,45,295,51,7,Safe,0
2026-05-14 12:16:11,17,183,35.0,47,290,50,4,Safe,0
2026-05-14 12:16:12,15,190,35.2,44,304,50,5,Safe,0
2026-05-14 12:16:12,17,186,35.1,43,299,49,5,Safe,0
2026-05-14 12:16:13,17,213,35.2,43,295,50,7,Safe,0
2026-05-14 12:16:13,15,182,34.9,43,309,51,6,Safe,0
2026-05-14 12:16:14,17,206,35.0,44,294,51,4,Safe,0
2026-05-14 12:16:14,17,183,35.2,46,290,50,5,Safe,0
2026-05-14 12:16:15,17,183,35.0,47,292,49,6,Safe,0
2026-05-14 12:16:15,16,214,34.9,47,305,49,5,Safe,0
2026-05-14 12:16:16,17,205,34.8,43,293,51,4,Safe,0
2026-05-14 12:16:16,16,208,34.8,47,291,49,7,Safe,0
2026-05-14 12:16:17,16,194,35.1,47,291,50,6,Safe,0
2026-05-14 12:16:17,15,205,34.9,43,309,51,6,Safe,0
2026-05-14 12:16:18,16,219,34.9,43,309,51,7,Safe,0
2026-05-14 12:16:18,17,183,35.0,47,303,49,6,Safe,0
2026-05-14 12:16:19,15,190,34.9,43,291,49,3,Safe,0
2026-05-14 12:16:19,17,192,34.8,47,295,51,3,Safe,0
2026-05-14 12:16:20,17,197,35.0,43,306,51,5,Safe,0
2026-05-14 12:16:20,17,197,34.8,44,292,49,5,Safe,0
2026-05-14 12:16:21,16,189,34.9,43,303,50,3,Safe,0
2026-05-14 12:16:21,15,220,35.2,45,290,50,7,Safe,0
2026-05-14 12:16:22,16,204,35.2,47,308,49,7,Safe,0
2026-05-14 12:16:22,15,187,35.1,47,301,50,6,Safe,0
2026-05-14 12:16:23,17,215,35.0,44,309,50,6,Safe,0
2026-05-14 12:16:23,15,208,34.8,43,292,50,6,Safe,0
2026-05-14 12:16:24,16,213,35.2,44,290,50,5,Safe,0
2026-05-14 12:16:24,15,200,35.2,46,292,50,5,Safe,0
2026-05-14 12:16:25,17,198,34.9,44,309,49,7,Safe,0
2026-05-14 12:16:25,15,214,35.1,47,293,49,6,Safe,0
2026-05-14 12:16:26,17,202,34.9,45,300,51,5,Safe,0
2026-05-14 12:16:26,17,217,35.1,47,310,49,6,Safe,0
2026-05-14 12:16:27,17,200,34.9,46,294,51,6,Safe,0
2026-05-14 12:16:28,16,209,35.1,45,295,49,3,Safe,0
2026-05-14 12:16:28,16,199,34.9,45,295,51,3,Safe,0
2026-05-14 12:16:29,16,185,35.0,46,297,50,4,Safe,0
2026-05-14 12:16:29,15,212,34.9,46,294,49,3,Safe,0
2026-05-14 12:16:30,15,202,35.2,45,305,51,3,Safe,0
2026-05-14 12:16:30,15,195,34.8,47,300,51,6,Safe,0
2026-05-14 12:16:31,16,198,35.0,43,302,51,4,Safe,0
2026-05-14 12:16:31,16,208,35.1,44,296,49,6,Safe,0
2026-05-14 12:16:32,16,215,35.2,43,309,49,6,Safe,0
2026-05-14 12:16:32,15,211,35.0,47,298,49,6,Safe,0
2026-05-14 12:16:33,17,199,35.1,45,304,51,5,Safe,0
2026-05-14 12:16:33,15,189,35.0,43,291,51,6,Safe,0
2026-05-14 12:16:34,16,215,34.8,43,290,51,7,Safe,0
2026-05-14 12:16:34,15,184,35.0,44,297,51,3,Safe,0
2026-05-14 12:16:35,16,191,35.2,46,296,49,3,Safe,0
2026-05-14 12:16:35,16,197,34.9,45,297,49,5,Safe,0
2026-05-14 12:16:36,16,189,35.1,46,301,50,3,Safe,0
2026-05-14 12:16:36,15,210,34.8,46,302,51,4,Safe,0
2026-05-14 12:16:37,15,197,34.9,47,296,50,7,Safe,0
2026-05-14 12:16:37,15,199,35.1,47,293,51,7,Safe,0
2026-05-14 12:16:38,15,213,34.9,43,292,50,3,Safe,0
2026-05-14 12:16:38,17,220,34.9,46,302,50,4,Safe,0
2026-05-14 12:16:39,17,218,35.1,44,303,50,6,Safe,0
2026-05-14 12:16:39,16,187,34.8,44,304,50,3,Safe,0
2026-05-14 12:16:40,15,201,34.8,47,306,50,6,Safe,0
2026-05-14 12:16:40,16,218,35.0,43,309,49,6,Safe,0
2026-05-14 12:16:41,16,181,35.1,43,296,50,4,Safe,0
2026-05-14 12:16:41,15,197,35.0,46,306,50,4,Safe,0
2026-05-14 12:16:42,16,192,35.1,44,293,49,5,Safe,0
2026-05-14 12:16:42,16,205,35.1,46,308,50,7,Safe,0
2026-05-14 12:16:43,17,194,34.8,44,296,51,5,Safe,0
2026-05-14 12:16:43,17,217,34.8,43,308,49,3,Safe,0
2026-05-14 12:16:44,16,208,34.8,46,294,49,4,Safe,0
2026-05-14 12:16:44,16,208,35.1,44,294,50,4,Safe,0
2026-05-14 12:16:45,16,214,35.1,45,292,49,6,Safe,0
2026-05-14 12:16:45,16,210,35.1,45,295,49,4,Safe,0
2026-05-14 12:16:46,16,197,34.9,47,306,51,4,Safe,0
2026-05-14 12:16:46,17,185,35.0,46,294,49,5,Safe,0
2026-05-14 12:16:47,16,188,35.2,43,299,49,7,Safe,0
2026-05-14 12:16:47,15,208,35.0,45,293,51,6,Safe,0
2026-05-14 12:16:48,16,190,35.0,45,302,50,7,Safe,0
2026-05-14 12:16:48,17,197,35.0,44,292,49,4,Safe,0
2026-05-14 12:16:49,16,219,34.8,47,290,49,5,Safe,0
2026-05-14 12:16:49,17,205,34.8,44,299,50,6,Safe,0
2026-05-14 12:16:50,15,220,34.8,46,294,49,5,Safe,0
2026-05-14 12:16:50,17,219,35.1,46,308,49,5,Safe,0
2026-05-14 12:16:51,17,213,35.1,47,307,50,6,Safe,0
2026-05-14 12:16:51,15,195,35.2,47,310,49,6,Safe,0
2026-05-14 12:16:52,15,183,35.1,44,302,50,3,Safe,0
2026-05-14 12:16:52,16,207,34.9,47,296,49,4,Safe,0
2026-05-14 12:16:53,16,202,35.1,47,303,49,6,Safe,0
2026-05-14 12:16:53,17,193,34.8,45,300,49,5,Safe,0
2026-05-14 12:16:54,16,199,35.0,44,304,50,6,Safe,0
2026-05-14 12:16:54,16,211,35.1,43,306,51,4,Safe,0
2026-05-14 12:16:55,17,205,34.9,43,300,49,6,Safe,0
2026-05-14 12:16:55,15,197,34.9,46,296,51,3,Safe,0
2026-05-14 12:16:56,16,187,35.0,46,304,50,6,Safe,0
2026-05-14 12:16:57,15,215,35.0,43,299,50,3,Safe,0
2026-05-14 12:16:57,16,211,35.1,45,302,49,6,Safe,0
2026-05-14 12:16:58,17,191,35.2,44,308,51,3,Safe,0
2026-05-14 12:16:58,16,212,35.0,43,293,51,4,Safe,0
2026-05-14 12:16:59,15,191,35.1,47,294,51,7,Safe,0
2026-05-14 12:16:59,17,187,35.0,46,305,51,5,Safe,0
2026-05-14 12:17:00,16,204,35.0,45,306,51,7,Safe,0
2026-05-14 12:17:00,16,218,35.0,47,305,49,5,Safe,0
2026-05-14 12:17:01,17,184,35.2,45,310,49,6,Safe,0
2026-05-14 12:17:01,17,217,34.8,45,300,51,7,Safe,0
2026-05-14 12:17:02,15,197,35.0,45,297,49,4,Safe,0
2026-05-14 12:17:02,17,192,35.2,46,293,50,5,Safe,0
2026-05-14 12:17:03,15,196,34.9,45,300,49,6,Safe,0
2026-05-14 12:17:03,16,207,34.9,46,293,49,7,Safe,0
2026-05-14 12:17:04,15,193,34.8,43,303,49,5,Safe,0
2026-05-14 12:17:04,16,217,34.8,45,295,49,6,Safe,0
2026-05-14 12:17:05,15,215,34.9,46,306,50,6,Safe,0
2026-05-14 12:17:05,17,210,35.2,45,294,49,7,Safe,0
2026-05-14 12:17:06,15,200,35.2,46,295,51,5,Safe,0
2026-05-14 12:17:06,15,203,35.2,45,301,50,6,Safe,0
2026-05-14 12:17:07,16,217,35.1,44,307,51,6,Safe,0
2026-05-14 12:17:07,16,213,34.9,47,304,50,7,Safe,0
2026-05-14 12:17:08,15,218,35.1,44,307,51,5,Safe,0
2026-05-14 12:17:08,17,192,34.8,44,308,50,7,Safe,0
2026-05-14 12:17:09,16,183,34.8,44,294,49,7,Safe,0
2026-05-14 12:17:09,15,201,35.0,46,299,51,4,Safe,0
2026-05-14 12:17:10,16,203,35.2,46,294,51,6,Safe,0
2026-05-14 12:17:10,15,202,34.9,46,292,49,6,Safe,0
2026-05-14 12:17:11,15,192,35.1,43,309,49,7,Safe,0
2026-05-14 12:17:11,17,182,35.2,45,292,51,6,Safe,0
2026-05-14 12:17:12,15,206,35.2,45,290,49,3,Safe,0
2026-05-14 12:17:12,15,193,34.9,45,302,51,4,Safe,0
2026-05-14 12:17:13,15,184,35.2,47,303,49,3,Safe,0
2026-05-14 12:17:13,17,212,35.0,46,295,51,6,Safe,0
2026-05-14 12:17:14,17,196,35.0,45,295,50,6,Safe,0
2026-05-14 12:17:14,16,216,34.9,44,300,50,4,Safe,0
2026-05-14 12:17:15,17,195,35.0,43,300,50,5,Safe,0
2026-05-14 12:17:15,15,215,35.1,46,307,50,7,Safe,0
2026-05-14 12:17:16,15,190,34.8,43,297,49,4,Safe,0
2026-05-14 12:17:16,17,185,34.8,46,296,49,3,Safe,0
2026-05-14 12:17:17,16,187,35.0,45,305,51,6,Safe,0
2026-05-14 12:17:17,16,195,34.9,47,300,49,7,Safe,0
2026-05-14 12:17:18,16,210,35.2,47,298,51,6,Safe,0
2026-05-14 12:17:18,17,208,34.9,45,303,50,4,Safe,0
2026-05-14 12:17:19,15,209,34.9,47,294,51,3,Safe,0
2026-05-14 12:17:19,15,183,34.9,44,307,50,3,Safe,0
2026-05-14 12:17:20,16,211,35.0,46,300,49,5,Safe,0
2026-05-14 12:17:20,16,192,35.0,46,290,49,7,Safe,0
2026-05-14 12:17:21,15,193,35.0,43,297,50,7,Safe,0
2026-05-14 12:17:21,15,194,34.9,45,297,49,6,Safe,0
2026-05-14 12:17:22,17,184,34.9,47,297,49,4,Safe,0
2026-05-14 12:17:22,15,190,35.0,43,306,49,6,Safe,0
2026-05-14 12:17:23,16,211,35.0,47,310,51,7,Safe,0
2026-05-14 12:17:23,17,209,35.1,43,309,51,3,Safe,0
2026-05-14 12:17:24,17,194,35.1,45,309,49,7,Safe,0
2026-05-14 12:17:24,15,198,34.9,43,298,49,6,Safe,0
2026-05-14 12:17:25,17,203,35.0,43,310,49,6,Safe,0
2026-05-14 12:17:25,17,192,34.9,45,298,49,4,Safe,0
2026-05-14 12:17:26,16,180,34.8,47,299,51,4,Safe,0
2026-05-14 12:17:26,15,184,35.2,47,299,50,7,Safe,0
2026-05-14 12:17:27,16,198,34.9,47,308,50,6,Safe,0
2026-05-14 12:17:27,16,217,34.9,47,294,49,7,Safe,0
2026-05-14 12:17:28,16,208,34.9,44,305,50,6,Safe,0
2026-05-14 12:17:28,16,212,35.1,47,309,50,7,Safe,0
2026-05-14 12:17:29,15,193,35.1,46,307,49,7,Safe,0
2026-05-14 12:17:29,17,188,35.0,47,300,50,3,Safe,0
2026-05-14 12:17:30,16,186,34.9,47,309,49,7,Safe,0
2026-05-14 12:17:30,17,198,35.1,47,308,50,5,Safe,0
2026-05-14 12:17:31,16,201,35.1,46,297,51,3,Safe,0
2026-05-14 12:17:31,17,190,34.8,44,309,51,7,Safe,0
2026-05-14 12:17:32,15,193,35.2,43,299,49,6,Safe,0
2026-05-14 12:17:32,16,201,34.9,46,298,49,6,Safe,0
2026-05-14 12:17:33,15,213,34.9,44,296,51,5,Safe,0
2026-05-14 12:17:34,17,189,35.1,45,293,49,7,Safe,0
2026-05-14 12:17:34,15,180,35.2,46,293,51,3,Safe,0
2026-05-14 12:17:35,15,200,35.0,44,304,50,4,Safe,0
2026-05-14 12:17:35,15,209,35.0,44,291,49,3,Safe,0
2026-05-14 12:17:36,15,206,34.9,45,295,50,4,Safe,0
2026-05-14 12:17:36,15,208,34.8,44,304,49,7,Safe,0
2026-05-14 12:17:37,15,218,35.0,43,290,50,4,Safe,0
2026-05-14 12:17:37,15,194,34.8,47,292,49,4,Safe,0
2026-05-14 12:17:38,17,183,35.1,47,305,49,4,Safe,0
2026-05-14 12:17:38,16,184,35.2,44,307,51,4,Safe,0
2026-05-14 12:17:39,16,206,35.0,46,297,50,3,Safe,0
2026-05-14 12:17:39,15,189,34.9,43,295,51,4,Safe,0
2026-05-14 12:17:40,17,215,35.1,44,304,51,6,Safe,0
2026-05-14 12:17:40,16,180,34.9,43,304,49,3,Safe,0
2026-05-14 12:17:41,17,217,35.1,43,300,50,5,Safe,0
2026-05-14 12:17:41,16,184,35.1,46,305,49,3,Safe,0
2026-05-14 12:17:42,16,181,34.9,43,295,51,4,Safe,0
2026-05-14 12:17:42,17,189,35.1,44,300,49,7,Safe,0
2026-05-14 12:17:43,17,219,35.1,44,298,50,5,Safe,0
2026-05-14 12:17:43,17,191,34.9,43,310,49,7,Safe,0
2026-05-14 12:17:44,16,190,34.8,46,300,49,4,Safe,0
2026-05-14 12:17:44,15,193,34.9,45,295,50,4,Safe,0
2026-05-14 12:17:45,16,194,35.1,47,304,51,4,Safe,0
2026-05-14 12:17:45,16,214,35.0,43,303,49,3,Safe,0
2026-05-14 12:17:46,17,210,34.8,44,296,50,3,Safe,0
2026-05-14 12:17:46,17,210,35.2,46,304,51,4,Safe,0
2026-05-14 12:17:47,16,192,35.2,46,301,49,6,Safe,0
2026-05-14 12:17:47,15,192,35.1,43,300,49,7,Safe,0
2026-05-14 12:17:48,15,195,35.0,47,303,49,7,Safe,0
2026-05-14 12:17:48,17,214,35.1,47,299,49,4,Safe,0
2026-05-14 12:17:49,17,181,35.2,47,308,49,6,Safe,0
2026-05-14 12:17:49,15,215,34.9,43,304,49,6,Safe,0
2026-05-14 12:17:50,15,195,35.1,46,292,51,6,Safe,0
2026-05-14 12:17:50,16,207,35.1,44,301,51,6,Safe,0
2026-05-14 12:17:51,16,208,34.9,43,302,49,4,Safe,0
2026-05-14 12:17:51,16,209,35.0,46,298,51,6,Safe,0
2026-05-14 12:17:52,15,199,35.0,43,307,51,7,Safe,0
2026-05-14 12:17:52,16,213,35.1,43,295,50,6,Safe,0
2026-05-14 12:17:53,15,211,34.8,45,292,49,7,Safe,0
2026-05-14 12:17:53,15,198,35.0,44,297,49,6,Safe,0
2026-05-14 12:17:54,16,183,35.1,43,302,51,3,Safe,0
2026-05-14 12:17:54,15,195,35.1,43,296,49,6,Safe,0
2026-05-14 12:17:55,15,190,35.1,44,305,51,5,Safe,0
2026-05-14 12:17:55,17,213,35.1,43,296,50,6,Safe,0
2026-05-14 12:17:56,16,200,34.8,46,297,49,4,Safe,0
2026-05-14 12:17:56,16,215,35.1,43,305,51,3,Safe,0
2026-05-14 12:17:57,15,202,34.9,47,291,51,4,Safe,0
2026-05-14 12:17:57,15,205,34.9,43,303,50,6,Safe,0
2026-05-14 12:17:58,17,216,35.1,43,306,49,4,Safe,0
2026-05-14 12:17:58,15,192,34.9,45,305,49,5,Safe,0
2026-05-14 12:17:59,15,203,35.0,45,299,50,3,Safe,0
2026-05-14 12:17:59,17,181,34.9,44,291,49,7,Safe,0
2026-05-14 12:18:00,17,190,34.8,43,301,51,6,Safe,0
2026-05-14 12:18:00,17,183,34.9,47,307,50,4,Safe,0
2026-05-14 12:18:01,17,215,34.8,47,310,49,3,Safe,0
2026-05-14 12:18:01,17,212,35.1,44,296,51,4,Safe,0
2026-05-14 12:18:02,17,203,35.0,45,300,51,7,Safe,0
2026-05-14 12:18:02,17,191,35.2,45,294,50,3,Safe,0
2026-05-14 12:18:03,17,183,35.1,45,296,49,7,Safe,0
2026-05-14 12:18:03,17,201,35.0,43,310,51,5,Safe,0
2026-05-14 12:18:04,15,191,35.2,44,303,49,7,Safe,0
2026-05-14 12:18:05,15,214,34.8,43,304,49,4,Safe,0
2026-05-14 12:18:05,16,189,34.8,44,291,49,4,Safe,0
2026-05-14 12:18:06,15,191,35.0,44,299,51,4,Safe,0
2026-05-14 12:18:06,17,196,34.9,46,307,50,7,Safe,0
2026-05-14 12:18:07,15,203,34.8,45,297,50,3,Safe,0
2026-05-14 12:18:07,15,199,34.9,46,292,51,7,Safe,0
2026-05-14 12:18:08,16,213,35.0,44,301,51,7,Safe,0
2026-05-14 12:18:08,15,193,34.9,44,301,50,5,Safe,0
2026-05-14 12:18:09,17,219,34.9,47,298,49,6,Safe,0
2026-05-14 12:18:09,16,188,34.9,47,291,50,7,Safe,0
2026-05-14 12:18:10,15,203,35.0,45,290,51,5,Safe,0
2026-05-14 12:18:10,16,195,35.2,47,307,51,5,Safe,0
2026-05-14 12:18:11,15,200,35.0,47,307,51,6,Safe,0
2026-05-14 12:18:11,15,216,35.1,43,297,51,6,Safe,0
2026-05-14 12:18:12,17,205,34.9,46,302,50,4,Safe,0
2026-05-14 12:18:12,16,211,35.2,46,303,51,5,Safe,0
2026-05-14 12:18:13,16,213,35.0,44,296,50,5,Safe,0
2026-05-14 12:18:13,16,214,35.2,46,310,50,6,Safe,0
2026-05-14 12:18:14,15,194,35.1,45,299,50,6,Safe,0
2026-05-14 12:18:14,15,200,35.2,46,300,50,6,Safe,0
2026-05-14 12:18:15,16,190,35.1,46,290,51,6,Safe,0
2026-05-14 12:18:15,16,197,35.1,45,305,49,4,Safe,0
2026-05-14 12:18:16,15,187,34.8,43,309,51,3,Safe,0
2026-05-14 12:18:16,16,207,35.0,47,301,50,6,Safe,0
2026-05-14 12:18:17,16,202,35.0,47,298,49,6,Safe,0
2026-05-14 12:18:17,16,198,35.1,43,302,49,4,Safe,0
2026-05-14 12:18:18,16,198,35.1,43,293,51,7,Safe,0
2026-05-14 12:18:18,15,219,34.9,44,309,49,5,Safe,0
2026-05-14 12:18:19,17,195,35.0,45,297,51,5,Safe,0
2026-05-14 12:18:19,17,208,34.8,46,310,50,3,Safe,0
2026-05-14 12:18:20,17,191,35.1,43,298,49,4,Safe,0
2026-05-14 12:18:20,16,186,35.1,44,297,50,7,Safe,0
2026-05-14 12:18:21,16,192,35.1,43,297,50,6,Safe,0
2026-05-14 12:18:21,15,204,35.1,43,298,49,5,Safe,0
2026-05-14 12:18:22,17,184,35.1,44,305,51,5,Safe,0
2026-05-14 12:18:22,16,202,35.1,46,290,51,5,Safe,0
2026-05-14 12:18:23,16,205,35.0,45,303,49,4,Safe,0
2026-05-14 12:18:23,16,190,35.1,47,292,50,3,Safe,0
2026-05-14 12:18:24,16,191,34.8,46,308,51,3,Safe,0
2026-05-14 12:18:24,17,205,35.1,47,296,51,4,Safe,0
2026-05-14 12:18:25,17,195,35.2,47,292,49,5,Safe,0
2026-05-14 12:18:25,16,204,35.0,43,297,50,7,Safe,0
2026-05-14 12:18:26,15,216,34.9,46,302,50,6,Safe,0
2026-05-14 12:18:26,17,180,34.8,45,290,51,5,Safe,0
2026-05-14 12:18:27,15,210,34.8,44,295,51,3,Safe,0
2026-05-14 12:18:27,17,213,34.9,44,292,51,7,Safe,0
2026-05-14 12:18:28,17,185,34.9,47,292,51,5,Safe,0
2026-05-14 12:18:29,17,200,34.9,46,310,49,4,Safe,0
2026-05-14 12:18:29,17,203,35.0,43,301,51,7,Safe,0
2026-05-14 12:18:30,16,217,35.0,43,299,49,3,Safe,0
2026-05-14 12:18:30,16,205,35.1,45,292,51,6,Safe,0
2026-05-14 12:18:31,17,182,35.1,47,293,51,3,Safe,0
2026-05-14 12:18:31,15,188,35.0,43,298,50,4,Safe,0
2026-05-14 12:18:32,17,211,35.0,45,307,49,3,Safe,0
2026-05-14 12:18:32,17,206,34.9,43,298,49,5,Safe,0
2026-05-14 12:18:33,15,206,34.9,43,292,50,3,Safe,0
2026-05-14 12:18:33,17,220,35.1,45,292,51,3,Safe,0
2026-05-14 12:18:34,17,200,34.9,46,294,49,7,Safe,0
2026-05-14 12:18:34,17,200,34.9,45,308,50,7,Safe,0
2026-05-14 12:18:35,15,195,35.1,43,294,51,6,Safe,0
2026-05-14 12:18:35,16,215,34.9,44,291,50,7,Safe,0
2026-05-14 12:18:36,17,199,35.0,47,297,51,5,Safe,0
2026-05-14 12:18:36,17,185,34.9,47,307,51,5,Safe,0
2026-05-14 12:18:37,16,206,34.9,43,299,49,5,Safe,0
2026-05-14 12:18:37,16,213,35.1,45,306,50,5,Safe,0
2026-05-14 12:18:38,17,206,35.0,44,294,50,3,Safe,0
2026-05-14 12:18:38,17,182,34.8,45,302,49,7,Safe,0
2026-05-14 12:18:39,17,189,35.0,45,304,51,6,Safe,0
2026-05-14 12:18:39,17,213,34.9,47,306,49,5,Safe,0
2026-05-14 12:18:40,16,180,35.0,46,304,50,3,Safe,0
2026-05-14 12:18:40,16,214,34.9,44,296,51,5,Safe,0
2026-05-14 12:18:41,17,207,35.1,45,290,49,3,Safe,0
2026-05-14 12:18:41,15,201,35.2,47,307,50,7,Safe,0
2026-05-14 12:18:42,17,215,35.1,44,301,51,7,Safe,0
2026-05-14 12:18:43,15,200,35.0,43,303,49,3,Safe,0
2026-05-14 12:18:43,16,180,35.0,45,298,49,6,Safe,0
2026-05-14 12:18:44,15,190,34.8,45,299,49,6,Safe,0
2026-05-14 12:18:44,16,185,35.1,43,305,51,5,Safe,0
2026-05-14 12:18:45,16,202,34.8,44,306,50,5,Safe,0
2026-05-14 12:18:45,15,199,35.2,46,292,50,7,Safe,0
2026-05-14 12:18:46,15,212,35.1,45,301,51,4,Safe,0
2026-05-14 12:18:46,15,196,35.1,43,294,51,3,Safe,0
2026-05-14 12:18:47,16,180,35.0,43,294,49,6,Safe,0
2026-05-14 12:18:47,16,208,35.1,45,296,50,4,Safe,0
2026-05-14 12:18:48,15,188,34.9,45,309,49,7,Safe,0
2026-05-14 12:18:48,17,219,34.9,46,292,50,6,Safe,0
2026-05-14 12:18:49,15,188,34.8,43,295,50,7,Safe,0
2026-05-14 12:18:49,16,192,34.9,46,294,49,7,Safe,0
2026-05-14 12:18:50,17,187,34.9,47,297,51,4,Safe,0
2026-05-14 12:18:50,15,183,35.1,46,296,49,6,Safe,0
2026-05-14 12:18:51,16,186,35.2,45,299,50,3,Safe,0
2026-05-14 12:18:51,17,190,34.9,47,291,51,6,Safe,0
2026-05-14 12:18:52,16,202,35.1,43,309,49,5,Safe,0
2026-05-14 12:18:52,17,192,35.0,45,296,51,4,Safe,0
2026-05-14 12:18:53,15,198,34.8,47,298,50,5,Safe,0
2026-05-14 12:18:53,17,212,34.9,47,306,51,5,Safe,0
2026-05-14 12:18:54,15,196,35.1,47,293,50,4,Safe,0
2026-05-14 12:18:54,15,180,34.9,46,295,50,5,Safe,0
2026-05-14 12:18:55,16,196,35.0,46,309,50,3,Safe,0
2026-05-14 12:18:55,16,189,35.1,46,291,51,3,Safe,0
2026-05-14 12:18:56,15,192,34.9,45,297,51,7,Safe,0
2026-05-14 12:18:56,16,200,35.0,45,293,49,7,Safe,0
2026-05-14 12:18:57,17,184,35.1,44,299,51,5,Safe,0
2026-05-14 12:18:57,17,219,35.2,46,301,51,4,Safe,0
2026-05-14 12:18:58,16,213,35.0,46,307,51,7,Safe,0
2026-05-14 12:18:58,15,217,35.2,45,300,49,6,Safe,0
2026-05-14 12:18:59,17,184,35.0,45,295,51,5,Safe,0
2026-05-14 12:18:59,17,198,34.9,47,297,49,6,Safe,0
2026-05-14 12:19:00,15,188,35.0,43,298,50,7,Safe,0
2026-05-14 12:19:00,15,214,34.9,46,292,50,4,Safe,0
2026-05-14 12:19:01,16,193,35.2,45,310,49,3,Safe,0
2026-05-14 12:19:01,16,207,35.2,43,305,51,4,Safe,0
2026-05-14 12:19:02,16,219,35.2,47,306,49,7,Safe,0
2026-05-14 12:19:02,17,208,34.8,44,299,50,6,Safe,0
2026-05-14 12:19:03,15,215,35.2,45,298,50,7,Safe,0
2026-05-14 12:19:03,17,190,35.1,44,303,50,3,Safe,0
2026-05-14 12:19:04,16,204,35.1,46,300,51,3,Safe,0
2026-05-14 12:19:04,15,208,34.8,44,295,50,6,Safe,0
2026-05-14 12:19:05,17,196,35.0,47,310,51,5,Safe,0
2026-05-14 12:19:05,17,182,35.0,44,293,50,4,Safe,0
2026-05-14 12:19:06,16,210,35.1,44,307,51,5,Safe,0
2026-05-14 12:19:06,16,185,35.2,47,306,51,6,Safe,0
2026-05-14 12:19:07,16,211,34.8,46,290,51,3,Safe,0
2026-05-14 12:19:07,16,209,35.1,46,296,49,4,Safe,0
2026-05-14 12:19:08,16,194,35.0,45,290,50,6,Safe,0
2026-05-14 12:19:08,16,194,35.0,45,290,50,6,Safe,0
2026-05-14 12:19:09,15,201,35.1,45,303,51,4,Safe,0
2026-05-14 12:19:09,16,204,34.8,45,306,49,7,Safe,0
2026-05-14 12:19:10,15,207,34.9,44,300,49,5,Safe,0
2026-05-14 12:19:10,16,187,35.1,46,305,50,3,Safe,0
2026-05-14 12:19:11,15,213,35.0,44,298,49,6,Safe,0
2026-05-14 12:19:11,15,185,35.1,47,292,51,7,Safe,0
2026-05-14 12:19:12,15,209,35.0,47,299,51,7,Safe,0
2026-05-14 12:19:12,15,186,35.1,46,308,49,4,Safe,0
2026-05-14 12:19:13,15,213,34.9,43,310,51,3,Safe,0
2026-05-14 12:19:14,17,209,35.1,47,296,51,7,Safe,0
2026-05-14 12:19:14,17,218,35.2,45,296,50,6,Safe,0
2026-05-14 12:19:15,16,213,34.9,47,300,50,5,Safe,0
2026-05-14 12:19:15,17,205,34.8,44,310,49,7,Safe,0
2026-05-14 12:19:16,16,199,35.0,45,301,49,6,Safe,0
2026-05-14 12:19:16,17,216,34.9,46,310,50,6,Safe,0
2026-05-14 12:19:17,16,219,35.0,43,297,50,3,Safe,0
2026-05-14 12:19:17,15,187,35.1,45,298,49,3,Safe,0
2026-05-14 12:19:18,15,195,34.9,46,307,51,7,Safe,0
2026-05-14 12:19:18,15,198,34.8,47,291,51,4,Safe,0
2026-05-14 12:19:19,17,212,35.1,44,309,51,7,Safe,0
2026-05-14 12:19:19,17,187,34.9,47,308,51,5,Safe,0
2026-05-14 12:19:20,16,214,34.9,44,300,49,7,Safe,0
2026-05-14 12:19:20,17,202,35.1,44,293,49,5,Safe,0
2026-05-14 12:19:21,16,212,35.1,45,294,50,4,Safe,0
2026-05-14 12:19:21,17,195,35.1,45,303,49,5,Safe,0
2026-05-14 12:19:22,15,203,34.8,44,305,50,6,Safe,0
2026-05-14 12:19:22,16,212,35.2,47,299,49,4,Safe,0
2026-05-14 12:19:23,15,217,35.0,45,293,50,7,Safe,0
2026-05-14 12:19:23,17,192,34.9,44,296,51,4,Safe,0
2026-05-14 12:19:24,15,205,34.8,47,292,51,6,Safe,0
2026-05-14 12:19:24,16,198,35.1,43,309,51,4,Safe,0
2026-05-14 12:19:25,16,190,34.9,44,309,49,7,Safe,0
2026-05-14 12:19:25,16,190,35.0,47,297,50,6,Safe,0
2026-05-14 12:19:26,17,186,35.1,43,296,49,6,Safe,0
2026-05-14 12:19:26,16,191,35.1,46,305,51,4,Safe,0
2026-05-14 12:19:27,15,197,34.8,44,292,51,4,Safe,0
2026-05-14 12:19:27,17,214,34.8,46,309,51,5,Safe,0
2026-05-14 12:19:28,17,189,35.2,47,292,51,5,Safe,0
2026-05-14 12:19:28,17,197,34.8,46,295,51,4,Safe,0
2026-05-14 12:19:29,16,188,34.9,44,295,49,4,Safe,0
2026-05-14 12:19:29,16,180,34.9,47,297,51,5,Safe,0
2026-05-14 12:19:30,16,194,35.2,44,302,51,3,Safe,0
2026-05-14 12:19:30,16,191,35.2,46,299,51,7,Safe,0
2026-05-14 12:19:31,15,202,35.1,45,310,49,6,Safe,0
2026-05-14 12:19:31,17,202,35.1,45,303,50,5,Safe,0
2026-05-14 12:19:32,17,198,35.1,43,301,50,3,Safe,0
2026-05-14 12:19:32,17,205,34.8,43,295,51,4,Safe,0
2026-05-14 12:19:33,15,216,34.9,44,295,49,4,Safe,0
2026-05-14 12:19:33,16,184,34.9,44,301,50,7,Safe,0
2026-05-14 12:19:34,16,196,34.9,46,295,49,3,Safe,0
2026-05-14 12:19:34,15,219,34.8,43,310,49,5,Safe,0
2026-05-14 12:19:35,15,205,35.1,45,293,49,3,Safe,0
2026-05-14 12:19:35,16,199,34.9,43,303,49,7,Safe,0
2026-05-14 12:19:36,16,195,34.9,44,298,51,6,Safe,0
2026-05-14 12:19:36,15,200,35.2,43,310,49,6,Safe,0
2026-05-14 12:19:37,15,210,35.1,46,307,51,7,Safe,0
2026-05-14 12:19:37,16,192,35.1,45,294,50,4,Safe,0
2026-05-14 12:19:38,16,217,35.0,44,295,51,4,Safe,0
2026-05-14 12:19:38,16,189,35.0,47,295,49,6,Safe,0
2026-05-14 12:19:39,16,200,34.8,43,308,49,7,Safe,0
2026-05-14 12:19:39,17,209,35.0,44,292,49,6,Safe,0
2026-05-14 12:19:40,15,192,35.2,43,301,49,3,Safe,0
2026-05-14 12:19:40,17,208,35.0,47,290,50,6,Safe,0
2026-05-14 12:19:41,15,198,34.9,43,301,50,7,Safe,0
2026-05-14 12:19:41,16,182,35.2,44,292,49,5,Safe,0
2026-05-14 12:19:42,16,209,35.0,43,310,49,6,Safe,0
2026-05-14 12:19:42,17,191,35.2,47,290,51,7,Safe,0
2026-05-14 12:19:43,16,190,35.0,47,307,51,5,Safe,0
2026-05-14 12:19:44,16,192,35.0,46,300,50,5,Safe,0
2026-05-14 12:19:44,16,199,34.8,43,305,49,7,Safe,0
2026-05-14 12:19:45,16,189,35.0,47,292,50,7,Safe,0
2026-05-14 12:19:45,17,199,35.1,47,306,51,4,Safe,0
2026-05-14 12:19:46,15,220,35.0,43,291,50,6,Safe,0
2026-05-14 12:19:46,15,208,34.9,43,295,51,4,Safe,0
2026-05-14 12:19:47,17,202,35.0,44,303,51,3,Safe,0
2026-05-14 12:19:47,15,213,35.1,45,294,50,3,Safe,0
2026-05-14 12:19:48,15,209,35.1,47,293,49,4,Safe,0
2026-05-14 12:19:48,16,199,35.1,47,308,49,6,Safe,0
2026-05-14 12:19:49,15,197,35.2,46,291,49,3,Safe,0
2026-05-14 12:19:49,16,190,35.1,47,295,49,3,Safe,0
2026-05-14 12:19:50,16,187,35.1,45,291,51,5,Safe,0
2026-05-14 12:19:50,15,190,34.9,45,308,49,7,Safe,0
2026-05-14 12:19:51,15,191,35.0,46,293,49,7,Safe,0
2026-05-14 12:19:51,16,203,35.2,45,304,51,6,Safe,0
2026-05-14 12:19:52,15,200,34.9,44,307,51,7,Safe,0
2026-05-14 12:19:52,15,215,34.8,44,294,50,4,Safe,0
2026-05-14 12:19:53,17,202,34.8,45,302,49,3,Safe,0
2026-05-14 12:19:53,16,198,35.1,43,292,50,3,Safe,0
2026-05-14 12:19:54,16,199,34.9,46,300,49,7,Safe,0
2026-05-14 12:19:54,17,216,35.0,43,301,50,4,Safe,0
2026-05-14 12:19:55,16,203,35.0,43,301,50,4,Safe,0
2026-05-14 12:19:55,15,206,35.1,46,299,50,5,Safe,0
2026-05-14 12:19:56,16,190,35.0,47,291,50,6,Safe,0
2026-05-14 12:19:56,15,219,35.0,45,298,49,3,Safe,0
2026-05-14 12:19:57,15,188,34.8,44,291,51,5,Safe,0
2026-05-14 12:19:57,16,219,34.9,44,290,51,4,Safe,0
2026-05-14 12:19:58,17,207,35.0,45,306,51,3,Safe,0
2026-05-14 12:19:58,15,208,35.1,44,291,49,3,Safe,0
2026-05-14 12:19:59,15,203,34.8,45,304,51,6,Safe,0
2026-05-14 12:19:59,16,199,34.9,44,306,49,7,Safe,0
2026-05-14 12:20:00,16,194,34.8,46,296,51,3,Safe,0
2026-05-14 12:20:00,16,186,34.9,44,292,51,6,Safe,0
2026-05-14 12:20:01,17,202,35.2,44,301,51,5,Safe,0
2026-05-14 12:20:01,15,199,35.0,45,302,49,4,Safe,0
2026-05-14 12:20:02,15,187,35.1,43,297,49,7,Safe,0
2026-05-14 12:20:02,16,199,35.1,44,296,49,6,Safe,0
2026-05-14 12:20:03,16,214,35.1,44,307,51,3,Safe,0
2026-05-14 12:20:03,15,195,35.0,46,307,49,3,Safe,0
2026-05-14 12:20:04,16,209,34.9,47,291,50,5,Safe,0
2026-05-14 12:20:04,15,200,35.0,47,293,50,6,Safe,0
2026-05-14 12:20:05,17,190,35.0,47,292,50,5,Safe,0
2026-05-14 12:20:05,15,181,35.1,43,290,49,4,Safe,0
2026-05-14 12:20:06,17,209,34.9,43,292,51,7,Safe,0
2026-05-14 12:20:06,16,202,35.1,43,299,50,3,Safe,0
2026-05-14 12:20:07,17,193,35.0,43,297,51,4,Safe,0
2026-05-14 12:20:07,15,185,35.0,43,307,49,4,Safe,0
2026-05-14 12:20:08,15,186,34.9,47,300,50,5,Safe,0
2026-05-14 12:20:08,15,219,35.1,44,290,51,7,Safe,0
2026-05-14 12:20:09,16,188,35.1,47,296,51,3,Safe,0
2026-05-14 12:20:09,15,182,35.2,43,296,51,4,Safe,0
2026-05-14 12:20:10,17,194,34.8,45,301,50,4,Safe,0
2026-05-14 12:20:11,16,220,35.1,44,292,51,3,Safe,0
2026-05-14 12:20:11,16,190,34.9,44,293,51,4,Safe,0
2026-05-14 12:20:12,16,194,34.9,46,304,49,3,Safe,0
2026-05-14 12:20:12,16,209,34.9,43,293,51,7,Safe,0
2026-05-14 12:20:13,15,209,34.8,45,305,51,4,Safe,0
2026-05-14 12:20:13,17,200,34.9,45,290,50,3,Safe,0
2026-05-14 12:20:14,15,197,34.9,43,292,49,3,Safe,0
2026-05-14 12:20:14,17,220,35.0,47,299,49,3,Safe,0
2026-05-14 12:20:15,17,215,35.0,44,292,51,4,Safe,0
2026-05-14 12:20:15,17,220,35.0,47,290,50,4,Safe,0
2026-05-14 12:20:16,16,219,35.1,43,304,51,3,Safe,0
2026-05-14 12:20:16,17,215,35.0,43,291,49,3,Safe,0
2026-05-14 12:20:17,17,185,35.1,47,307,51,5,Safe,0
2026-05-14 12:20:17,15,186,35.1,45,308,50,7,Safe,0
2026-05-14 12:20:18,17,202,35.1,44,293,51,5,Safe,0
2026-05-14 12:20:18,15,198,35.0,43,309,50,7,Safe,0
2026-05-14 12:20:19,15,214,34.9,47,300,51,5,Safe,0
2026-05-14 12:20:19,15,185,35.2,45,310,51,5,Safe,0
2026-05-14 12:20:20,16,212,34.8,45,305,49,7,Safe,0
2026-05-14 12:20:20,17,220,34.9,47,297,51,4,Safe,0
2026-05-14 12:20:21,15,198,35.1,47,293,51,5,Safe,0
2026-05-14 12:20:21,15,219,35.0,46,302,50,6,Safe,0
2026-05-14 12:20:22,15,209,35.0,43,296,51,7,Safe,0
2026-05-14 12:20:22,16,188,34.9,47,296,49,6,Safe,0
2026-05-14 12:20:23,17,194,34.9,43,294,51,6,Safe,0
2026-05-14 12:20:23,16,189,34.9,45,309,49,6,Safe,0
2026-05-14 12:20:24,17,219,34.9,44,296,51,3,Safe,0
2026-05-14 12:20:24,17,191,34.9,45,301,49,3,Safe,0
2026-05-14 12:20:25,16,180,35.0,46,303,51,3,Safe,0
2026-05-14 12:20:25,16,203,34.8,47,299,49,7,Safe,0
2026-05-14 12:20:26,15,215,35.0,47,309,51,5,Safe,0
2026-05-14 12:20:26,17,205,35.0,45,302,49,3,Safe,0
2026-05-14 12:20:27,17,205,34.9,46,290,49,4,Safe,0
2026-05-14 12:20:27,15,203,34.8,47,307,50,6,Safe,0
2026-05-14 12:20:28,17,193,35.2,46,296,50,4,Safe,0
2026-05-14 12:20:28,17,205,35.2,45,299,49,4,Safe,0
2026-05-14 12:20:29,15,200,34.9,43,303,51,3,Safe,0
2026-05-14 12:20:29,15,209,34.9,47,297,49,7,Safe,0
2026-05-14 12:20:30,15,198,34.9,47,307,49,5,Safe,0
2026-05-14 12:20:30,16,197,35.2,44,300,51,3,Safe,0
2026-05-14 12:20:31,16,192,35.0,45,307,51,4,Safe,0
2026-05-14 12:20:31,15,190,35.1,43,303,50,3,Safe,0
2026-05-14 12:20:32,16,210,34.9,44,294,50,5,Safe,0
2026-05-14 12:20:32,15,185,35.0,45,310,51,7,Safe,0
2026-05-14 12:20:33,15,208,35.0,45,291,50,3,Safe,0
2026-05-14 12:20:34,15,207,35.1,47,296,49,7,Safe,0
2026-05-14 12:20:34,17,184,35.1,45,302,50,5,Safe,0
2026-05-14 12:20:35,15,210,35.0,44,290,50,6,Safe,0
2026-05-14 12:20:35,16,196,34.9,46,296,51,3,Safe,0
2026-05-14 12:20:36,17,186,35.2,45,307,49,3,Safe,0
2026-05-14 12:20:36,15,193,34.9,43,307,49,4,Safe,0
2026-05-14 12:20:37,17,212,35.2,44,292,51,4,Safe,0
2026-05-14 12:20:37,17,197,35.1,47,301,50,3,Safe,0
2026-05-14 12:20:38,16,217,35.1,47,310,49,7,Safe,0
2026-05-14 12:20:38,17,190,35.1,47,303,51,4,Safe,0
2026-05-14 12:20:39,15,219,35.0,45,293,50,3,Safe,0
2026-05-14 12:20:39,17,216,35.1,46,305,50,5,Safe,0
2026-05-14 12:20:40,15,198,34.9,43,302,49,4,Safe,0
2026-05-14 12:20:40,16,195,35.0,44,307,51,6,Safe,0
2026-05-14 12:20:41,16,184,34.8,43,300,51,3,Safe,0
2026-05-14 12:20:41,15,185,34.9,45,301,50,7,Safe,0
2026-05-14 12:20:42,17,203,35.2,46,308,50,5,Safe,0
2026-05-14 12:20:42,16,201,34.9,47,310,50,5,Safe,0
2026-05-14 12:20:43,16,217,34.9,44,295,49,6,Safe,0
2026-05-14 12:20:43,15,201,35.1,47,298,50,3,Safe,0
2026-05-14 12:20:44,17,208,35.1,45,294,49,5,Safe,0
2026-05-14 12:20:44,17,201,34.9,43,298,50,6,Safe,0
2026-05-14 12:20:45,15,194,35.2,43,294,49,4,Safe,0
2026-05-14 12:20:45,16,195,34.8,47,310,49,7,Safe,0
2026-05-14 12:20:46,16,206,34.9,45,301,49,5,Safe,0
2026-05-14 12:20:46,16,213,35.0,45,310,50,3,Safe,0
2026-05-14 12:20:47,17,189,34.8,47,290,49,3,Safe,0
2026-05-14 12:20:47,16,200,34.9,45,309,49,4,Safe,0
2026-05-14 12:20:48,15,189,35.0,43,293,50,5,Safe,0
2026-05-14 12:20:48,17,219,35.0,44,304,49,5,Safe,0
2026-05-14 12:20:49,17,203,34.8,46,292,51,7,Safe,0
2026-05-14 12:20:49,17,182,35.0,45,295,50,7,Safe,0
2026-05-14 12:20:50,17,217,35.1,43,310,49,3,Safe,0
2026-05-14 12:20:50,15,216,35.2,44,305,49,6,Safe,0
2026-05-14 12:20:51,16,194,34.9,46,301,51,6,Safe,0
2026-05-14 12:20:51,15,202,35.0,47,298,51,3,Safe,0
2026-05-14 12:20:52,17,217,34.8,45,296,49,3,Safe,0
2026-05-14 12:20:52,17,216,34.9,43,300,49,6,Safe,0
2026-05-14 12:20:53,17,189,35.1,46,294,50,6,Safe,0
2026-05-14 12:20:53,15,220,34.9,46,309,51,7,Safe,0
2026-05-14 12:20:54,17,199,34.9,45,290,50,7,Safe,0
2026-05-14 12:20:54,15,217,35.1,43,298,50,3,Safe,0
2026-05-14 12:20:55,15,207,34.8,45,307,51,4,Safe,0
2026-05-14 12:20:55,16,187,35.0,44,309,51,3,Safe,0
2026-05-14 12:20:56,15,206,35.2,44,297,51,3,Safe,0
2026-05-14 12:20:56,17,190,35.0,43,298,51,5,Safe,0
2026-05-14 12:20:57,17,196,35.1,47,294,51,5,Safe,0
2026-05-14 12:20:58,15,208,35.2,44,290,50,7,Safe,0
2026-05-14 12:20:58,17,190,34.9,47,307,50,5,Safe,0
2026-05-14 12:20:59,17,217,35.0,43,299,51,4,Safe,0
2026-05-14 12:20:59,17,205,35.1,45,310,50,3,Safe,0
2026-05-14 12:21:00,16,191,35.0,44,297,51,6,Safe,0
2026-05-14 12:21:00,15,215,35.1,47,303,50,6,Safe,0
2026-05-14 12:21:01,16,186,34.8,47,308,50,3,Safe,0
2026-05-14 12:21:01,17,197,35.0,45,306,50,5,Safe,0
2026-05-14 12:21:02,16,195,34.9,44,303,51,7,Safe,0
2026-05-14 12:21:02,17,197,34.8,43,295,51,6,Safe,0
2026-05-14 12:21:03,15,180,35.1,46,309,49,5,Safe,0
2026-05-14 12:21:03,16,193,35.1,44,297,50,7,Safe,0
2026-05-14 12:21:04,15,182,34.9,47,290,51,3,Safe,0
2026-05-14 12:21:04,16,219,35.0,46,296,49,4,Safe,0
2026-05-14 12:21:05,15,185,34.8,47,301,50,4,Safe,0
2026-05-14 12:21:05,15,190,35.2,43,300,51,5,Safe,0
2026-05-14 12:21:06,15,192,35.0,44,306,51,4,Safe,0
2026-05-14 12:21:06,16,190,35.0,47,302,49,6,Safe,0
2026-05-14 12:21:07,17,193,35.0,43,292,51,5,Safe,0
2026-05-14 12:21:07,16,206,34.9,46,308,50,3,Safe,0
2026-05-14 12:21:08,17,205,34.9,47,308,50,4,Safe,0
2026-05-14 12:21:08,16,211,35.0,44,293,51,7,Safe,0
2026-05-14 12:21:09,16,219,34.9,45,290,50,7,Safe,0
2026-05-14 12:21:09,17,208,34.8,43,304,51,5,Safe,0
2026-05-14 12:21:10,15,183,34.9,46,296,51,3,Safe,0
2026-05-14 12:21:10,16,195,35.0,46,305,50,6,Safe,0
2026-05-14 12:21:11,16,204,35.1,45,302,50,6,Safe,0
2026-05-14 12:21:11,17,205,35.1,46,291,51,5,Safe,0
2026-05-14 12:21:12,15,193,35.1,43,290,51,7,Safe,0
2026-05-14 12:21:12,16,187,34.8,44,305,49,6,Safe,0
2026-05-14 12:21:13,16,189,35.1,45,293,49,3,Safe,0
2026-05-14 12:21:13,16,194,34.9,45,303,49,5,Safe,0
2026-05-14 12:21:14,16,191,35.0,45,309,50,4,Safe,0
2026-05-14 12:21:14,15,193,34.9,43,296,50,3,Safe,0
2026-05-14 12:21:15,16,208,34.8,47,292,51,4,Safe,0
2026-05-14 12:21:15,15,195,35.1,45,293,49,5,Safe,0
2026-05-14 12:21:16,17,180,35.0,45,300,51,5,Safe,0
2026-05-14 12:21:16,17,199,35.1,45,308,51,3,Safe,0
2026-05-14 12:21:17,17,193,35.1,45,294,51,4,Safe,0
2026-05-14 12:21:17,16,194,35.2,47,299,51,7,Safe,0
2026-05-14 12:21:18,16,186,34.9,46,308,49,5,Safe,0
2026-05-14 12:21:18,16,190,34.9,47,297,50,5,Safe,0
2026-05-14 12:21:19,16,211,35.2,46,294,50,6,Safe,0
2026-05-14 12:21:20,16,196,35.2,45,305,51,4,Safe,0
2026-05-14 12:21:20,17,181,35.0,43,304,51,3,Safe,0
2026-05-14 12:21:21,17,195,34.8,44,300,50,5,Safe,0
2026-05-14 12:21:21,16,185,35.0,46,310,49,6,Safe,0
2026-05-14 12:21:22,16,220,35.1,45,309,51,7,Safe,0
2026-05-14 12:21:22,17,218,35.0,43,302,49,5,Safe,0
2026-05-14 12:21:23,16,204,34.8,43,298,50,3,Safe,0
2026-05-14 12:21:23,17,199,35.1,44,308,51,4,Safe,0
2026-05-14 12:21:24,15,185,35.1,46,303,49,7,Safe,0
2026-05-14 12:21:24,16,213,34.9,46,295,49,6,Safe,0
2026-05-14 12:21:25,17,220,34.9,44,307,51,5,Safe,0
2026-05-14 12:21:25,15,187,35.0,44,291,50,6,Safe,0
2026-05-14 12:21:26,15,203,34.9,45,291,50,4,Safe,0
2026-05-14 12:21:26,15,194,35.1,45,307,50,3,Safe,0
2026-05-14 12:21:27,16,196,34.9,47,298,51,6,Safe,0
2026-05-14 12:21:27,16,207,35.0,44,310,50,4,Safe,0
2026-05-14 12:21:28,17,199,35.1,46,294,49,5,Safe,0
2026-05-14 12:21:28,16,180,35.2,46,294,50,7,Safe,0
2026-05-14 12:21:29,17,187,35.1,43,297,50,4,Safe,0
2026-05-14 12:21:29,16,201,35.1,43,291,51,7,Safe,0
2026-05-14 12:21:30,15,196,34.9,44,300,49,3,Safe,0
2026-05-14 12:21:30,17,198,35.0,45,302,49,4,Safe,0
2026-05-14 12:21:31,16,208,35.0,44,291,50,3,Safe,0
2026-05-14 12:21:31,16,189,35.0,45,306,51,4,Safe,0
2026-05-14 12:21:32,17,210,34.8,44,304,49,5,Safe,0
2026-05-14 12:21:32,17,186,34.9,45,291,51,4,Safe,0
2026-05-14 12:21:33,15,197,34.8,44,305,51,6,Safe,0
2026-05-14 12:21:33,17,192,35.0,46,295,51,4,Safe,0
2026-05-14 12:21:34,15,184,35.1,45,308,49,7,Safe,0
2026-05-14 12:21:34,15,198,35.1,43,300,49,3,Safe,0
2026-05-14 12:21:35,17,203,34.9,43,296,50,6,Safe,0
2026-05-14 12:21:35,17,188,34.8,47,297,51,4,Safe,0
2026-05-14 12:21:36,15,212,35.0,47,296,50,4,Safe,0
2026-05-14 12:21:36,15,202,35.1,44,293,49,4,Safe,0
2026-05-14 12:21:37,17,211,34.9,45,300,51,3,Safe,0
2026-05-14 12:21:37,17,204,35.1,43,294,51,5,Safe,0
2026-05-14 12:21:38,15,187,35.0,46,305,51,3,Safe,0
2026-05-14 12:21:38,17,184,35.0,47,297,50,7,Safe,0
2026-05-14 12:21:39,16,216,35.0,46,307,49,3,Safe,0
2026-05-14 12:21:39,16,203,34.8,44,304,51,6,Safe,0
2026-05-14 12:21:40,17,186,34.8,44,292,50,4,Safe,0
2026-05-14 12:21:40,15,195,34.9,45,294,49,4,Safe,0
2026-05-14 12:21:41,16,187,35.2,45,300,49,7,Safe,0
2026-05-14 12:21:41,15,220,34.8,45,291,51,7,Safe,0
2026-05-14 12:21:42,17,209,34.8,43,294,50,3,Safe,0
2026-05-14 12:21:42,15,195,35.1,45,306,50,4,Safe,0
2026-05-14 12:21:43,16,188,34.8,45,298,50,7,Safe,0
2026-05-14 12:21:44,16,210,34.9,45,294,51,6,Safe,0
2026-05-14 12:21:44,17,187,35.2,46,302,49,5,Safe,0
2026-05-14 12:21:45,16,205,34.9,44,299,50,5,Safe,0
2026-05-14 12:21:45,17,206,34.9,46,308,50,5,Safe,0
2026-05-14 12:21:46,15,180,34.9,45,301,50,5,Safe,0
2026-05-14 12:21:46,15,201,35.0,44,295,51,6,Safe,0
2026-05-14 12:21:47,17,212,35.2,47,296,50,5,Safe,0
2026-05-14 12:21:47,15,219,35.0,45,294,51,6,Safe,0
2026-05-14 12:21:48,16,218,34.9,46,292,51,6,Safe,0
2026-05-14 12:21:48,16,219,34.9,47,306,50,6,Safe,0
2026-05-14 12:21:49,15,220,35.0,43,290,51,6,Safe,0
2026-05-14 12:21:49,16,182,35.2,43,292,51,4,Safe,0
2026-05-14 12:21:50,17,211,35.1,45,308,49,4,Safe,0
2026-05-14 12:21:50,16,219,34.8,44,297,51,3,Safe,0
2026-05-14 12:21:51,17,210,35.1,43,290,51,6,Safe,0
2026-05-14 12:21:51,16,205,35.2,45,296,51,5,Safe,0
2026-05-14 12:21:52,15,200,35.0,46,290,51,5,Safe,0
2026-05-14 12:21:52,15,204,35.0,43,306,51,4,Safe,0
2026-05-14 12:21:53,16,207,35.1,43,304,51,6,Safe,0
2026-05-14 12:21:53,16,212,35.0,43,310,50,6,Safe,0
2026-05-14 12:21:54,16,199,34.9,44,303,50,6,Safe,0
2026-05-14 12:21:54,17,203,35.1,43,302,50,3,Safe,0
2026-05-14 12:21:55,16,201,35.1,46,302,51,6,Safe,0
2026-05-14 12:21:55,16,193,35.1,45,290,50,5,Safe,0
2026-05-14 12:21:56,15,193,34.9,43,300,51,7,Safe,0
2026-05-14 12:21:56,15,196,35.2,43,293,49,6,Safe,0
2026-05-14 12:21:57,17,186,35.1,47,301,49,7,Safe,0
2026-05-14 12:21:57,16,219,35.1,47,290,51,4,Safe,0
2026-05-14 12:21:58,17,217,35.1,45,294,51,7,Safe,0
2026-05-14 12:21:58,17,200,35.1,46,309,49,6,Safe,0
2026-05-14 12:21:59,15,183,34.8,44,302,50,5,Safe,0
2026-05-14 12:21:59,15,193,34.9,46,292,49,7,Safe,0
2026-05-14 12:22:00,17,200,35.0,45,294,49,7,Safe,0
2026-05-14 12:22:00,17,217,35.1,47,308,51,4,Safe,0
2026-05-14 12:22:01,17,207,35.1,46,290,49,6,Safe,0
2026-05-14 12:22:01,16,197,35.0,45,301,51,4,Safe,0
2026-05-14 12:22:02,17,220,34.9,46,304,50,6,Safe,0
2026-05-14 12:22:02,17,192,34.9,45,298,51,6,Safe,0
2026-05-14 12:22:03,16,185,35.1,44,290,51,6,Safe,0
2026-05-14 12:22:03,16,182,34.8,44,298,51,5,Safe,0
2026-05-14 12:22:04,15,217,34.8,47,291,49,3,Safe,0
2026-05-14 12:22:04,17,181,35.1,43,295,51,3,Safe,0
2026-05-14 12:22:05,16,204,35.1,47,304,50,6,Safe,0
2026-05-14 12:22:05,17,198,35.1,44,292,50,7,Safe,0
2026-05-14 12:22:06,17,197,34.9,47,307,50,3,Safe,0
2026-05-14 12:22:07,17,189,35.0,45,295,49,7,Safe,0
2026-05-14 12:22:07,16,186,35.0,44,300,51,5,Safe,0
2026-05-14 12:22:08,15,218,35.1,47,301,50,4,Safe,0
2026-05-14 12:22:08,16,210,34.9,45,291,51,3,Safe,0
2026-05-14 12:22:09,15,197,34.9,46,300,50,4,Safe,0
2026-05-14 12:22:09,15,186,35.1,47,292,49,3,Safe,0
2026-05-14 12:22:10,15,197,35.1,43,299,49,4,Safe,0
2026-05-14 12:22:10,15,189,34.8,43,299,51,7,Safe,0
2026-05-14 12:22:11,17,220,34.9,46,297,50,5,Safe,0
2026-05-14 12:22:11,16,195,35.1,46,292,49,3,Safe,0
2026-05-14 12:22:12,16,213,34.9,45,290,50,4,Safe,0
2026-05-14 12:22:12,17,200,35.1,44,299,51,5,Safe,0
2026-05-14 12:22:13,16,202,35.1,45,294,49,3,Safe,0
2026-05-14 12:22:13,17,192,34.9,44,309,51,6,Safe,0
2026-05-14 12:22:14,17,203,34.8,43,299,49,4,Safe,0
2026-05-14 12:22:14,17,190,35.1,45,308,51,3,Safe,0
2026-05-14 12:22:15,15,183,35.1,43,305,49,4,Safe,0
2026-05-14 12:22:15,15,204,35.2,45,290,49,5,Safe,0
2026-05-14 12:22:16,15,203,35.0,43,299,50,5,Safe,0
2026-05-14 12:22:16,15,213,35.0,45,308,49,4,Safe,0
2026-05-14 12:22:17,16,180,35.0,44,296,50,6,Safe,0
2026-05-14 12:22:17,17,220,34.8,44,309,50,6,Safe,0
2026-05-14 12:22:18,15,198,35.0,47,297,51,7,Safe,0
2026-05-14 12:22:18,17,201,35.0,47,292,51,7,Safe,0
2026-05-14 12:22:19,15,195,35.1,46,298,51,7,Safe,0
2026-05-14 12:22:19,17,186,34.9,44,301,50,4,Safe,0
2026-05-14 12:22:20,15,199,35.2,46,298,51,6,Safe,0
2026-05-14 12:22:20,15,204,34.9,43,306,50,6,Safe,0
2026-05-14 12:22:21,17,193,34.9,47,305,50,3,Safe,0
2026-05-14 12:22:21,15,216,34.9,43,290,49,6,Safe,0
2026-05-14 12:22:22,15,220,34.8,45,293,51,3,Safe,0
2026-05-14 12:22:22,17,182,35.0,45,297,49,5,Safe,0
2026-05-14 12:22:23,16,206,34.9,43,309,50,3,Safe,0
2026-05-14 12:22:23,17,204,34.8,46,298,51,4,Safe,0
2026-05-14 12:22:24,15,219,35.2,45,297,49,6,Safe,0
2026-05-14 12:22:24,17,197,35.0,45,297,51,4,Safe,0
2026-05-14 12:22:25,16,215,35.1,43,299,50,5,Safe,0
2026-05-14 12:22:25,16,199,35.0,44,306,49,4,Safe,0
2026-05-14 12:22:26,15,220,35.0,47,300,51,4,Safe,0
2026-05-14 12:22:26,15,208,35.2,43,291,49,4,Safe,0
2026-05-14 12:22:27,17,207,35.1,45,303,51,6,Safe,0
2026-05-14 12:22:28,15,219,35.0,44,299,51,6,Safe,0
2026-05-14 12:22:28,15,210,35.0,44,300,49,6,Safe,0
2026-05-14 12:22:29,17,200,34.9,43,310,51,6,Safe,0
2026-05-14 12:22:29,15,214,35.0,47,298,51,4,Safe,0
2026-05-14 12:22:30,17,210,34.9,44,292,49,4,Safe,0
2026-05-14 12:22:30,16,191,34.9,44,292,50,4,Safe,0
2026-05-14 12:22:31,15,197,34.8,46,295,51,5,Safe,0
2026-05-14 12:22:31,16,183,34.8,47,306,50,5,Safe,0
2026-05-14 12:22:32,17,212,35.1,46,308,49,6,Safe,0
2026-05-14 12:22:32,15,182,35.2,45,309,50,3,Safe,0
2026-05-14 12:22:33,17,197,34.9,46,307,50,7,Safe,0
2026-05-14 12:22:33,17,212,35.1,47,299,51,7,Safe,0
2026-05-14 12:22:34,16,204,34.8,46,302,49,5,Safe,0
2026-05-14 12:22:34,16,184,35.1,43,300,50,6,Safe,0
2026-05-14 12:22:35,17,219,34.9,45,300,50,5,Safe,0
2026-05-14 12:22:35,16,193,35.1,47,294,49,3,Safe,0
2026-05-14 12:22:36,16,201,35.1,44,303,50,7,Safe,0
2026-05-14 12:22:36,15,195,35.1,45,292,51,4,Safe,0
2026-05-14 12:22:37,17,204,34.9,43,307,51,7,Safe,0
2026-05-14 12:22:37,16,218,35.0,43,290,49,3,Safe,0
2026-05-14 12:22:38,16,186,35.1,43,295,49,3,Safe,0
2026-05-14 12:22:38,16,206,35.1,46,309,49,3,Safe,0
2026-05-14 12:22:39,17,182,35.1,47,296,50,7,Safe,0
2026-05-14 12:22:39,16,195,34.9,43,305,51,3,Safe,0
2026-05-14 12:22:40,16,198,34.8,44,291,50,7,Safe,0
2026-05-14 12:22:40,16,218,34.8,45,301,49,5,Safe,0
2026-05-14 12:22:41,16,220,35.2,44,296,49,5,Safe,0
2026-05-14 12:22:41,16,205,34.9,46,295,49,3,Safe,0
2026-05-14 12:22:42,15,214,34.9,44,308,49,3,Safe,0
2026-05-14 12:22:42,15,204,34.8,43,305,51,3,Safe,0
2026-05-14 12:22:43,17,202,34.9,46,307,49,6,Safe,0
2026-05-14 12:22:43,16,186,35.2,46,293,49,3,Safe,0
2026-05-14 12:22:44,16,212,35.2,44,302,50,5,Safe,0
2026-05-14 12:22:44,16,207,34.8,47,307,51,5,Safe,0
2026-05-14 12:22:45,16,190,35.0,43,306,50,6,Safe,0
2026-05-14 12:22:46,17,212,35.1,46,307,50,3,Safe,0
2026-05-14 12:22:46,16,213,34.9,44,308,49,5,Safe,0
2026-05-14 12:22:47,15,207,35.1,44,299,50,3,Safe,0
2026-05-14 12:22:47,15,205,35.0,43,303,50,6,Safe,0
2026-05-14 12:22:48,15,217,35.1,47,306,49,3,Safe,0
2026-05-14 12:22:48,16,184,35.0,47,295,51,7,Safe,0
2026-05-14 12:22:49,16,218,35.0,45,302,51,6,Safe,0
2026-05-14 12:22:49,16,187,34.9,45,296,51,5,Safe,0
2026-05-14 12:22:50,15,210,34.9,46,292,50,4,Safe,0
2026-05-14 12:22:50,15,200,34.8,46,309,51,6,Safe,0
2026-05-14 12:22:51,17,202,35.0,45,301,50,6,Safe,0
2026-05-14 12:22:51,16,193,34.9,47,300,49,5,Safe,0
2026-05-14 12:22:52,17,204,35.2,45,295,50,5,Safe,0
2026-05-14 12:22:52,15,206,35.0,43,299,50,4,Safe,0
2026-05-14 12:22:53,15,188,34.8,45,310,49,6,Safe,0
2026-05-14 12:22:53,15,186,35.0,45,297,50,5,Safe,0
2026-05-14 12:22:54,15,218,34.9,46,300,50,5,Safe,0
2026-05-14 12:22:54,15,188,35.2,45,292,49,4,Safe,0
2026-05-14 12:22:55,15,197,35.0,46,308,50,6,Safe,0
2026-05-14 12:22:55,17,194,35.1,47,304,51,3,Safe,0
2026-05-14 12:22:56,17,181,35.1,43,305,51,3,Safe,0
2026-05-14 12:22:56,17,205,35.1,45,297,51,5,Safe,0
2026-05-14 12:22:57,16,197,35.1,44,304,51,4,Safe,0
2026-05-14 12:22:57,15,206,35.0,43,296,49,4,Safe,0
2026-05-14 12:22:58,17,189,34.9,45,299,50,5,Safe,0
2026-05-14 12:22:58,16,192,35.0,47,304,49,4,Safe,0
2026-05-14 12:22:59,17,199,35.2,43,294,49,6,Safe,0
2026-05-14 12:22:59,16,191,35.1,47,291,50,4,Safe,0
2026-05-14 12:23:00,15,211,35.1,43,291,50,3,Safe,0
2026-05-14 12:23:00,15,192,34.8,43,302,51,7,Safe,0
2026-05-14 12:23:01,17,200,34.9,45,309,49,4,Safe,0
2026-05-14 12:23:01,15,187,35.1,46,307,50,3,Safe,0
2026-05-14 12:23:02,16,201,35.0,45,296,50,4,Safe,0
2026-05-14 12:23:02,16,204,35.1,46,293,51,5,Safe,0
2026-05-14 12:23:03,16,200,35.1,45,292,51,4,Safe,0
2026-05-14 12:23:03,17,215,35.1,44,296,50,5,Safe,0
2026-05-14 12:23:04,16,190,35.0,47,290,49,4,Safe,0
2026-05-14 12:23:04,16,217,35.1,46,299,51,7,Safe,0
2026-05-14 12:23:05,17,196,35.1,45,305,50,3,Safe,0
2026-05-14 12:23:05,16,204,34.8,47,309,50,3,Safe,0
2026-05-14 12:23:06,15,187,35.2,44,303,51,3,Safe,0
2026-05-14 12:23:06,17,185,35.0,44,308,50,5,Safe,0
2026-05-14 12:23:07,17,205,35.1,44,310,50,6,Safe,0
2026-05-14 12:23:07,15,199,35.1,45,304,50,6,Safe,0
2026-05-14 12:23:08,16,195,34.9,44,306,51,5,Safe,0
2026-05-14 12:23:08,17,191,35.0,44,294,51,7,Safe,0
2026-05-14 12:23:09,17,196,35.0,44,310,50,5,Safe,0
2026-05-14 12:23:10,16,190,35.0,46,295,51,7,Safe,0
2026-05-14 12:23:10,17,188,35.2,44,296,51,3,Safe,0
2026-05-14 12:23:11,16,217,35.1,43,310,49,7,Safe,0
2026-05-14 12:23:11,17,211,35.1,45,303,51,6,Safe,0
2026-05-14 12:23:12,15,187,34.9,44,297,50,5,Safe,0
2026-05-14 12:23:12,17,191,35.2,45,310,51,7,Safe,0
2026-05-14 12:23:13,17,209,34.9,43,302,51,4,Safe,0
2026-05-14 12:23:13,17,197,35.1,44,308,51,3,Safe,0
2026-05-14 12:23:14,17,216,35.2,47,304,50,3,Safe,0
2026-05-14 12:23:14,16,211,35.0,44,309,51,4,Safe,0
2026-05-14 12:23:15,17,187,34.8,43,302,49,6,Safe,0
2026-05-14 12:23:15,17,194,35.2,46,303,50,7,Safe,0
2026-05-14 12:23:16,17,187,35.1,47,292,49,5,Safe,0
2026-05-14 12:23:16,16,185,35.1,47,291,51,3,Safe,0
2026-05-14 12:23:17,15,218,34.8,47,297,51,4,Safe,0
2026-05-14 12:23:17,16,217,35.1,45,290,49,4,Safe,0
2026-05-14 12:23:18,17,202,35.1,47,290,50,4,Safe,0
2026-05-14 12:23:18,16,217,34.8,43,301,50,3,Safe,0
2026-05-14 12:23:19,17,197,35.2,47,298,50,6,Safe,0
2026-05-14 12:23:19,17,219,35.1,47,302,49,3,Safe,0
2026-05-14 12:23:20,15,200,35.0,46,302,50,7,Safe,0
2026-05-14 12:23:20,15,216,35.2,44,302,51,7,Safe,0
2026-05-14 12:23:21,15,216,35.0,45,296,49,7,Safe,0
2026-05-14 12:23:21,17,184,35.2,44,305,51,4,Safe,0
2026-05-14 12:23:22,15,187,34.9,47,308,49,7,Safe,0
2026-05-14 12:23:22,15,181,35.0,43,301,50,5,Safe,0
2026-05-14 12:23:23,16,214,34.8,45,309,51,3,Safe,0
2026-05-14 12:23:23,17,181,35.1,44,300,49,7,Safe,0
2026-05-14 12:23:24,17,197,34.9,47,307,51,4,Safe,0
2026-05-14 12:23:24,16,188,35.0,45,304,50,5,Safe,0
2026-05-14 12:23:25,16,207,34.8,46,296,51,6,Safe,0
2026-05-14 12:23:25,16,212,35.1,45,299,51,4,Safe,0
2026-05-14 12:23:26,17,186,35.2,43,298,51,5,Safe,0
2026-05-14 12:23:26,17,216,34.9,47,293,50,4,Safe,0
2026-05-14 12:23:27,17,197,35.1,43,296,51,3,Safe,0
2026-05-14 12:23:27,15,184,34.9,43,305,49,3,Safe,0
2026-05-14 12:23:28,16,205,35.0,44,308,50,5,Safe,0
2026-05-14 12:23:28,15,208,35.2,46,302,51,7,Safe,0
2026-05-14 12:23:29,17,188,34.8,45,306,50,4,Safe,0
2026-05-14 12:23:29,17,194,35.0,45,308,50,4,Safe,0
2026-05-14 12:23:30,16,194,35.0,44,303,50,4,Safe,0
2026-05-14 12:23:30,15,203,34.9,47,308,49,7,Safe,0
2026-05-14 12:23:31,17,199,35.2,45,299,51,4,Safe,0
2026-05-14 12:23:31,17,208,35.1,43,297,49,5,Safe,0
2026-05-14 12:23:32,15,181,35.0,45,306,51,7,Safe,0
2026-05-14 12:23:32,15,199,35.1,46,297,49,4,Safe,0
2026-05-14 12:23:33,16,210,34.9,45,295,49,5,Safe,0
2026-05-14 12:23:34,17,184,35.2,46,304,49,3,Safe,0
2026-05-14 12:23:34,17,203,34.9,43,293,51,6,Safe,0
2026-05-14 12:23:35,16,209,35.2,44,304,49,7,Safe,0
2026-05-14 12:23:35,16,196,35.1,47,294,51,7,Safe,0
2026-05-14 12:23:36,17,214,34.9,44,295,50,7,Safe,0
2026-05-14 12:23:36,15,213,34.8,43,308,51,5,Safe,0
2026-05-14 12:23:37,16,214,35.2,44,306,49,3,Safe,0
2026-05-14 12:23:37,16,185,35.1,45,291,50,4,Safe,0
2026-05-14 12:23:38,15,206,34.8,46,296,50,6,Safe,0
2026-05-14 12:23:38,15,191,35.2,43,306,50,3,Safe,0
2026-05-14 12:23:39,16,217,34.8,47,306,51,3,Safe,0
2026-05-14 12:23:39,17,208,35.0,46,290,50,4,Safe,0
2026-05-14 12:23:40,15,215,35.0,46,298,51,7,Safe,0
2026-05-14 12:23:40,16,203,34.9,45,309,51,6,Safe,0
2026-05-14 12:23:41,15,180,35.1,45,302,49,3,Safe,0
2026-05-14 12:23:41,15,182,34.8,46,298,50,3,Safe,0
2026-05-14 12:23:42,17,180,34.9,45,299,49,6,Safe,0
2026-05-14 12:23:42,16,216,35.1,47,302,50,5,Safe,0
2026-05-14 12:23:43,15,203,34.9,46,302,49,5,Safe,0
2026-05-14 12:23:43,16,182,35.1,47,305,51,4,Safe,0
2026-05-14 12:23:44,16,187,35.0,46,291,51,3,Safe,0
2026-05-14 12:23:44,16,182,35.0,47,309,50,6,Safe,0
2026-05-14 12:23:45,16,191,34.9,44,306,51,4,Safe,0
2026-05-14 12:23:45,15,219,35.2,43,295,50,6,Safe,0
2026-05-14 12:23:46,17,212,35.1,47,307,51,6,Safe,0
2026-05-14 12:23:46,16,216,34.8,44,303,50,5,Safe,0
2026-05-14 12:23:47,17,191,35.0,43,296,50,6,Safe,0
2026-05-14 12:23:47,15,190,35.0,43,308,50,3,Safe,0
2026-05-14 12:23:48,17,213,34.9,44,299,51,3,Safe,0
2026-05-14 12:23:48,15,217,34.8,45,290,50,5,Safe,0
2026-05-14 12:23:49,16,204,34.9,47,293,50,4,Safe,0
2026-05-14 12:23:49,16,204,35.0,45,294,51,3,Safe,0
2026-05-14 12:23:50,15,214,35.0,44,297,49,3,Safe,0
2026-05-14 12:23:50,15,209,34.8,44,300,49,3,Safe,0
2026-05-14 12:23:51,15,203,34.8,44,297,51,6,Safe,0
2026-05-14 12:23:51,17,199,35.1,45,302,50,6,Safe,0
2026-05-14 12:23:52,15,201,34.8,45,292,49,3,Safe,0
2026-05-14 12:23:52,16,212,35.0,43,296,49,7,Safe,0
2026-05-14 12:23:53,17,200,34.8,45,308,50,7,Safe,0
2026-05-14 12:23:53,16,214,35.2,44,302,50,4,Safe,0
2026-05-14 12:23:54,16,194,35.0,46,294,49,7,Safe,0
2026-05-14 12:23:54,16,218,34.8,45,301,50,7,Safe,0
2026-05-14 12:23:55,17,204,35.1,44,292,51,6,Safe,0
2026-05-14 12:23:55,15,197,35.1,47,294,51,3,Safe,0
2026-05-14 12:23:56,15,213,34.9,45,303,49,5,Safe,0
2026-05-14 12:23:57,16,211,35.1,44,291,49,5,Safe,0
2026-05-14 12:23:57,15,207,35.2,47,291,50,7,Safe,0
2026-05-14 12:23:58,16,198,35.2,47,291,50,6,Safe,0
2026-05-14 12:23:58,16,192,35.0,45,292,50,7,Safe,0
2026-05-14 12:23:59,16,182,34.9,43,290,50,4,Safe,0
2026-05-14 12:23:59,17,211,35.2,43,301,51,4,Safe,0
2026-05-14 12:24:00,16,216,35.0,44,298,50,5,Safe,0
2026-05-14 12:24:00,17,216,35.0,46,293,50,6,Safe,0
2026-05-14 12:24:01,15,206,34.9,45,301,50,6,Safe,0
2026-05-14 12:24:01,16,186,35.0,46,308,51,6,Safe,0
2026-05-14 12:24:02,15,193,34.9,44,299,49,5,Safe,0
2026-05-14 12:24:02,15,195,35.1,46,295,51,6,Safe,0
2026-05-14 12:24:03,15,206,35.0,46,295,51,7,Safe,0
2026-05-14 12:24:03,15,187,35.2,44,310,50,6,Safe,0
2026-05-14 12:24:04,17,208,35.2,44,307,50,6,Safe,0
2026-05-14 12:24:04,16,215,35.1,45,307,49,4,Safe,0
2026-05-14 12:24:05,17,212,35.0,45,300,49,3,Safe,0
2026-05-14 12:24:05,17,181,35.2,43,309,49,4,Safe,0
2026-05-14 12:24:06,15,194,35.2,45,294,49,6,Safe,0
2026-05-14 12:24:06,15,207,35.2,46,306,51,6,Safe,0
2026-05-14 12:24:07,15,205,34.9,44,294,50,7,Safe,0
2026-05-14 12:24:07,16,202,35.0,44,308,51,6,Safe,0
2026-05-14 12:24:08,15,210,35.0,43,300,49,5,Safe,0
2026-05-14 12:24:08,17,212,34.9,46,303,49,3,Safe,0
2026-05-14 12:24:09,16,184,35.1,45,298,49,6,Safe,0
2026-05-14 12:24:09,15,210,35.0,47,305,50,3,Safe,0
2026-05-14 12:24:10,16,202,34.8,45,300,51,3,Safe,0
2026-05-14 12:24:10,17,188,35.0,45,296,49,6,Safe,0
2026-05-14 12:24:11,16,206,35.1,47,300,49,5,Safe,0
2026-05-14 12:24:11,15,186,35.1,43,302,51,5,Safe,0
2026-05-14 12:24:12,17,182,35.0,47,306,50,4,Safe,0
2026-05-14 12:24:12,16,189,34.8,47,310,49,3,Safe,0
2026-05-14 12:24:13,15,219,35.2,46,296,49,7,Safe,0
2026-05-14 12:24:13,15,196,35.0,43,296,51,7,Safe,0
2026-05-14 12:24:14,16,211,35.0,43,307,51,4,Safe,0
2026-05-14 12:24:14,15,201,34.9,46,297,50,3,Safe,0
2026-05-14 12:24:15,16,208,34.8,47,302,50,6,Safe,0
2026-05-14 12:24:15,16,200,35.0,46,299,49,7,Safe,0
2026-05-14 12:24:16,15,214,35.0,46,301,50,6,Safe,0
2026-05-14 12:24:16,15,196,35.2,46,310,49,6,Safe,0
2026-05-14 12:24:17,15,216,34.9,45,303,49,5,Safe,0
2026-05-14 12:24:18,17,182,35.0,46,304,51,6,Safe,0
2026-05-14 12:24:18,17,184,35.1,46,307,50,4,Safe,0
2026-05-14 12:24:19,16,209,35.0,46,292,50,6,Safe,0
2026-05-14 12:24:19,17,215,35.0,46,308,50,5,Safe,0
2026-05-14 12:24:20,16,195,35.1,44,299,49,4,Safe,0
2026-05-14 12:24:20,15,219,35.1,47,307,51,3,Safe,0
2026-05-14 12:24:21,15,184,35.1,46,302,49,3,Safe,0
2026-05-14 12:24:21,15,210,35.2,44,307,50,3,Safe,0
2026-05-14 12:24:22,16,185,35.0,46,308,51,5,Safe,0
2026-05-14 12:24:22,16,185,35.2,45,304,51,3,Safe,0
2026-05-14 12:24:23,15,213,34.9,46,309,49,3,Safe,0
2026-05-14 12:24:23,16,185,35.1,47,304,50,4,Safe,0
2026-05-14 12:24:24,17,205,34.8,44,308,49,7,Safe,0
2026-05-14 12:24:24,17,192,35.2,47,308,49,3,Safe,0
2026-05-14 12:24:25,16,197,34.9,44,293,50,4,Safe,0
2026-05-14 12:24:25,15,185,34.8,45,302,51,5,Safe,0
2026-05-14 12:24:26,16,215,35.0,45,291,49,3,Safe,0
2026-05-14 12:24:26,17,215,35.1,47,298,50,4,Safe,0
2026-05-14 12:24:27,16,204,35.0,47,298,50,6,Safe,0
2026-05-14 12:24:27,15,204,34.9,45,308,49,5,Safe,0
2026-05-14 12:24:28,17,187,35.1,44,296,49,6,Safe,0
2026-05-14 12:24:28,15,198,34.8,43,298,50,7,Safe,0
2026-05-14 12:24:29,17,193,34.8,47,305,50,3,Safe,0
2026-05-14 12:24:29,15,202,35.0,47,306,49,5,Safe,0
2026-05-14 12:24:30,15,208,34.9,43,290,49,4,Safe,0
2026-05-14 12:24:30,15,188,35.0,45,292,49,5,Safe,0
2026-05-14 12:24:31,16,214,35.1,43,301,49,3,Safe,0
2026-05-14 12:24:31,16,196,35.1,43,292,50,7,Safe,0
2026-05-14 12:24:32,16,190,34.9,46,300,51,3,Safe,0
2026-05-14 12:24:32,15,191,35.1,43,291,49,3,Safe,0
2026-05-14 12:24:33,15,206,35.0,45,310,51,5,Safe,0
2026-05-14 12:24:33,15,191,35.1,46,293,50,7,Safe,0
2026-05-14 12:24:34,16,185,34.9,43,300,50,6,Safe,0
2026-05-14 12:24:34,17,200,34.8,47,296,49,4,Safe,0
2026-05-14 12:24:35,16,217,34.9,46,302,51,4,Safe,0
2026-05-14 12:24:35,17,199,34.9,47,298,49,3,Safe,0
2026-05-14 12:24:36,15,185,35.1,44,304,51,3,Safe,0
2026-05-14 12:24:36,15,220,35.1,44,300,49,7,Safe,0
2026-05-14 12:24:37,17,210,34.9,47,297,49,5,Safe,0
2026-05-14 12:24:37,15,195,34.8,43,310,51,7,Safe,0
2026-05-14 12:24:38,17,203,35.1,47,305,51,5,Safe,0
2026-05-14 12:24:38,17,188,34.8,43,298,49,3,Safe,0
2026-05-14 12:24:39,16,200,35.1,46,300,49,7,Safe,0
2026-05-14 12:24:39,15,193,35.0,45,298,51,3,Safe,0
2026-05-14 12:24:40,15,182,34.9,46,301,50,4,Safe,0
2026-05-14 12:24:40,15,195,35.1,43,296,51,4,Safe,0
2026-05-14 12:24:41,16,194,35.1,43,302,49,7,Safe,0
2026-05-14 12:24:42,17,197,34.8,43,294,49,7,Safe,0
2026-05-14 12:24:42,17,180,35.0,46,307,49,4,Safe,0
2026-05-14 12:24:43,15,210,34.9,46,292,50,7,Safe,0
2026-05-14 12:24:43,17,196,35.0,47,290,49,5,Safe,0
2026-05-14 12:24:44,16,220,35.2,46,302,49,7,Safe,0
2026-05-14 12:24:44,16,197,34.8,47,298,51,6,Safe,0
2026-05-14 12:24:45,16,215,35.1,47,290,50,7,Safe,0
2026-05-14 12:24:45,15,192,34.9,44,299,51,7,Safe,0
2026-05-14 12:24:46,16,184,35.0,46,290,49,4,Safe,0
2026-05-14 12:24:46,16,182,35.1,46,301,51,3,Safe,0
2026-05-14 12:24:47,16,196,35.0,45,298,51,4,Safe,0
2026-05-14 12:24:47,17,181,35.1,47,304,50,4,Safe,0
2026-05-14 12:24:48,15,184,34.9,44,308,49,6,Safe,0
2026-05-14 12:24:48,17,193,34.8,43,300,51,3,Safe,0
2026-05-14 12:24:49,17,206,35.0,45,293,49,3,Safe,0
2026-05-14 12:24:49,16,202,34.9,43,306,50,5,Safe,0
2026-05-14 12:24:50,15,188,34.8,45,310,50,7,Safe,0
2026-05-14 12:24:50,15,189,35.2,43,305,49,5,Safe,0
2026-05-14 12:24:51,16,197,34.9,43,306,50,5,Safe,0
2026-05-14 12:24:51,16,188,35.2,43,291,51,6,Safe,0
2026-05-14 12:24:52,17,189,35.0,45,298,51,4,Safe,0
2026-05-14 12:24:52,17,219,34.9,47,290,51,7,Safe,0
2026-05-14 12:24:53,15,212,35.0,45,305,50,4,Safe,0
2026-05-14 12:24:53,16,180,35.0,46,290,51,5,Safe,0
2026-05-14 12:24:54,16,185,35.2,44,308,51,5,Safe,0
2026-05-14 12:24:54,15,199,35.0,44,297,51,5,Safe,0
2026-05-14 12:24:55,15,187,34.9,47,304,49,7,Safe,0
2026-05-14 12:24:55,16,216,35.1,43,301,51,3,Safe,0
2026-05-14 12:24:56,17,217,35.0,44,296,50,6,Safe,0
2026-05-14 12:24:56,16,188,34.9,46,301,49,4,Safe,0
2026-05-14 12:24:57,17,211,35.1,44,305,51,5,Safe,0
2026-05-14 12:24:57,16,206,35.1,45,290,50,4,Safe,0
2026-05-14 12:24:58,16,198,35.1,43,294,50,7,Safe,0
2026-05-14 12:24:58,16,209,35.1,44,296,50,7,Safe,0
2026-05-14 12:24:59,17,180,35.0,47,305,51,3,Safe,0
2026-05-14 12:24:59,15,207,35.0,44,299,51,4,Safe,0
2026-05-14 12:25:00,17,201,34.9,43,297,51,6,Safe,0
2026-05-14 12:25:00,15,200,34.9,46,304,49,6,Safe,0
2026-05-14 12:25:01,16,208,35.1,46,305,49,4,Safe,0
2026-05-14 12:25:01,16,206,35.0,43,298,51,5,Safe,0
2026-05-14 12:25:02,15,196,34.9,43,307,50,6,Safe,0
2026-05-14 12:25:02,17,200,34.9,45,303,51,6,Safe,0
2026-05-14 12:25:03,17,217,35.0,44,310,51,6,Safe,0
2026-05-14 12:25:03,17,211,34.8,46,298,51,5,Safe,0
2026-05-14 12:25:04,16,214,34.8,46,294,51,3,Safe,0
2026-05-14 12:25:05,15,209,35.1,45,308,49,4,Safe,0
2026-05-14 12:25:05,17,211,35.2,46,293,51,4,Safe,0
2026-05-14 12:25:06,15,201,34.8,44,293,51,6,Safe,0
2026-05-14 12:25:06,15,203,34.9,43,304,50,5,Safe,0
2026-05-14 12:25:07,17,215,34.9,43,304,50,3,Safe,0
2026-05-14 12:25:07,15,217,35.0,44,309,51,6,Safe,0
2026-05-14 12:25:08,16,200,34.8,46,304,51,5,Safe,0
2026-05-14 12:25:08,17,218,34.8,47,291,49,4,Safe,0
2026-05-14 12:25:09,17,212,34.8,47,310,51,7,Safe,0
2026-05-14 12:25:09,16,184,35.1,43,302,51,5,Safe,0
2026-05-14 12:25:10,15,195,35.1,43,304,49,3,Safe,0
2026-05-14 12:25:10,16,208,34.8,46,297,50,6,Safe,0
2026-05-14 12:25:11,16,184,35.0,44,307,50,6,Safe,0
2026-05-14 12:25:11,16,187,35.2,46,296,49,7,Safe,0
2026-05-14 12:25:12,17,204,34.9,45,290,49,5,Safe,0
2026-05-14 12:25:12,15,217,35.1,46,298,51,4,Safe,0
2026-05-14 12:25:13,15,210,34.9,47,297,49,7,Safe,0
2026-05-14 12:25:13,16,191,34.8,45,300,50,4,Safe,0
2026-05-14 12:25:14,16,193,34.9,45,306,50,7,Safe,0
2026-05-14 12:25:14,17,211,34.8,45,310,50,6,Safe,0
2026-05-14 12:25:15,16,180,34.8,47,310,50,6,Safe,0
2026-05-14 12:25:15,15,181,35.0,43,298,49,4,Safe,0
2026-05-14 12:25:16,15,205,35.1,46,293,51,6,Safe,0
2026-05-14 12:25:16,17,197,35.0,44,305,51,6,Safe,0
2026-05-14 12:25:17,15,189,34.8,43,302,51,5,Safe,0
2026-05-14 12:25:17,17,189,35.1,44,307,49,4,Safe,0
2026-05-14 12:25:18,16,185,35.1,43,299,51,6,Safe,0
2026-05-14 12:25:18,15,204,35.0,43,306,50,3,Safe,0
2026-05-14 12:25:19,17,180,35.2,44,298,50,4,Safe,0
2026-05-14 12:25:19,16,184,34.9,46,309,50,4,Safe,0
2026-05-14 12:25:20,15,209,35.0,46,293,49,5,Safe,0
2026-05-14 12:25:20,15,213,35.2,47,308,51,7,Safe,0
2026-05-14 12:25:21,16,212,34.8,45,297,51,6,Safe,0
2026-05-14 12:25:21,16,189,34.9,46,310,49,4,Safe,0
2026-05-14 12:25:22,15,198,34.9,43,302,50,3,Safe,0
2026-05-14 12:25:22,15,220,34.8,47,301,50,5,Safe,0
2026-05-14 12:25:23,16,187,35.0,47,310,49,6,Safe,0
2026-05-14 12:25:24,15,181,35.0,47,307,50,3,Safe,0
2026-05-14 12:25:24,17,198,35.0,44,296,50,4,Safe,0
2026-05-14 12:25:25,16,195,35.0,45,308,49,7,Safe,0
2026-05-14 12:25:25,17,206,35.2,47,294,51,3,Safe,0
2026-05-14 12:25:26,16,190,35.1,44,291,49,7,Safe,0
2026-05-14 12:25:26,16,196,35.1,46,292,50,4,Safe,0
2026-05-14 12:25:27,15,192,34.9,44,301,51,6,Safe,0
2026-05-14 12:25:27,15,184,34.8,43,296,50,4,Safe,0
2026-05-14 12:25:28,17,183,34.9,44,306,50,6,Safe,0
2026-05-14 12:25:28,17,180,35.1,44,290,49,3,Safe,0
2026-05-14 12:25:29,15,191,34.9,44,294,51,5,Safe,0
2026-05-14 12:25:29,15,205,35.1,45,305,51,5,Safe,0
2026-05-14 12:25:30,16,212,35.0,43,307,50,7,Safe,0
2026-05-14 12:25:30,17,217,34.9,44,299,50,3,Safe,0
2026-05-14 12:25:31,17,199,35.0,43,294,51,5,Safe,0
2026-05-14 12:25:31,15,192,35.1,44,291,51,5,Safe,0
2026-05-14 12:25:32,16,215,34.8,47,308,51,6,Safe,0
2026-05-14 12:25:32,17,187,35.2,45,309,51,6,Safe,0
2026-05-14 12:25:33,15,207,35.2,43,303,51,6,Safe,0
2026-05-14 12:25:33,16,204,34.9,44,297,50,4,Safe,0
2026-05-14 12:25:34,15,215,34.9,46,301,51,7,Safe,0
2026-05-14 12:25:34,15,193,34.9,45,304,50,7,Safe,0
2026-05-14 12:25:35,15,180,34.9,47,296,50,6,Safe,0
2026-05-14 12:25:35,17,218,34.8,45,301,50,3,Safe,0
2026-05-14 12:25:36,15,205,34.9,46,290,49,3,Safe,0
2026-05-14 12:25:36,16,180,35.0,47,295,51,3,Safe,0
2026-05-14 12:25:37,15,199,35.1,43,300,49,7,Safe,0
2026-05-14 12:25:37,17,183,34.9,44,304,51,6,Safe,0
2026-05-14 12:25:38,17,185,34.8,44,300,50,7,Safe,0
2026-05-14 12:25:38,17,180,35.0,45,300,51,6,Safe,0
2026-05-14 12:25:39,15,215,35.1,43,306,51,7,Safe,0
2026-05-14 12:25:39,17,191,35.0,43,301,49,6,Safe,0
2026-05-14 12:25:40,16,191,35.0,44,303,49,7,Safe,0
2026-05-14 12:25:40,16,196,34.9,44,298,50,3,Safe,0
2026-05-14 12:25:41,16,189,34.8,46,310,51,3,Safe,0
2026-05-14 12:25:41,16,182,35.0,44,296,50,3,Safe,0
2026-05-14 12:25:42,17,192,35.0,44,290,50,4,Safe,0
2026-05-14 12:25:42,17,193,35.1,46,308,50,5,Safe,0
2026-05-14 12:25:43,15,185,35.2,46,290,51,7,Safe,0
2026-05-14 12:25:43,17,181,35.0,45,295,50,6,Safe,0
2026-05-14 12:25:44,16,219,34.8,44,307,51,4,Safe,0
2026-05-14 12:25:44,17,197,34.9,46,306,51,5,Safe,0
2026-05-14 12:25:45,16,207,34.9,47,297,50,7,Safe,0
2026-05-14 12:25:45,17,199,35.0,43,305,51,3,Safe,0
2026-05-14 12:25:46,17,219,34.9,47,301,51,5,Safe,0
2026-05-14 12:25:46,15,191,34.9,47,301,49,5,Safe,0
2026-05-14 12:25:47,16,212,35.0,47,309,50,6,Safe,0
2026-05-14 12:25:47,17,199,34.9,47,310,49,5,Safe,0
2026-05-14 12:25:48,15,213,34.8,45,296,51,6,Safe,0
2026-05-14 12:25:49,15,212,35.0,47,310,50,7,Safe,0
2026-05-14 12:25:49,17,191,35.1,43,300,51,6,Safe,0
2026-05-14 12:25:50,16,210,34.9,44,298,51,7,Safe,0
2026-05-14 12:25:50,17,214,35.0,47,302,51,7,Safe,0
2026-05-14 12:25:51,15,182,34.9,46,292,50,5,Safe,0
2026-05-14 12:25:51,17,210,35.1,45,306,49,3,Safe,0
2026-05-14 12:25:52,16,193,34.9,43,292,50,5,Safe,0
2026-05-14 12:25:52,16,196,35.0,46,307,50,6,Safe,0
2026-05-14 12:25:53,16,192,35.0,47,298,49,4,Safe,0
2026-05-14 12:25:53,15,185,34.9,43,306,50,7,Safe,0
2026-05-14 12:25:54,17,218,35.0,44,299,51,7,Safe,0
2026-05-14 12:25:54,15,216,34.9,43,308,51,6,Safe,0
2026-05-14 12:25:55,15,189,35.1,44,290,49,6,Safe,0
2026-05-14 12:25:55,16,208,34.8,44,310,49,7,Safe,0
2026-05-14 12:25:56,17,184,35.1,46,290,50,7,Safe,0
2026-05-14 12:25:56,17,206,35.2,46,310,51,3,Safe,0
2026-05-14 12:25:57,17,217,35.0,46,291,49,3,Safe,0
2026-05-14 12:25:57,15,190,34.8,47,304,51,7,Safe,0
2026-05-14 12:25:58,17,219,35.1,44,306,51,4,Safe,0
2026-05-14 12:25:58,16,203,34.9,47,304,49,5,Safe,0
2026-05-14 12:25:59,16,214,35.0,43,306,49,5,Safe,0
2026-05-14 12:25:59,16,217,35.1,46,310,50,7,Safe,0
2026-05-14 12:26:00,16,195,34.9,43,295,50,7,Safe,0
2026-05-14 12:26:00,15,186,35.1,45,291,49,6,Safe,0
2026-05-14 12:26:01,15,219,35.0,43,297,51,4,Safe,0
2026-05-14 12:26:01,15,209,35.1,46,301,51,4,Safe,0
2026-05-14 12:26:02,17,193,34.8,43,294,50,5,Safe,0
2026-05-14 12:26:02,17,201,34.9,45,307,49,4,Safe,0
2026-05-14 12:26:03,16,211,35.1,45,299,49,6,Safe,0
2026-05-14 12:26:03,16,219,35.2,43,300,51,4,Safe,0
2026-05-14 12:26:04,16,180,34.8,43,305,51,6,Safe,0
2026-05-14 12:26:04,17,216,35.0,45,310,49,5,Safe,0
2026-05-14 12:26:05,15,207,34.8,44,294,50,4,Safe,0
2026-05-14 12:26:05,16,206,34.9,45,295,50,5,Safe,0
2026-05-14 12:26:06,17,183,35.2,46,291,50,4,Safe,0
2026-05-14 12:26:06,17,187,35.2,45,298,51,6,Safe,0
2026-05-14 12:26:07,17,195,35.1,44,304,51,6,Safe,0
2026-05-14 12:26:07,17,183,35.1,43,294,49,3,Safe,0
2026-05-14 12:26:08,15,216,35.0,44,297,51,7,Safe,0
2026-05-14 12:26:08,16,202,35.2,45,295,51,3,Safe,0
2026-05-14 12:26:09,17,185,34.9,43,295,49,4,Safe,0
2026-05-14 12:26:09,16,188,34.9,46,291,51,4,Safe,0
2026-05-14 12:26:10,16,207,34.9,46,290,50,5,Safe,0
2026-05-14 12:26:10,16,203,34.9,45,291,50,7,Safe,0
2026-05-14 12:26:11,17,186,35.1,47,299,51,5,Safe,0
2026-05-14 12:26:11,16,202,35.0,47,297,51,6,Safe,0
2026-05-14 12:26:12,17,220,35.1,44,310,50,3,Safe,0
2026-05-14 12:26:12,16,196,35.0,43,298,49,4,Safe,0
2026-05-14 12:26:13,16,212,34.9,43,300,51,6,Safe,0
2026-05-14 12:26:14,17,181,34.9,45,295,51,4,Safe,0
2026-05-14 12:26:14,16,197,35.1,45,295,50,5,Safe,0
2026-05-14 12:26:15,15,212,35.0,45,306,49,5,Safe,0
2026-05-14 12:26:15,16,217,35.0,46,292,51,7,Safe,0
2026-05-14 12:26:16,15,184,35.1,43,297,51,3,Safe,0
2026-05-14 12:26:16,17,189,35.1,46,303,51,4,Safe,0
2026-05-14 12:26:17,17,182,35.2,43,300,49,3,Safe,0
2026-05-14 12:26:17,15,209,34.9,46,305,49,7,Safe,0
2026-05-14 12:26:18,15,198,34.9,43,301,49,5,Safe,0
2026-05-14 12:26:18,17,189,34.9,45,303,51,6,Safe,0
2026-05-14 12:26:19,16,218,35.1,45,297,50,3,Safe,0
2026-05-14 12:26:19,15,205,35.2,47,302,49,4,Safe,0
2026-05-14 12:26:20,15,220,35.1,45,298,51,5,Safe,0
2026-05-14 12:26:20,15,189,35.0,43,296,50,6,Safe,0
2026-05-14 12:26:21,15,206,35.0,45,302,50,3,Safe,0
2026-05-14 12:26:21,17,201,34.8,43,290,49,7,Safe,0
2026-05-14 12:26:22,15,195,35.0,44,295,50,6,Safe,0
2026-05-14 12:26:22,16,197,35.1,46,300,50,3,Safe,0
2026-05-14 12:26:23,17,184,35.1,45,307,50,7,Safe,0
2026-05-14 12:26:23,16,211,34.9,46,293,50,3,Safe,0
2026-05-14 12:26:24,16,187,34.9,46,305,50,6,Safe,0
2026-05-14 12:26:24,17,197,34.8,46,304,51,5,Safe,0
2026-05-14 12:26:25,16,183,35.0,43,295,49,6,Safe,0
2026-05-14 12:26:25,16,213,35.1,43,297,50,4,Safe,0
2026-05-14 12:26:26,17,192,35.1,43,291,50,3,Safe,0
2026-05-14 12:26:26,16,212,35.2,43,309,49,4,Safe,0
2026-05-14 12:26:27,17,219,35.0,43,305,49,6,Safe,0
2026-05-14 12:26:27,16,213,34.9,44,310,51,5,Safe,0
2026-05-14 12:26:28,16,220,35.1,43,301,49,5,Safe,0
2026-05-14 12:26:28,15,215,34.9,43,291,51,7,Safe,0
2026-05-14 12:26:29,16,182,35.1,45,305,51,7,Safe,0
2026-05-14 12:26:29,17,187,35.1,47,308,50,7,Safe,0
2026-05-14 12:26:30,16,220,34.8,43,290,49,4,Safe,0
2026-05-14 12:26:30,15,210,34.9,43,295,49,7,Safe,0
2026-05-14 12:26:31,16,216,35.2,45,298,51,7,Safe,0
2026-05-14 12:26:31,16,187,35.2,44,300,51,5,Safe,0
2026-05-14 12:26:32,15,207,34.9,46,296,49,6,Safe,0
2026-05-14 12:26:32,16,187,35.1,43,306,49,4,Safe,0
2026-05-14 12:26:33,15,206,35.1,45,297,49,7,Safe,0
2026-05-14 12:26:33,15,205,35.2,44,301,51,4,Safe,0
2026-05-14 12:26:34,16,195,35.1,44,309,50,7,Safe,0
2026-05-14 12:26:34,15,210,34.8,47,305,50,4,Safe,0
2026-05-14 12:26:35,15,196,35.0,47,298,50,3,Safe,0
2026-05-14 12:26:35,17,180,35.1,43,307,49,5,Safe,0
2026-05-14 12:26:36,17,203,35.0,45,293,49,3,Safe,0
2026-05-14 12:26:36,15,182,35.1,43,300,50,6,Safe,0
2026-05-14 12:26:37,15,182,35.0,44,304,49,7,Safe,0
2026-05-14 12:26:37,17,187,35.0,47,306,50,5,Safe,0
2026-05-14 12:26:38,16,193,35.1,44,293,51,4,Safe,0
2026-05-14 12:26:39,16,197,35.1,44,310,50,3,Safe,0
2026-05-14 12:26:39,17,204,35.1,46,299,51,3,Safe,0
2026-05-14 12:26:40,15,204,34.9,43,297,49,4,Safe,0
2026-05-14 12:26:40,17,217,34.9,45,296,51,4,Safe,0
2026-05-14 12:26:41,17,184,35.1,45,296,49,5,Safe,0
2026-05-14 12:26:41,15,198,35.2,46,303,50,4,Safe,0
2026-05-14 12:26:42,16,214,34.8,43,300,49,6,Safe,0
2026-05-14 12:26:42,16,218,35.2,43,294,50,6,Safe,0
2026-05-14 12:26:43,16,214,35.0,43,309,51,3,Safe,0
2026-05-14 12:26:43,17,219,34.9,44,307,50,4,Safe,0
2026-05-14 12:26:44,16,216,34.9,47,296,49,7,Safe,0
2026-05-14 12:26:44,15,181,34.8,47,295,49,7,Safe,0
2026-05-14 12:26:45,17,209,35.0,44,309,50,7,Safe,0
2026-05-14 12:26:45,16,202,35.1,46,310,49,6,Safe,0
2026-05-14 12:26:46,15,199,35.1,45,294,49,7,Safe,0
2026-05-14 12:26:46,16,209,34.8,43,302,49,7,Safe,0
2026-05-14 12:26:47,17,197,34.8,45,303,50,5,Safe,0
2026-05-14 12:26:47,15,205,35.1,43,307,49,3,Safe,0
2026-05-14 12:26:48,15,196,35.2,46,305,49,3,Safe,0
2026-05-14 12:26:48,16,192,34.9,46,306,49,4,Safe,0
2026-05-14 12:26:49,16,183,34.9,46,306,50,7,Safe,0
2026-05-14 12:26:49,15,202,35.1,44,305,49,4,Safe,0
2026-05-14 12:26:50,16,186,35.1,44,290,50,7,Safe,0
2026-05-14 12:26:50,15,184,35.0,46,301,50,6,Safe,0
2026-05-14 12:26:51,17,212,35.0,47,295,51,6,Safe,0
2026-05-14 12:26:51,16,200,35.0,45,292,50,7,Safe,0
2026-05-14 12:26:52,17,186,35.0,46,297,50,6,Safe,0
2026-05-14 12:26:52,15,216,34.9,45,301,49,3,Safe,0
2026-05-14 12:26:53,16,200,34.9,45,306,49,4,Safe,0
2026-05-14 12:26:53,17,189,35.1,45,302,50,3,Safe,0
2026-05-14 12:26:54,17,210,35.0,46,295,49,7,Safe,0
2026-05-14 12:26:54,16,196,35.1,47,301,51,6,Safe,0
2026-05-14 12:26:55,16,211,35.2,43,300,50,5,Safe,0
2026-05-14 12:26:55,16,212,35.1,43,303,49,7,Safe,0
2026-05-14 12:26:56,15,189,34.8,46,299,51,3,Safe,0
2026-05-14 12:26:56,16,204,35.2,47,296,49,3,Safe,0
2026-05-14 12:26:57,16,218,35.0,44,304,49,5,Safe,0
2026-05-14 12:26:57,15,182,35.1,45,296,51,7,Safe,0
2026-05-14 12:26:58,17,185,34.8,47,307,50,4,Safe,0
2026-05-14 12:26:58,17,184,35.1,43,301,51,4,Safe,0
2026-05-14 12:26:59,16,203,34.9,46,292,50,3,Safe,0
2026-05-14 12:26:59,15,187,34.8,43,309,49,3,Safe,0
2026-05-14 12:27:00,15,186,35.1,46,301,51,4,Safe,0
2026-05-14 12:27:00,16,199,35.0,43,293,51,6,Safe,0
2026-05-14 12:27:01,17,218,35.0,44,302,49,6,Safe,0
2026-05-14 12:27:01,15,199,34.9,47,304,50,5,Safe,0
2026-05-14 12:27:02,15,198,35.1,44,302,50,6,Safe,0
2026-05-14 12:27:02,16,218,35.0,47,299,49,7,Safe,0
2026-05-14 12:27:03,17,199,35.1,46,291,49,3,Safe,0
2026-05-14 12:27:03,15,200,34.8,43,309,50,4,Safe,0
2026-05-14 12:27:04,17,188,35.1,46,306,51,3,Safe,0
2026-05-14 12:27:05,15,184,34.9,46,298,49,6,Safe,0
2026-05-14 12:27:05,15,188,35.2,44,296,49,6,Safe,0
2026-05-14 12:27:06,17,198,34.9,43,296,51,6,Safe,0
2026-05-14 12:27:06,15,191,34.9,45,310,51,3,Safe,0
2026-05-14 12:27:07,17,202,34.8,45,307,50,5,Safe,0
2026-05-14 12:27:07,17,189,35.1,47,303,49,6,Safe,0
2026-05-14 12:27:08,16,213,35.1,44,302,51,5,Safe,0
2026-05-14 12:27:08,15,215,35.1,44,298,50,3,Safe,0
2026-05-14 12:27:09,16,180,35.0,44,298,51,4,Safe,0
2026-05-14 12:27:09,16,194,35.2,46,294,49,4,Safe,0
2026-05-14 12:27:10,16,200,34.9,46,301,51,4,Safe,0
2026-05-14 12:27:10,16,191,35.0,47,297,50,5,Safe,0
2026-05-14 12:27:11,15,185,34.8,47,295,49,3,Safe,0
2026-05-14 12:27:11,15,212,34.9,45,302,49,4,Safe,0
2026-05-14 12:27:12,16,184,35.1,46,300,50,5,Safe,0
2026-05-14 12:27:12,15,210,34.9,43,301,49,6,Safe,0
2026-05-14 12:27:13,15,183,35.1,43,292,49,3,Safe,0
2026-05-14 12:27:13,17,205,34.9,43,304,49,7,Safe,0
2026-05-14 12:27:14,17,220,34.9,46,292,51,6,Safe,0
2026-05-14 12:27:14,16,206,34.9,43,291,50,6,Safe,0
2026-05-14 12:27:15,15,196,34.9,43,309,49,7,Safe,0
2026-05-14 12:27:15,16,198,35.0,46,307,49,6,Safe,0
2026-05-14 12:27:16,16,183,35.0,46,306,51,6,Safe,0
2026-05-14 12:27:16,15,186,34.8,44,305,51,3,Safe,0
2026-05-14 12:27:17,15,189,35.1,47,296,50,3,Safe,0
2026-05-14 12:27:17,17,195,34.9,46,303,51,7,Safe,0
2026-05-14 12:27:18,17,213,35.1,46,299,50,3,Safe,0
2026-05-14 12:27:18,17,198,35.0,47,298,50,4,Safe,0
2026-05-14 12:27:19,15,192,35.1,44,308,51,4,Safe,0
2026-05-14 12:27:19,15,204,35.2,43,307,50,6,Safe,0
2026-05-14 12:27:20,16,207,34.9,47,305,51,5,Safe,0
2026-05-14 12:27:20,16,216,35.2,46,294,49,7,Safe,0
2026-05-14 12:27:21,17,219,35.1,47,302,49,3,Safe,0
2026-05-14 12:27:21,17,202,34.9,44,298,50,4,Safe,0
2026-05-14 12:27:22,16,186,35.0,47,300,49,3,Safe,0
2026-05-14 12:27:22,16,208,34.9,45,309,49,3,Safe,0
2026-05-14 12:27:23,16,192,34.8,43,303,49,4,Safe,0
2026-05-14 12:27:23,16,183,34.9,45,303,51,7,Safe,0
2026-05-14 12:27:24,15,198,35.1,47,309,50,5,Safe,0
2026-05-14 12:27:24,17,195,35.1,45,290,50,6,Safe,0
2026-05-14 12:27:25,16,191,35.0,44,298,50,5,Safe,0
2026-05-14 12:27:25,16,202,35.0,44,308,49,4,Safe,0
2026-05-14 12:27:26,17,181,35.2,47,297,51,5,Safe,0
2026-05-14 12:27:26,15,193,34.9,46,290,49,4,Safe,0
2026-05-14 12:27:27,17,213,35.1,46,293,49,4,Safe,0
2026-05-14 12:27:27,16,185,35.1,44,306,50,3,Safe,0
2026-05-14 12:27:28,15,186,34.8,46,291,51,6,Safe,0
2026-05-14 12:27:28,17,190,35.2,46,301,50,4,Safe,0
2026-05-14 12:27:29,16,194,34.8,47,296,49,5,Safe,0
2026-05-14 12:27:29,16,198,34.9,45,298,49,6,Safe,0
2026-05-14 12:27:30,17,188,35.0,45,309,51,3,Safe,0
2026-05-14 12:27:30,15,201,35.1,47,298,50,6,Safe,0
2026-05-14 12:27:31,16,218,34.8,44,302,49,7,Safe,0
2026-05-14 12:27:31,17,190,34.9,45,294,51,5,Safe,0
2026-05-14 12:27:32,16,188,35.1,46,291,49,7,Safe,0
2026-05-14 12:27:33,16,194,35.1,43,301,50,6,Safe,0
2026-05-14 12:27:33,15,200,35.2,45,298,50,3,Safe,0
2026-05-14 12:27:34,16,201,35.1,43,309,49,4,Safe,0
2026-05-14 12:27:34,15,209,35.1,43,297,50,3,Safe,0
2026-05-14 12:27:35,16,219,34.9,44,305,50,6,Safe,0
2026-05-14 12:27:35,17,208,35.2,45,295,50,3,Safe,0
2026-05-14 12:27:36,15,183,34.9,47,297,49,7,Safe,0
2026-05-14 12:27:36,16,205,34.9,46,301,51,6,Safe,0
2026-05-14 12:27:37,17,214,34.9,46,299,51,3,Safe,0
2026-05-14 12:27:37,15,185,34.9,45,308,49,5,Safe,0
2026-05-14 12:27:38,17,197,35.1,46,291,50,4,Safe,0
2026-05-14 12:27:38,17,198,35.1,43,300,49,4,Safe,0
2026-05-14 12:27:39,16,192,34.9,46,299,51,7,Safe,0
2026-05-14 12:27:39,16,190,34.9,46,310,50,5,Safe,0
2026-05-14 12:27:40,15,195,35.0,47,310,49,7,Safe,0
2026-05-14 12:27:40,17,189,34.9,44,306,50,5,Safe,0
2026-05-14 12:27:41,16,208,35.1,45,296,51,4,Safe,0
2026-05-14 12:27:41,15,183,34.9,46,303,49,7,Safe,0
2026-05-14 12:27:42,17,193,35.0,43,301,49,5,Safe,0
2026-05-14 12:27:42,16,219,35.1,43,290,51,6,Safe,0
2026-05-14 12:27:43,15,203,34.9,45,308,49,7,Safe,0
2026-05-14 12:27:43,17,218,35.1,46,290,49,6,Safe,0
2026-05-14 12:27:44,17,200,35.1,45,301,50,3,Safe,0
2026-05-14 12:27:44,15,196,35.0,46,294,49,4,Safe,0
2026-05-14 12:27:45,17,197,35.1,45,301,50,3,Safe,0
2026-05-14 12:27:45,17,200,35.1,45,290,51,7,Safe,0
2026-05-14 12:27:46,15,180,35.1,46,300,50,7,Safe,0
2026-05-14 12:27:46,15,189,35.0,43,292,51,6,Safe,0
2026-05-14 12:27:47,15,182,34.8,46,305,50,6,Safe,0
2026-05-14 12:27:47,16,218,34.8,43,301,49,5,Safe,0
2026-05-14 12:27:48,16,189,35.2,47,301,49,4,Safe,0
2026-05-14 12:27:48,17,210,34.9,44,291,51,6,Safe,0
2026-05-14 12:27:49,16,186,35.0,46,295,49,7,Safe,0
2026-05-14 12:27:49,15,204,34.8,47,305,50,7,Safe,0
2026-05-14 12:27:50,15,206,34.9,46,303,51,4,Safe,0
2026-05-14 12:27:50,15,190,35.1,47,297,49,4,Safe,0
2026-05-14 12:27:51,16,202,34.9,46,296,49,4,Safe,0
2026-05-14 12:27:51,16,198,35.1,44,308,50,6,Safe,0
2026-05-14 12:27:52,15,193,35.1,46,307,50,6,Safe,0
2026-05-14 12:27:52,17,216,34.9,44,300,51,6,Safe,0
2026-05-14 12:27:53,16,219,35.1,47,301,49,7,Safe,0
2026-05-14 12:27:53,16,195,34.9,45,303,50,4,Safe,0
2026-05-14 12:27:54,15,193,34.9,45,299,51,6,Safe,0
2026-05-14 12:27:54,17,219,34.9,45,296,49,4,Safe,0
2026-05-14 12:27:55,17,214,34.9,45,305,49,3,Safe,0
2026-05-14 12:27:55,15,184,35.2,46,291,49,3,Safe,0
2026-05-14 12:27:56,17,188,34.8,43,297,49,5,Safe,0
2026-05-14 12:27:56,16,181,34.8,43,306,51,5,Safe,0
2026-05-14 12:27:57,17,180,35.2,45,303,51,4,Safe,0
2026-05-14 12:27:57,15,207,35.0,47,296,51,4,Safe,0
2026-05-14 12:27:58,17,191,35.1,43,296,49,7,Safe,0
2026-05-14 12:27:58,16,182,35.1,47,305,50,5,Safe,0
2026-05-14 12:27:59,17,181,34.8,44,290,51,6,Safe,0
2026-05-14 12:27:59,16,188,35.0,47,296,50,5,Safe,0
2026-05-14 12:28:00,15,180,35.1,46,306,51,3,Safe,0
2026-05-14 12:28:00,16,200,35.0,46,305,49,7,Safe,0
2026-05-14 12:28:01,16,207,34.9,47,305,49,5,Safe,0
2026-05-14 12:28:02,17,187,35.2,46,296,49,3,Safe,0
2026-05-14 12:28:02,17,205,34.9,45,307,51,6,Safe,0
2026-05-14 12:28:03,17,217,35.2,45,294,50,5,Safe,0
2026-05-14 12:28:03,16,197,35.2,44,293,50,7,Safe,0
2026-05-14 12:28:04,17,194,35.1,45,295,49,3,Safe,0
2026-05-14 12:28:04,15,199,34.9,43,302,51,3,Safe,0
2026-05-14 12:28:05,15,203,34.8,45,306,49,5,Safe,0
2026-05-14 12:28:05,15,198,35.2,46,304,49,5,Safe,0
2026-05-14 12:28:06,17,209,34.9,46,295,51,5,Safe,0
2026-05-14 12:28:06,17,181,35.1,46,293,50,5,Safe,0
2026-05-14 12:28:07,15,189,35.1,45,309,50,6,Safe,0
2026-05-14 12:28:07,17,187,34.9,44,294,50,5,Safe,0
2026-05-14 12:28:08,16,209,34.9,46,292,51,7,Safe,0
2026-05-14 12:28:08,17,213,35.1,44,299,49,7,Safe,0
2026-05-14 12:28:09,16,194,35.1,45,308,49,7,Safe,0
2026-05-14 12:28:09,17,210,35.0,46,301,51,3,Safe,0
2026-05-14 12:28:10,15,192,34.9,47,291,49,5,Safe,0
2026-05-14 12:28:10,16,215,35.0,45,304,50,6,Safe,0
2026-05-14 12:28:11,15,186,35.1,43,296,51,6,Safe,0
2026-05-14 12:28:11,17,194,35.0,46,290,51,3,Safe,0
2026-05-14 12:28:12,16,183,35.1,43,309,50,4,Safe,0
2026-05-14 12:28:12,16,189,34.9,47,306,49,4,Safe,0
2026-05-14 12:28:13,15,195,34.8,45,294,50,4,Safe,0
2026-05-14 12:28:13,15,192,35.2,47,295,50,5,Safe,0
2026-05-14 12:28:14,15,184,35.1,44,308,49,4,Safe,0
2026-05-14 12:28:14,16,181,34.8,46,296,50,7,Safe,0
2026-05-14 12:28:15,16,215,35.0,46,300,51,4,Safe,0
2026-05-14 12:28:15,17,212,35.0,47,301,49,5,Safe,0
2026-05-14 12:28:16,15,203,35.0,43,299,50,7,Safe,0
2026-05-14 12:28:16,16,219,35.0,45,299,50,6,Safe,0
2026-05-14 12:28:17,17,197,35.1,44,298,51,7,Safe,0
2026-05-14 12:28:17,15,196,35.0,46,298,51,4,Safe,0
2026-05-14 12:28:18,15,217,35.0,43,298,50,3,Safe,0
2026-05-14 12:28:18,16,203,35.1,44,297,50,6,Safe,0
2026-05-14 12:28:19,16,220,35.0,44,297,50,7,Safe,0
2026-05-14 12:28:19,16,196,35.0,46,308,49,7,Safe,0
2026-05-14 12:28:20,16,216,35.0,44,299,50,7,Safe,0
2026-05-14 12:28:20,17,213,35.0,43,302,50,7,Safe,0
2026-05-14 12:28:21,15,183,34.8,43,300,51,5,Safe,0
2026-05-14 12:28:21,17,189,34.8,47,290,49,6,Safe,0
2026-05-14 12:28:22,16,191,35.0,44,304,51,3,Safe,0
2026-05-14 12:28:22,17,213,35.1,47,295,51,7,Safe,0
2026-05-14 12:28:23,16,186,34.8,47,302,51,4,Safe,0
2026-05-14 12:28:23,16,189,34.8,43,305,49,6,Safe,0
2026-05-14 12:28:24,17,180,35.0,47,309,49,7,Safe,0
2026-05-14 12:28:24,16,201,35.0,44,307,50,6,Safe,0
2026-05-14 12:28:25,15,208,34.8,45,303,50,6,Safe,0
2026-05-14 12:28:25,16,202,34.9,44,304,49,4,Safe,0
2026-05-14 12:28:26,15,184,34.9,46,300,50,3,Safe,0
2026-05-14 12:28:27,16,200,35.0,44,297,51,5,Safe,0
2026-05-14 12:28:27,16,199,34.8,43,294,49,7,Safe,0
2026-05-14 12:28:28,15,215,35.1,47,303,50,4,Safe,0
2026-05-14 12:28:28,16,201,35.1,45,307,50,5,Safe,0
2026-05-14 12:28:29,17,214,34.9,45,302,51,5,Safe,0
2026-05-14 12:28:29,15,219,34.9,43,304,51,7,Safe,0
2026-05-14 12:28:30,15,180,35.1,46,306,50,6,Safe,0
2026-05-14 12:28:30,17,197,35.2,44,303,50,6,Safe,0
2026-05-14 12:28:31,17,206,34.9,46,291,51,6,Safe,0
2026-05-14 12:28:31,15,197,35.2,43,306,49,4,Safe,0
2026-05-14 12:28:32,17,203,35.1,43,301,51,7,Safe,0
2026-05-14 12:28:32,15,195,35.0,44,304,51,3,Safe,0
2026-05-14 12:28:33,16,218,34.8,47,292,50,3,Safe,0
2026-05-14 12:28:33,17,183,35.0,43,308,51,3,Safe,0
2026-05-14 12:28:34,15,204,35.0,46,290,49,6,Safe,0
2026-05-14 12:28:34,16,211,34.9,47,306,49,3,Safe,0
2026-05-14 12:28:35,17,184,35.0,43,295,51,4,Safe,0
2026-05-14 12:28:35,15,207,35.1,45,307,50,3,Safe,0
2026-05-14 12:28:36,15,211,34.9,44,297,51,5,Safe,0
2026-05-14 12:28:36,17,212,34.8,44,297,51,3,Safe,0
2026-05-14 12:28:37,16,203,35.0,47,302,49,5,Safe,0
2026-05-14 12:28:37,16,203,34.9,44,310,49,5,Safe,0
2026-05-14 12:28:38,16,212,35.2,43,294,51,3,Safe,0
2026-05-14 12:28:38,17,200,34.9,47,305,49,7,Safe,0
2026-05-14 12:28:39,16,186,34.9,45,304,49,7,Safe,0
2026-05-14 12:28:39,15,217,34.9,46,299,50,3,Safe,0
2026-05-14 12:28:40,17,187,35.0,43,292,49,6,Safe,0
2026-05-14 12:28:40,15,218,35.1,43,298,51,3,Safe,0
2026-05-14 12:28:41,16,190,35.1,45,297,50,4,Safe,0
2026-05-14 12:28:41,15,195,35.2,44,290,49,3,Safe,0
2026-05-14 12:28:42,17,217,35.2,47,290,49,4,Safe,0
2026-05-14 12:28:42,16,203,34.9,47,301,50,4,Safe,0
2026-05-14 12:28:43,17,202,34.9,44,308,50,6,Safe,0
2026-05-14 12:28:44,15,219,35.1,44,293,49,4,Safe,0
2026-05-14 12:28:44,17,204,35.1,46,298,50,3,Safe,0
2026-05-14 12:28:45,16,220,34.9,44,306,51,3,Safe,0
2026-05-14 12:28:45,15,205,35.2,47,295,51,6,Safe,0
2026-05-14 12:28:46,17,212,34.9,45,309,49,6,Safe,0
2026-05-14 12:28:46,16,201,34.8,46,294,50,6,Safe,0
2026-05-14 12:28:47,15,205,35.1,44,294,50,4,Safe,0
2026-05-14 12:28:47,17,182,34.9,44,310,51,4,Safe,0
2026-05-14 12:28:48,17,213,34.9,43,307,51,5,Safe,0
2026-05-14 12:28:48,17,201,34.8,47,291,50,4,Safe,0
2026-05-14 12:28:49,17,214,35.0,46,306,51,4,Safe,0
2026-05-14 12:28:49,17,187,35.0,47,290,49,4,Safe,0
2026-05-14 12:28:50,16,206,35.1,44,299,49,5,Safe,0
2026-05-14 12:28:50,16,214,35.0,47,302,50,5,Safe,0
2026-05-14 12:28:51,16,202,35.0,45,302,49,4,Safe,0
2026-05-14 12:28:51,17,202,35.0,47,297,50,7,Safe,0
2026-05-14 12:28:52,15,195,35.0,45,305,49,7,Safe,0
2026-05-14 12:28:52,16,192,34.9,46,303,50,5,Safe,0
2026-05-14 12:28:53,15,185,35.0,45,310,49,3,Safe,0
2026-05-14 12:28:53,17,193,35.1,46,295,51,5,Safe,0
2026-05-14 12:28:54,17,195,35.0,47,303,50,6,Safe,0
2026-05-14 12:28:54,16,212,34.9,47,297,51,7,Safe,0
2026-05-14 12:28:55,15,216,35.0,47,306,49,3,Safe,0
2026-05-14 12:28:55,16,195,34.9,44,295,50,3,Safe,0
2026-05-14 12:28:56,17,215,34.9,44,297,49,4,Safe,0
2026-05-14 12:28:56,15,190,35.0,47,301,51,6,Safe,0
2026-05-14 12:28:57,16,187,35.0,47,297,49,7,Safe,0
2026-05-14 12:28:57,17,200,35.1,47,306,50,4,Safe,0
2026-05-14 12:28:58,16,204,35.1,45,294,49,5,Safe,0
2026-05-14 12:28:58,17,192,35.1,45,298,50,6,Safe,0
2026-05-14 12:28:59,15,189,35.1,46,298,51,3,Safe,0
2026-05-14 12:28:59,17,188,35.2,46,302,49,3,Safe,0
2026-05-14 12:29:00,15,201,34.8,47,305,51,5,Safe,0
2026-05-14 12:29:00,17,211,35.1,43,297,51,5,Safe,0
2026-05-14 12:29:01,17,205,35.1,45,297,50,4,Safe,0
2026-05-14 12:29:01,16,210,34.9,47,307,50,3,Safe,0
2026-05-14 12:29:02,16,180,35.2,45,297,49,7,Safe,0
2026-05-14 12:29:02,15,181,34.9,43,298,50,6,Safe,0
2026-05-14 12:29:03,16,201,35.1,43,303,50,5,Safe,0
2026-05-14 12:29:03,15,188,34.9,47,302,49,4,Safe,0
2026-05-14 12:29:04,15,191,35.0,43,292,50,6,Safe,0
2026-05-14 12:29:04,17,207,35.1,46,292,51,7,Safe,0
2026-05-14 12:29:05,17,208,35.0,45,300,49,3,Safe,0
2026-05-14 12:29:05,17,180,35.0,46,302,49,7,Safe,0
2026-05-14 12:29:06,15,212,35.1,44,307,49,5,Safe,0
2026-05-14 12:29:06,17,193,34.8,43,302,50,4,Safe,0
2026-05-14 12:29:07,15,208,35.1,46,300,50,3,Safe,0
2026-05-14 12:29:07,17,214,34.8,45,298,51,6,Safe,0
2026-05-14 12:29:08,16,219,34.9,44,299,51,6,Safe,0
2026-05-14 12:29:08,17,186,34.9,47,309,49,3,Safe,0
2026-05-14 12:29:09,17,220,35.1,46,296,50,5,Safe,0
2026-05-14 12:29:09,15,197,35.0,43,307,51,4,Safe,0
2026-05-14 12:29:10,17,216,34.9,46,294,49,5,Safe,0
2026-05-14 12:29:10,15,194,35.2,46,291,50,6,Safe,0
2026-05-14 12:29:11,17,209,35.1,47,306,51,3,Safe,0
2026-05-14 12:29:11,17,186,35.2,43,308,49,6,Safe,0
2026-05-14 12:29:12,16,190,35.2,47,296,50,7,Safe,0
2026-05-14 12:29:12,17,217,35.0,45,299,49,3,Safe,0
2026-05-14 12:29:13,17,209,35.1,46,299,51,4,Safe,0
2026-05-14 12:29:13,17,194,35.1,47,295,50,6,Safe,0
2026-05-14 12:29:14,17,218,35.0,46,296,51,6,Safe,0
2026-05-14 12:29:14,15,196,35.1,44,294,49,6,Safe,0
2026-05-14 12:29:15,15,190,35.1,46,307,49,4,Safe,0
2026-05-14 12:29:16,16,216,34.9,43,309,49,3,Safe,0
2026-05-14 12:29:16,16,184,35.0,44,292,51,3,Safe,0
2026-05-14 12:29:17,15,193,35.1,47,300,49,3,Safe,0
2026-05-14 12:29:17,16,220,35.1,45,304,49,4,Safe,0
2026-05-14 12:29:18,16,183,34.9,47,304,51,5,Safe,0
2026-05-14 12:29:18,16,181,35.0,47,295,51,4,Safe,0
2026-05-14 12:29:19,17,198,35.1,46,290,49,4,Safe,0
2026-05-14 12:29:19,16,184,35.0,45,302,50,4,Safe,0
2026-05-14 12:29:20,15,186,35.2,45,297,51,4,Safe,0
2026-05-14 12:29:20,16,182,34.9,47,300,50,3,Safe,0
2026-05-14 12:29:21,16,204,34.8,44,307,51,4,Safe,0
2026-05-14 12:29:21,17,205,35.2,46,308,49,4,Safe,0
2026-05-14 12:29:22,17,219,35.0,44,303,51,5,Safe,0
2026-05-14 12:29:22,15,184,35.0,43,293,49,6,Safe,0
2026-05-14 12:29:23,15,189,35.2,46,301,51,6,Safe,0
2026-05-14 12:29:23,17,200,34.9,45,301,51,4,Safe,0
2026-05-14 12:29:24,17,211,34.8,45,308,50,4,Safe,0
2026-05-14 12:29:24,15,209,35.2,45,301,51,4,Safe,0
2026-05-14 12:29:25,16,187,35.1,44,302,49,7,Safe,0
2026-05-14 12:29:25,17,198,35.0,45,297,49,6,Safe,0
2026-05-14 12:29:26,15,198,35.0,43,307,50,3,Safe,0
2026-05-14 12:29:26,15,191,34.8,45,310,51,4,Safe,0
2026-05-14 12:29:27,16,219,34.8,44,301,51,6,Safe,0
2026-05-14 12:29:27,15,207,34.9,44,309,50,3,Safe,0
2026-05-14 12:29:28,16,182,35.1,45,293,50,6,Safe,0
2026-05-14 12:29:28,15,204,34.9,45,295,51,7,Safe,0
2026-05-14 12:29:29,17,181,35.0,45,306,51,5,Safe,0
2026-05-14 12:29:29,16,215,35.2,44,307,51,4,Safe,0
2026-05-14 12:29:30,16,187,35.2,46,296,51,7,Safe,0
2026-05-14 12:29:30,17,180,35.1,46,292,49,4,Safe,0
2026-05-14 12:29:31,16,208,35.0,43,296,51,3,Safe,0
2026-05-14 12:29:31,15,217,35.2,47,301,51,3,Safe,0
2026-05-14 12:29:32,16,205,35.0,43,296,51,3,Safe,0
2026-05-14 12:29:32,16,196,35.1,43,297,50,5,Safe,0
2026-05-14 12:29:33,17,200,35.1,43,309,49,6,Safe,0
2026-05-14 12:29:33,17,195,35.0,44,301,51,5,Safe,0
2026-05-14 12:29:34,15,219,35.0,43,305,49,3,Safe,0
2026-05-14 12:29:34,15,208,35.2,43,308,50,5,Safe,0
2026-05-14 12:29:35,17,198,35.0,43,290,51,4,Safe,0
2026-05-14 12:29:35,17,206,35.1,45,295,50,6,Safe,0
2026-05-14 12:29:36,16,188,35.0,47,310,51,6,Safe,0
2026-05-14 12:29:36,15,202,34.8,46,309,51,6,Safe,0
2026-05-14 12:29:37,17,187,35.0,47,300,50,5,Safe,0
2026-05-14 12:29:37,15,217,35.0,45,293,51,6,Safe,0
2026-05-14 12:29:38,15,203,35.0,43,291,50,4,Safe,0
2026-05-14 12:29:38,16,213,35.0,44,306,50,6,Safe,0
2026-05-14 12:29:39,17,215,35.1,44,307,49,7,Safe,0
2026-05-14 12:29:39,16,192,34.9,45,308,49,3,Safe,0
2026-05-14 12:29:40,17,187,35.0,47,302,49,7,Safe,0
2026-05-14 12:29:41,17,212,34.9,47,296,49,6,Safe,0
2026-05-14 12:29:41,15,184,35.1,43,301,50,5,Safe,0
2026-05-14 12:29:42,16,191,35.1,46,296,50,5,Safe,0
2026-05-14 12:29:42,17,204,35.0,43,305,49,6,Safe,0
2026-05-14 12:29:43,17,204,35.1,43,301,51,5,Safe,0
2026-05-14 12:29:43,17,205,35.2,46,303,49,4,Safe,0
2026-05-14 12:29:44,15,180,34.9,45,296,49,3,Safe,0
2026-05-14 12:29:44,16,210,34.9,46,309,51,7,Safe,0
2026-05-14 12:29:45,15,192,35.1,45,295,51,7,Safe,0
2026-05-14 12:29:45,17,198,35.0,47,301,50,5,Safe,0
2026-05-14 12:29:46,16,215,35.0,43,308,49,3,Safe,0
2026-05-14 12:29:46,17,187,34.9,44,302,49,5,Safe,0
2026-05-14 12:29:47,15,217,35.2,45,303,49,6,Safe,0
2026-05-14 12:29:47,16,180,35.0,45,309,50,6,Safe,0
2026-05-14 12:29:48,15,207,34.9,44,292,50,5,Safe,0
2026-05-14 12:29:48,15,184,35.1,45,307,50,7,Safe,0
2026-05-14 12:29:49,16,196,35.0,43,297,49,5,Safe,0
2026-05-14 12:29:49,17,195,35.0,46,309,50,7,Safe,0
2026-05-14 12:29:50,16,189,34.9,43,310,51,4,Safe,0
2026-05-14 12:29:50,16,195,35.1,46,309,50,7,Safe,0
2026-05-14 12:29:51,17,185,35.1,43,298,49,4,Safe,0
2026-05-14 12:29:51,16,189,34.9,46,308,49,5,Safe,0
2026-05-14 12:29:52,17,182,35.0,43,305,50,6,Safe,0
2026-05-14 12:29:52,17,210,35.0,46,306,49,4,Safe,0
2026-05-14 12:29:53,17,204,34.9,44,300,49,4,Safe,0
2026-05-14 12:29:53,17,200,34.9,47,292,51,3,Safe,0
2026-05-14 12:29:54,15,185,35.1,44,304,49,6,Safe,0
2026-05-14 12:29:54,16,191,34.9,46,301,50,3,Safe,0
2026-05-14 12:29:55,17,203,35.0,44,292,51,6,Safe,0
2026-05-14 12:29:55,15,218,34.8,46,303,51,3,Safe,0
2026-05-14 12:29:56,16,192,34.8,44,304,50,4,Safe,0
2026-05-14 12:29:56,17,189,34.9,44,308,49,5,Safe,0
2026-05-14 12:29:57,16,186,34.9,46,298,51,3,Safe,0
2026-05-14 12:29:57,15,215,35.0,43,305,49,3,Safe,0
2026-05-14 12:29:58,16,218,34.9,45,302,49,3,Safe,0
2026-05-14 12:29:58,15,217,35.1,43,306,49,7,Safe,0
2026-05-14 12:29:59,16,187,35.0,46,310,50,5,Safe,0
2026-05-14 12:29:59,17,208,35.1,45,292,51,4,Safe,0
2026-05-14 12:30:00,17,212,35.1,47,307,50,3,Safe,0
2026-05-14 12:30:00,16,197,35.1,44,300,50,4,Safe,0
2026-05-14 12:30:01,16,193,35.1,47,291,50,6,Safe,0
2026-05-14 12:30:01,15,184,35.1,44,299,50,3,Safe,0
2026-05-14 12:30:02,15,219,35.0,47,300,49,6,Safe,0
2026-05-14 12:30:02,16,200,35.0,46,296,49,5,Safe,0
2026-05-14 12:30:03,16,189,35.2,46,294,50,7,Safe,0
2026-05-14 12:30:04,17,208,34.9,47,308,50,5,Safe,0
2026-05-14 12:30:04,15,219,35.1,46,293,50,5,Safe,0
2026-05-14 12:30:05,16,202,34.8,46,292,51,7,Safe,0
2026-05-14 12:30:05,15,185,34.9,47,296,49,3,Safe,0
2026-05-14 12:30:06,16,198,35.2,44,300,49,3,Safe,0
2026-05-14 12:30:06,15,220,34.9,43,304,49,6,Safe,0
2026-05-14 12:30:07,17,194,35.2,45,299,50,7,Safe,0
2026-05-14 12:30:07,16,187,35.2,45,293,49,3,Safe,0
2026-05-14 12:30:08,16,211,34.9,43,298,49,4,Safe,0
2026-05-14 12:30:08,16,211,34.8,45,292,49,6,Safe,0
2026-05-14 12:30:09,16,189,35.1,47,291,50,5,Safe,0
2026-05-14 12:30:09,16,198,35.0,47,302,50,7,Safe,0
2026-05-14 12:30:10,16,213,34.9,44,305,49,4,Safe,0
2026-05-14 12:30:10,15,206,34.9,43,303,50,4,Safe,0
2026-05-14 12:30:11,17,192,35.1,46,298,50,5,Safe,0
2026-05-14 12:30:11,15,182,35.0,43,293,51,4,Safe,0
2026-05-14 12:30:12,15,186,35.0,43,306,51,6,Safe,0
2026-05-14 12:30:12,17,217,35.1,43,290,49,5,Safe,0
2026-05-14 12:30:13,17,196,35.2,47,310,49,6,Safe,0
2026-05-14 12:30:13,15,195,34.8,44,291,50,3,Safe,0
2026-05-14 12:30:14,16,199,34.8,46,306,49,3,Safe,0
2026-05-14 12:30:14,17,189,34.9,44,293,50,7,Safe,0
2026-05-14 12:30:15,15,187,34.8,43,309,49,6,Safe,0
2026-05-14 12:30:15,15,215,34.9,43,307,50,4,Safe,0
2026-05-14 12:30:16,15,196,35.0,45,303,51,7,Safe,0
2026-05-14 12:30:16,16,190,34.8,46,305,49,4,Safe,0
2026-05-14 12:30:17,16,189,34.8,44,296,49,4,Safe,0
2026-05-14 12:30:17,17,181,34.9,45,304,51,3,Safe,0
2026-05-14 12:30:18,15,203,35.0,46,295,51,4,Safe,0
2026-05-14 12:30:18,15,205,34.9,47,302,50,6,Safe,0
2026-05-14 12:30:19,17,205,35.1,43,294,51,3,Safe,0
2026-05-14 12:30:19,17,180,34.8,43,290,51,6,Safe,0
2026-05-14 12:30:20,17,215,34.9,46,293,49,3,Safe,0
2026-05-14 12:30:20,16,214,34.8,46,302,49,3,Safe,0
2026-05-14 12:30:21,16,196,35.1,44,298,51,7,Safe,0
2026-05-14 12:30:21,15,210,35.1,45,306,49,6,Safe,0
2026-05-14 12:30:22,17,211,34.9,46,305,51,7,Safe,0
2026-05-14 12:30:22,15,197,34.8,44,296,49,5,Safe,0
2026-05-14 12:30:23,15,206,35.2,44,293,50,5,Safe,0
2026-05-14 12:30:23,16,187,34.9,45,309,50,6,Safe,0
2026-05-14 12:30:24,16,210,35.0,45,303,49,3,Safe,0
2026-05-14 12:30:24,15,188,35.2,47,299,49,5,Safe,0
2026-05-14 12:30:25,15,214,34.8,43,309,51,6,Safe,0
2026-05-14 12:30:26,16,191,35.2,46,301,49,4,Safe,0
2026-05-14 12:30:26,17,204,35.1,44,300,49,3,Safe,0
2026-05-14 12:30:27,15,191,35.0,46,299,50,3,Safe,0
2026-05-14 12:30:27,15,217,34.9,43,303,49,4,Safe,0
2026-05-14 12:30:28,17,181,35.2,46,305,50,5,Safe,0
2026-05-14 12:30:28,17,214,35.2,45,299,49,7,Safe,0
2026-05-14 12:30:29,17,216,34.9,44,309,51,5,Safe,0
2026-05-14 12:30:29,16,212,35.0,43,299,51,4,Safe,0
2026-05-14 12:30:30,16,213,35.0,45,297,50,7,Safe,0
2026-05-14 12:30:30,15,203,35.2,43,304,51,5,Safe,0
2026-05-14 12:30:31,17,182,35.2,45,310,50,6,Safe,0
2026-05-14 12:30:31,17,180,34.9,43,308,49,3,Safe,0
2026-05-14 12:30:32,16,186,34.9,47,300,51,3,Safe,0
2026-05-14 12:30:32,15,208,35.0,47,295,49,4,Safe,0
2026-05-14 12:30:33,17,218,34.8,47,295,51,7,Safe,0
2026-05-14 12:30:33,17,215,35.0,46,307,50,5,Safe,0
2026-05-14 12:30:34,16,187,35.2,46,297,51,5,Safe,0
2026-05-14 12:30:34,17,205,35.0,47,290,51,4,Safe,0
2026-05-14 12:30:35,15,192,34.9,46,310,49,3,Safe,0
2026-05-14 12:30:35,16,186,34.8,44,296,49,7,Safe,0
2026-05-14 12:30:36,16,216,35.0,45,296,51,6,Safe,0
2026-05-14 12:30:36,17,202,34.9,43,291,49,3,Safe,0
2026-05-14 12:30:37,15,180,35.1,46,292,49,7,Safe,0
2026-05-14 12:30:37,16,205,35.1,46,308,50,4,Safe,0
2026-05-14 12:30:38,16,211,34.8,44,294,50,7,Safe,0
2026-05-14 12:30:38,16,192,35.0,44,292,50,6,Safe,0
2026-05-14 12:30:39,17,182,35.2,44,305,50,7,Safe,0
2026-05-14 12:30:39,17,180,35.0,45,292,50,6,Safe,0
2026-05-14 12:30:40,16,212,35.2,46,301,51,5,Safe,0
2026-05-14 12:30:40,17,220,34.8,45,292,50,6,Safe,0
2026-05-14 12:30:41,17,207,35.1,44,310,50,3,Safe,0
2026-05-14 12:30:41,15,200,34.8,45,290,50,3,Safe,0
2026-05-14 12:30:42,15,214,35.0,43,307,50,5,Safe,0
2026-05-14 12:30:43,15,199,35.0,46,299,49,4,Safe,0
2026-05-14 12:30:43,16,190,34.9,45,295,49,3,Safe,0
2026-05-14 12:30:44,15,213,35.1,43,298,49,4,Safe,0
2026-05-14 12:30:44,16,214,35.2,47,290,49,5,Safe,0
2026-05-14 12:30:45,16,192,34.9,44,294,49,3,Safe,0
2026-05-14 12:30:45,17,193,35.1,46,290,50,5,Safe,0
2026-05-14 12:30:46,17,189,35.1,46,296,49,5,Safe,0
2026-05-14 12:30:46,16,219,34.8,43,290,50,5,Safe,0
2026-05-14 12:30:47,17,203,35.0,43,298,51,4,Safe,0
2026-05-14 12:30:47,15,215,34.8,46,302,51,7,Safe,0
2026-05-14 12:30:48,16,216,35.1,45,305,50,7,Safe,0
2026-05-14 12:30:48,17,195,34.9,47,299,50,4,Safe,0
2026-05-14 12:30:49,16,185,35.1,43,296,50,7,Safe,0
2026-05-14 12:30:49,16,181,35.1,43,299,50,5,Safe,0
2026-05-14 12:30:50,16,189,34.9,44,303,50,7,Safe,0
2026-05-14 12:30:50,15,215,34.9,46,296,50,5,Safe,0
2026-05-14 12:30:51,16,210,34.8,47,310,49,6,Safe,0
2026-05-14 12:30:51,17,195,34.9,44,292,50,4,Safe,0
2026-05-14 12:30:52,17,217,35.0,44,296,50,5,Safe,0
2026-05-14 12:30:52,16,199,34.9,47,302,50,5,Safe,0
2026-05-14 12:30:53,16,220,35.1,44,298,50,5,Safe,0
2026-05-14 12:30:53,17,204,35.1,47,306,49,4,Safe,0
2026-05-14 12:30:54,15,196,34.9,43,310,50,7,Safe,0
2026-05-14 12:30:54,16,208,35.0,47,301,50,4,Safe,0
2026-05-14 12:30:55,17,206,34.9,45,303,49,7,Safe,0
2026-05-14 12:30:55,15,202,35.0,44,292,49,6,Safe,0
2026-05-14 12:30:56,17,203,34.9,47,292,51,3,Safe,0
2026-05-14 12:30:56,17,192,35.0,46,309,49,7,Safe,0
2026-05-14 12:30:57,16,180,34.9,46,302,50,3,Safe,0
2026-05-14 12:30:57,15,184,35.0,47,304,50,3,Safe,0
2026-05-14 12:30:58,17,181,35.0,43,310,51,4,Safe,0
2026-05-14 12:30:58,16,211,35.0,44,292,49,5,Safe,0
2026-05-14 12:30:59,17,196,35.0,44,296,50,4,Safe,0
2026-05-14 12:30:59,17,197,34.9,47,299,50,7,Safe,0
2026-05-14 12:31:00,17,219,34.9,47,307,49,5,Safe,0
2026-05-14 12:31:00,15,182,35.0,45,296,51,4,Safe,0
2026-05-14 12:31:01,17,216,34.9,47,309,51,3,Safe,0
2026-05-14 12:31:01,16,206,35.2,43,298,49,6,Safe,0
2026-05-14 12:31:02,17,190,35.2,45,290,51,3,Safe,0
2026-05-14 12:31:02,16,187,35.1,46,307,50,3,Safe,0
2026-05-14 12:31:03,17,203,35.0,47,292,49,4,Safe,0
2026-05-14 12:31:04,15,204,35.1,43,310,50,4,Safe,0
2026-05-14 12:31:04,16,183,35.1,46,293,49,7,Safe,0
2026-05-14 12:31:05,17,187,34.8,46,299,51,3,Safe,0
2026-05-14 12:31:05,15,195,35.0,45,290,51,5,Safe,0
2026-05-14 12:31:06,17,191,35.2,44,292,50,3,Safe,0
2026-05-14 12:31:06,16,205,35.2,45,301,51,3,Safe,0
2026-05-14 12:31:07,16,190,35.1,47,308,49,4,Safe,0
2026-05-14 12:31:07,15,195,35.0,43,310,51,7,Safe,0
2026-05-14 12:31:08,16,216,35.0,44,297,50,3,Safe,0
2026-05-14 12:31:08,17,208,35.0,47,310,51,7,Safe,0
2026-05-14 12:31:09,16,184,35.1,43,301,51,4,Safe,0
2026-05-14 12:31:09,16,203,34.8,46,291,51,4,Safe,0
2026-05-14 12:31:10,15,181,34.9,47,296,49,5,Safe,0
2026-05-14 12:31:10,16,195,34.9,43,297,49,6,Safe,0
2026-05-14 12:31:11,16,208,35.1,47,293,51,6,Safe,0
2026-05-14 12:31:11,17,193,34.9,45,306,49,5,Safe,0
2026-05-14 12:31:12,17,208,34.9,47,296,50,3,Safe,0
2026-05-14 12:31:13,15,218,34.8,44,310,49,7,Safe,0
2026-05-14 12:31:13,16,186,34.8,46,304,51,7,Safe,0
2026-05-14 12:31:14,15,216,34.9,46,290,49,5,Safe,0
2026-05-14 12:31:14,17,195,35.2,46,291,49,4,Safe,0
2026-05-14 12:31:15,17,186,35.1,43,301,49,4,Safe,0
2026-05-14 12:31:15,16,196,34.9,43,291,51,5,Safe,0
2026-05-14 12:31:16,17,207,35.0,45,308,49,3,Safe,0
2026-05-14 12:31:16,15,215,34.8,45,295,50,5,Safe,0
2026-05-14 12:31:17,15,215,35.0,45,308,51,5,Safe,0
2026-05-14 12:31:17,15,181,35.1,46,302,49,4,Safe,0
2026-05-14 12:31:18,17,204,34.9,45,300,50,3,Safe,0
2026-05-14 12:31:18,17,183,35.0,44,305,49,4,Safe,0
2026-05-14 12:31:19,16,198,35.1,43,302,50,4,Safe,0
2026-05-14 12:31:19,17,220,34.9,43,294,51,6,Safe,0
2026-05-14 12:31:20,15,181,34.8,47,290,51,5,Safe,0
2026-05-14 12:31:20,15,198,35.1,47,303,49,6,Safe,0
2026-05-14 12:31:21,16,209,35.0,47,298,49,4,Safe,0
2026-05-14 12:31:21,17,202,35.1,46,294,51,5,Safe,0
2026-05-14 12:31:22,15,211,35.0,46,299,50,6,Safe,0
2026-05-14 12:31:22,16,217,35.0,43,309,49,5,Safe,0
2026-05-14 12:31:23,15,216,34.8,47,306,49,3,Safe,0
2026-05-14 12:31:23,15,212,35.1,47,296,50,4,Safe,0
2026-05-14 12:31:24,16,204,35.0,43,301,49,7,Safe,0
2026-05-14 12:31:24,15,203,34.8,45,292,51,4,Safe,0
2026-05-14 12:31:25,16,207,34.9,47,305,49,3,Safe,0
2026-05-14 12:31:25,16,203,35.1,47,293,51,6,Safe,0
2026-05-14 12:31:26,15,187,35.0,44,290,51,5,Safe,0
2026-05-14 12:31:26,17,202,34.8,46,290,50,5,Safe,0
2026-05-14 12:31:27,17,214,34.9,44,301,50,5,Safe,0
2026-05-14 12:31:27,16,211,35.1,43,309,50,7,Safe,0
2026-05-14 12:31:28,16,210,34.9,45,303,50,3,Safe,0
2026-05-14 12:31:28,17,201,34.9,46,290,51,7,Safe,0
2026-05-14 12:31:29,16,188,35.0,45,290,50,6,Safe,0
2026-05-14 12:31:29,15,214,35.1,43,303,51,5,Safe,0
2026-05-14 12:31:30,15,208,35.1,44,293,50,7,Safe,0
2026-05-14 12:31:30,15,200,35.1,46,299,51,6,Safe,0
2026-05-14 12:31:31,17,185,35.0,44,296,51,4,Safe,0
2026-05-14 12:31:31,15,212,34.8,45,305,50,3,Safe,0
2026-05-14 12:31:32,16,211,34.9,43,291,49,7,Safe,0
2026-05-14 12:31:32,16,208,35.1,44,293,49,5,Safe,0
2026-05-14 12:31:33,16,186,35.0,43,295,49,5,Safe,0
2026-05-14 12:31:33,17,187,34.8,46,306,51,7,Safe,0
2026-05-14 12:31:34,17,184,34.8,47,294,51,6,Safe,0
2026-05-14 12:31:34,16,191,34.8,45,303,51,6,Safe,0
2026-05-14 12:31:35,15,215,35.0,47,302,51,3,Safe,0
2026-05-14 12:31:35,15,198,35.1,47,295,51,7,Safe,0
2026-05-14 12:31:36,17,188,35.2,43,308,50,5,Safe,0
2026-05-14 12:31:36,15,200,34.8,47,307,49,7,Safe,0
2026-05-14 12:31:37,15,201,35.0,43,301,51,5,Safe,0
2026-05-14 12:31:37,16,180,34.8,46,299,51,3,Safe,0
2026-05-14 12:31:38,15,193,34.8,46,298,51,4,Safe,0
2026-05-14 12:31:38,17,208,35.0,43,293,51,7,Safe,0
2026-05-14 12:31:39,17,216,34.9,44,292,50,7,Safe,0
2026-05-14 12:31:39,17,217,34.9,44,308,51,4,Safe,0
2026-05-14 12:31:40,16,220,34.9,46,300,50,5,Safe,0
2026-05-14 12:31:40,15,198,35.2,45,300,49,6,Safe,0
2026-05-14 12:31:41,15,211,34.9,47,304,50,7,Safe,0
2026-05-14 12:31:41,17,208,35.0,47,298,49,6,Safe,0
2026-05-14 12:31:42,17,182,35.0,45,301,50,4,Safe,0
2026-05-14 12:31:42,16,186,35.0,46,294,51,7,Safe,0
2026-05-14 12:31:43,17,214,34.9,46,305,51,3,Safe,0
2026-05-14 12:31:43,16,219,35.1,44,300,50,6,Safe,0
2026-05-14 12:31:44,15,219,34.9,43,308,50,5,Safe,0
2026-05-14 12:31:44,16,215,34.9,44,298,49,4,Safe,0
2026-05-14 12:31:45,16,220,34.9,43,296,49,7,Safe,0
2026-05-14 12:31:46,16,214,34.9,46,307,51,4,Safe,0
2026-05-14 12:31:46,16,216,35.1,44,304,49,7,Safe,0
2026-05-14 12:31:47,15,182,34.9,46,309,51,7,Safe,0
2026-05-14 12:31:47,17,199,34.9,44,304,50,7,Safe,0
2026-05-14 12:31:48,17,220,34.9,47,301,49,7,Safe,0
2026-05-14 12:31:48,15,183,35.2,46,305,50,7,Safe,0
2026-05-14 12:31:49,15,220,35.1,46,296,49,4,Safe,0
2026-05-14 12:31:49,15,196,35.0,43,306,50,3,Safe,0
2026-05-14 12:31:50,16,216,35.0,44,299,49,4,Safe,0
2026-05-14 12:31:50,16,184,34.9,45,291,51,3,Safe,0
2026-05-14 12:31:51,15,196,34.9,45,292,51,5,Safe,0
2026-05-14 12:31:51,15,219,34.9,46,299,49,4,Safe,0
2026-05-14 12:31:52,17,205,34.9,47,307,49,7,Safe,0
2026-05-14 12:31:52,16,214,34.9,43,299,50,6,Safe,0
2026-05-14 12:31:53,17,215,35.0,43,292,50,3,Safe,0
2026-05-14 12:31:53,17,209,35.2,46,307,49,3,Safe,0
2026-05-14 12:31:54,17,192,34.9,43,304,49,3,Safe,0
2026-05-14 12:31:54,16,210,35.1,47,304,49,7,Safe,0
2026-05-14 12:31:55,17,184,34.9,43,306,49,4,Safe,0
2026-05-14 12:31:55,15,208,35.0,43,307,51,4,Safe,0
2026-05-14 12:31:56,16,211,34.9,47,301,49,6,Safe,0
2026-05-14 12:31:56,16,205,34.8,47,292,49,4,Safe,0
2026-05-14 12:31:57,15,190,35.2,47,301,49,5,Safe,0
2026-05-14 12:31:57,16,188,34.8,47,302,51,7,Safe,0
2026-05-14 12:31:58,16,200,35.0,43,300,49,6,Safe,0
2026-05-14 12:31:58,15,187,35.0,44,305,50,3,Safe,0
2026-05-14 12:31:59,15,195,34.9,45,290,50,4,Safe,0
2026-05-14 12:31:59,15,207,35.0,44,302,49,6,Safe,0
2026-05-14 12:32:00,16,205,35.0,47,304,51,7,Safe,0
2026-05-14 12:32:00,15,207,35.1,43,308,49,7,Safe,0
2026-05-14 12:32:01,17,191,35.0,44,302,49,7,Safe,0
2026-05-14 12:32:01,15,180,35.0,47,308,51,3,Safe,0
2026-05-14 12:32:02,15,187,34.9,45,310,49,7,Safe,0
2026-05-14 12:32:02,15,202,34.8,43,304,51,3,Safe,0
2026-05-14 12:32:03,15,205,35.1,46,306,50,3,Safe,0
2026-05-14 12:32:03,15,189,34.9,46,290,50,7,Safe,0
2026-05-14 12:32:04,16,191,35.2,44,308,49,6,Safe,0
2026-05-14 12:32:04,16,213,34.9,45,294,51,6,Safe,0
2026-05-14 12:32:05,17,199,34.9,46,300,50,4,Safe,0
2026-05-14 12:32:05,17,219,35.1,47,295,51,3,Safe,0
2026-05-14 12:32:06,16,203,35.2,43,298,50,7,Safe,0
2026-05-14 12:32:06,17,186,34.8,47,297,51,7,Safe,0
2026-05-14 12:32:07,15,201,35.1,47,302,51,4,Safe,0
2026-05-14 12:32:07,17,202,35.1,45,300,49,7,Safe,0
2026-05-14 12:32:08,15,197,35.0,46,309,51,3,Safe,0
2026-05-14 12:32:08,17,219,35.1,44,304,50,6,Safe,0
2026-05-14 12:32:09,16,211,34.9,44,305,49,4,Safe,0
2026-05-14 12:32:09,15,186,35.1,43,304,50,4,Safe,0
2026-05-14 12:32:10,17,204,35.1,43,303,50,5,Safe,0
2026-05-14 12:32:11,16,211,34.9,45,294,51,7,Safe,0
2026-05-14 12:32:11,16,205,35.0,43,301,50,5,Safe,0
2026-05-14 12:32:12,16,211,35.1,43,306,51,3,Safe,0
2026-05-14 12:32:12,17,217,35.1,45,291,49,5,Safe,0
2026-05-14 12:32:13,17,189,35.1,43,301,49,3,Safe,0
2026-05-14 12:32:13,15,211,35.1,45,296,51,5,Safe,0
2026-05-14 12:32:14,15,191,35.1,46,291,49,3,Safe,0
2026-05-14 12:32:14,15,217,35.0,44,300,51,7,Safe,0
2026-05-14 12:32:15,17,206,35.0,46,298,50,6,Safe,0
2026-05-14 12:32:15,16,181,34.9,46,290,49,5,Safe,0
2026-05-14 12:32:16,17,195,35.1,47,303,51,6,Safe,0
2026-05-14 12:32:16,17,204,35.0,46,309,49,4,Safe,0
2026-05-14 12:32:17,15,182,34.9,43,297,49,4,Safe,0
2026-05-14 12:32:17,15,186,34.8,43,305,50,4,Safe,0
2026-05-14 12:32:18,15,218,35.2,47,291,49,4,Safe,0
2026-05-14 12:32:18,17,204,34.8,45,292,50,4,Safe,0
2026-05-14 12:32:19,16,188,34.8,46,302,50,5,Safe,0
2026-05-14 12:32:19,17,188,34.9,43,291,50,6,Safe,0
2026-05-14 12:32:20,17,182,35.1,47,308,49,4,Safe,0
2026-05-14 12:32:20,17,201,34.9,47,290,51,3,Safe,0
2026-05-14 12:32:21,17,205,35.1,43,304,51,4,Safe,0
2026-05-14 12:32:21,16,210,34.9,46,301,49,4,Safe,0
2026-05-14 12:32:22,16,213,35.1,44,296,51,4,Safe,0
2026-05-14 12:32:22,16,220,35.0,45,304,49,4,Safe,0
2026-05-14 12:32:23,17,192,35.0,45,307,49,6,Safe,0
2026-05-14 12:32:23,17,181,35.2,46,297,51,6,Safe,0
2026-05-14 12:32:24,16,183,35.0,44,290,51,6,Safe,0
2026-05-14 12:32:24,15,180,35.0,46,298,49,7,Safe,0
2026-05-14 12:32:25,15,203,34.8,43,301,50,3,Safe,0
2026-05-14 12:32:25,16,182,35.1,46,292,49,3,Safe,0
2026-05-14 12:32:26,16,219,35.0,43,305,51,6,Safe,0
2026-05-14 12:32:26,16,203,35.1,47,290,50,5,Safe,0
2026-05-14 12:32:27,17,186,35.1,44,307,50,4,Safe,0
2026-05-14 12:32:27,15,210,34.8,45,299,49,3,Safe,0
2026-05-14 12:32:28,16,196,35.1,44,291,51,7,Safe,0
2026-05-14 12:32:28,17,184,34.9,43,298,50,6,Safe,0
2026-05-14 12:32:29,17,220,35.2,47,290,51,4,Safe,0
2026-05-14 12:32:29,16,200,35.0,45,296,51,3,Safe,0
2026-05-14 12:32:30,17,197,35.1,44,294,50,7,Safe,0
2026-05-14 12:32:30,16,216,35.0,47,306,51,5,Safe,0
2026-05-14 12:32:31,16,198,34.9,47,301,50,6,Safe,0
2026-05-14 12:32:31,15,189,35.1,44,297,49,3,Safe,0
2026-05-14 12:32:32,16,182,34.9,44,296,50,5,Safe,0
2026-05-14 12:32:32,15,184,34.9,44,302,51,4,Safe,0
2026-05-14 12:32:33,15,200,34.8,44,298,50,5,Safe,0
2026-05-14 12:32:33,17,204,35.0,46,302,51,4,Safe,0
2026-05-14 12:32:34,17,213,35.0,47,299,50,4,Safe,0
2026-05-14 12:32:34,16,191,34.9,47,310,50,4,Safe,0
2026-05-14 12:32:35,17,184,34.9,44,297,50,3,Safe,0
2026-05-14 12:32:35,16,214,35.0,45,308,49,6,Safe,0
2026-05-14 12:32:36,15,213,34.8,45,306,49,4,Safe,0
2026-05-14 12:32:36,16,217,35.2,43,291,50,5,Safe,0
2026-05-14 12:32:37,15,181,34.9,47,291,50,3,Safe,0
2026-05-14 12:32:37,15,188,35.1,45,297,49,6,Safe,0
2026-05-14 12:32:38,17,191,34.8,46,307,49,7,Safe,0
2026-05-14 12:32:38,15,219,35.1,47,290,50,5,Safe,0
2026-05-14 12:32:39,15,218,35.2,47,290,51,4,Safe,0
2026-05-14 12:32:39,17,180,35.2,44,299,50,7,Safe,0
2026-05-14 12:32:40,16,192,35.1,43,299,50,7,Safe,0
2026-05-14 12:32:40,16,200,35.1,45,291,49,3,Safe,0
2026-05-14 12:32:41,16,195,35.1,43,307,49,5,Safe,0
2026-05-14 12:32:41,15,216,35.1,47,301,51,5,Safe,0
2026-05-14 12:32:42,16,181,35.2,44,290,49,4,Safe,0
2026-05-14 12:32:42,17,187,35.0,44,290,50,7,Safe,0
2026-05-14 12:32:43,17,195,34.8,44,290,49,3,Safe,0
2026-05-14 12:32:44,16,190,34.9,46,301,50,5,Safe,0
2026-05-14 12:32:44,15,181,35.0,45,294,51,5,Safe,0
2026-05-14 12:32:44,15,205,34.9,47,307,50,7,Safe,0
2026-05-14 12:32:45,17,218,35.2,46,296,49,5,Safe,0
2026-05-14 12:32:46,17,185,35.1,46,299,49,3,Safe,0
2026-05-14 12:32:46,15,218,35.0,46,300,50,6,Safe,0
2026-05-14 12:32:47,16,192,35.0,43,293,51,4,Safe,0
2026-05-14 12:32:47,17,187,35.1,43,296,50,6,Safe,0
2026-05-14 12:32:48,15,211,34.9,44,294,51,5,Safe,0
2026-05-14 12:32:48,16,214,35.1,43,293,50,5,Safe,0
2026-05-14 12:32:49,15,198,35.1,43,301,50,4,Safe,0
2026-05-14 12:32:49,15,200,35.0,43,297,49,4,Safe,0
2026-05-14 12:32:50,17,184,35.1,45,310,51,6,Safe,0
2026-05-14 12:32:50,15,208,35.1,43,300,50,6,Safe,0
2026-05-14 12:32:51,15,200,34.9,46,301,50,7,Safe,0
2026-05-14 12:32:51,17,212,35.0,44,302,50,3,Safe,0
2026-05-14 12:32:52,17,205,35.1,45,300,51,7,Safe,0
2026-05-14 12:32:52,17,208,34.8,47,304,51,5,Safe,0
2026-05-14 12:32:53,15,207,35.0,43,303,49,6,Safe,0
2026-05-14 12:32:53,16,214,35.0,44,296,50,6,Safe,0
2026-05-14 12:32:54,17,212,34.9,45,308,50,5,Safe,0
2026-05-14 12:32:54,17,205,34.8,47,308,49,5,Safe,0
2026-05-14 12:32:55,15,189,34.9,44,291,49,7,Safe,0
2026-05-14 12:32:55,17,192,35.0,44,299,49,6,Safe,0
2026-05-14 12:32:56,15,194,34.8,45,308,49,6,Safe,0
2026-05-14 12:32:56,16,194,34.8,44,302,49,6,Safe,0
2026-05-14 12:32:57,16,213,34.9,43,293,51,5,Safe,0
2026-05-14 12:32:57,16,193,35.1,43,297,51,6,Safe,0
2026-05-14 12:32:58,16,184,35.1,43,294,50,4,Safe,0
2026-05-14 12:32:58,16,183,35.0,45,306,51,5,Safe,0
2026-05-14 12:32:59,17,201,35.1,46,308,49,3,Safe,0
2026-05-14 12:32:59,17,186,35.1,43,291,50,6,Safe,0
2026-05-14 12:33:00,16,201,35.0,47,294,49,7,Safe,0
2026-05-14 12:33:00,16,201,34.9,46,307,49,6,Safe,0
2026-05-14 12:33:01,17,185,35.1,44,292,50,3,Safe,0
2026-05-14 12:33:01,17,206,35.0,46,290,49,6,Safe,0
2026-05-14 12:33:02,17,190,35.2,43,310,50,5,Safe,0
2026-05-14 12:33:02,15,203,35.1,43,306,50,3,Safe,0
2026-05-14 12:33:03,16,191,35.1,46,299,50,7,Safe,0
2026-05-14 12:33:03,16,199,35.1,43,297,49,6,Safe,0
2026-05-14 12:33:04,16,215,34.9,43,295,51,5,Safe,0
2026-05-14 12:33:04,15,186,35.1,46,301,49,5,Safe,0
2026-05-14 12:33:05,16,180,35.0,47,307,49,6,Safe,0
2026-05-14 12:33:05,16,197,35.2,44,300,51,4,Safe,0
2026-05-14 12:33:06,16,219,35.1,46,310,50,6,Safe,0
2026-05-14 12:33:06,15,216,34.9,43,302,49,7,Safe,0
2026-05-14 12:33:07,16,183,35.1,46,305,51,6,Safe,0
2026-05-14 12:33:07,17,205,34.8,45,308,49,3,Safe,0
2026-05-14 12:33:08,15,185,35.0,43,299,49,3,Safe,0
2026-05-14 12:33:08,15,186,35.1,44,309,51,4,Safe,0
2026-05-14 12:33:09,17,182,35.1,46,297,50,5,Safe,0
2026-05-14 12:33:09,17,190,35.0,47,293,50,3,Safe,0
2026-05-14 12:33:10,16,192,34.8,47,298,50,3,Safe,0
2026-05-14 12:33:10,17,200,34.9,46,302,51,7,Safe,0
2026-05-14 12:33:11,16,205,34.8,44,297,51,5,Safe,0
2026-05-14 12:33:11,16,189,35.0,44,310,49,3,Safe,0
2026-05-14 12:33:12,15,191,34.9,47,300,49,4,Safe,0
2026-05-14 12:33:12,17,199,35.0,44,298,51,6,Safe,0
2026-05-14 12:33:13,17,208,34.9,43,291,50,4,Safe,0
2026-05-14 12:33:14,16,191,35.2,43,296,51,4,Safe,0
2026-05-14 12:33:14,16,185,35.1,44,297,49,6,Safe,0
2026-05-14 12:33:15,17,213,35.1,45,294,49,7,Safe,0
2026-05-14 12:33:15,16,213,34.9,43,298,50,5,Safe,0
2026-05-14 12:33:16,17,214,34.9,46,290,51,6,Safe,0
2026-05-14 12:33:16,17,186,35.1,44,310,50,6,Safe,0
2026-05-14 12:33:17,15,209,34.8,46,290,49,5,Safe,0
2026-05-14 12:33:17,15,216,34.9,47,308,50,5,Safe,0
2026-05-14 12:33:18,15,211,35.0,45,308,49,4,Safe,0
2026-05-14 12:33:18,17,183,35.1,45,292,50,4,Safe,0
2026-05-14 12:33:19,15,183,34.9,46,294,51,3,Safe,0
2026-05-14 12:33:19,15,204,35.0,46,310,50,6,Safe,0
2026-05-14 12:33:20,15,182,34.8,47,297,50,7,Safe,0
2026-05-14 12:33:20,15,181,35.1,43,300,51,5,Safe,0
2026-05-14 12:33:21,16,218,35.2,45,297,51,7,Safe,0
2026-05-14 12:33:21,16,218,34.8,43,292,49,4,Safe,0
2026-05-14 12:33:22,15,212,35.0,44,291,51,6,Safe,0
2026-05-14 12:33:22,15,200,35.1,47,297,51,4,Safe,0
2026-05-14 12:33:23,17,213,34.8,46,301,49,7,Safe,0
2026-05-14 12:33:23,15,207,34.9,45,297,50,6,Safe,0
2026-05-14 12:33:24,16,187,35.0,45,302,51,7,Safe,0
2026-05-14 12:33:24,15,199,34.8,46,310,51,3,Safe,0
2026-05-14 12:33:25,15,189,35.1,44,305,50,7,Safe,0
2026-05-14 12:33:25,15,205,35.0,46,297,49,3,Safe,0
2026-05-14 12:33:26,16,203,34.8,43,309,50,7,Safe,0
2026-05-14 12:33:26,17,198,35.0,47,304,51,4,Safe,0
2026-05-14 12:33:27,16,214,34.8,43,293,51,6,Safe,0
2026-05-14 12:33:27,17,192,35.0,46,294,50,7,Safe,0
2026-05-14 12:33:28,17,192,35.2,47,295,51,5,Safe,0
2026-05-14 12:33:28,15,189,35.1,46,304,50,7,Safe,0
2026-05-14 12:33:29,17,185,34.9,43,304,49,3,Safe,0
2026-05-14 12:33:29,15,180,35.1,47,308,50,6,Safe,0
2026-05-14 12:33:30,17,220,34.9,44,299,49,7,Safe,0
2026-05-14 12:33:30,17,211,34.8,45,301,51,7,Safe,0
2026-05-14 12:33:31,16,207,34.9,47,291,50,4,Safe,0
2026-05-14 12:33:31,15,184,34.9,44,308,49,4,Safe,0
2026-05-14 12:33:32,16,180,34.9,46,304,51,7,Safe,0
2026-05-14 12:33:32,16,197,34.9,46,307,50,4,Safe,0
2026-05-14 12:33:33,17,213,34.9,43,290,49,3,Safe,0
2026-05-14 12:33:33,15,202,34.9,43,308,50,7,Safe,0
2026-05-14 12:33:34,17,181,34.9,43,305,49,4,Safe,0
2026-05-14 12:33:34,15,212,35.1,44,302,49,4,Safe,0
2026-05-14 12:33:35,16,219,34.9,47,295,51,6,Safe,0
2026-05-14 12:33:35,17,180,35.1,45,291,51,5,Safe,0
2026-05-14 12:33:36,15,204,35.0,47,309,49,6,Safe,0
2026-05-14 12:33:36,17,198,34.8,43,310,50,5,Safe,0
2026-05-14 12:33:37,17,182,35.0,46,301,50,6,Safe,0
2026-05-14 12:33:37,17,180,34.9,44,292,50,6,Safe,0
2026-05-14 12:33:38,16,188,35.0,47,309,49,7,Safe,0
2026-05-14 12:33:38,17,212,35.1,44,294,51,7,Safe,0
2026-05-14 12:33:39,17,189,34.9,46,294,51,3,Safe,0
2026-05-14 12:33:39,16,216,35.1,45,305,51,6,Safe,0
2026-05-14 12:33:40,17,217,35.1,47,301,50,3,Safe,0
2026-05-14 12:33:40,17,218,34.8,43,302,49,3,Safe,0
2026-05-14 12:33:41,16,193,34.8,46,301,50,4,Safe,0
2026-05-14 12:33:41,15,193,35.0,43,290,49,5,Safe,0
2026-05-14 12:33:42,15,206,35.1,47,300,51,7,Safe,0
2026-05-14 12:33:42,16,218,35.1,43,307,51,3,Safe,0
2026-05-14 12:33:43,17,212,35.2,47,307,51,5,Safe,0
2026-05-14 12:33:43,16,199,34.8,46,298,51,7,Safe,0
2026-05-14 12:33:44,16,207,34.8,45,292,51,4,Safe,0
2026-05-14 12:33:44,17,202,35.1,43,304,49,5,Safe,0
2026-05-14 12:33:45,16,218,34.9,47,293,50,5,Safe,0
2026-05-14 12:33:45,15,219,34.9,46,300,50,3,Safe,0
2026-05-14 12:33:46,16,208,34.9,45,305,49,3,Safe,0
2026-05-14 12:33:46,15,188,34.8,45,300,49,6,Safe,0
2026-05-14 12:33:47,17,193,35.0,44,307,50,7,Safe,0
2026-05-14 12:33:47,16,213,34.8,43,308,49,3,Safe,0
2026-05-14 12:33:48,15,213,35.0,46,293,49,4,Safe,0
2026-05-14 12:33:48,15,216,34.9,45,292,51,7,Safe,0
2026-05-14 12:33:49,17,200,35.2,46,309,51,3,Safe,0
2026-05-14 12:33:49,15,197,35.2,47,304,50,4,Safe,0
2026-05-14 12:33:50,17,188,34.8,44,305,51,4,Safe,0
2026-05-14 12:33:50,17,187,34.8,45,300,51,7,Safe,0
2026-05-14 12:33:51,15,185,34.9,44,309,50,5,Safe,0
2026-05-14 12:33:51,17,185,35.2,45,297,51,7,Safe,0
2026-05-14 12:33:52,17,218,34.9,45,295,51,6,Safe,0
2026-05-14 12:33:52,17,189,35.0,44,294,49,4,Safe,0
2026-05-14 12:33:53,15,213,35.0,46,304,51,5,Safe,0
2026-05-14 12:33:53,15,213,34.9,45,299,51,3,Safe,0
2026-05-14 12:33:54,15,217,35.1,46,294,49,7,Safe,0
2026-05-14 12:33:55,15,202,35.1,47,297,50,7,Safe,0
2026-05-14 12:33:55,15,201,35.1,43,302,49,4,Safe,0
2026-05-14 12:33:56,16,201,34.8,43,304,51,5,Safe,0
2026-05-14 12:33:56,15,212,35.0,45,305,50,7,Safe,0
2026-05-14 12:33:57,15,212,35.0,47,300,50,6,Safe,0
2026-05-14 12:33:57,17,191,35.1,44,294,49,3,Safe,0
2026-05-14 12:33:58,16,220,34.9,45,305,51,3,Safe,0
2026-05-14 12:33:58,16,189,35.2,45,299,51,7,Safe,0
2026-05-14 12:33:59,15,214,35.0,46,303,49,4,Safe,0
2026-05-14 12:33:59,17,181,34.9,43,305,49,5,Safe,0
2026-05-14 12:34:00,16,186,34.9,46,310,49,6,Safe,0
2026-05-14 12:34:00,15,203,34.9,46,297,50,4,Safe,0
2026-05-14 12:34:01,16,211,34.8,46,306,49,3,Safe,0
2026-05-14 12:34:01,17,190,34.9,46,297,49,6,Safe,0
2026-05-14 12:34:02,15,196,35.0,43,291,49,3,Safe,0
2026-05-14 12:34:02,17,214,34.8,44,306,49,5,Safe,0
2026-05-14 12:34:03,15,190,35.0,45,303,51,5,Safe,0
2026-05-14 12:34:03,16,189,35.0,45,295,49,7,Safe,0
2026-05-14 12:34:04,15,194,34.9,47,310,51,6,Safe,0
2026-05-14 12:34:04,16,183,35.1,45,298,49,3,Safe,0
2026-05-14 12:34:05,15,203,35.0,46,304,49,6,Safe,0
2026-05-14 12:34:05,16,194,35.1,43,297,51,3,Safe,0
2026-05-14 12:34:06,15,210,35.0,45,296,50,5,Safe,0
2026-05-14 12:34:06,15,182,34.9,45,306,49,4,Safe,0
2026-05-14 12:34:07,16,182,35.0,44,302,51,5,Safe,0
2026-05-14 12:34:07,17,198,35.2,45,300,50,6,Safe,0
2026-05-14 12:34:08,15,202,35.2,47,297,49,3,Safe,0
2026-05-14 12:34:08,15,180,34.9,43,296,50,7,Safe,0
2026-05-14 12:34:09,16,200,35.1,46,298,50,7,Safe,0
2026-05-14 12:34:09,16,217,35.0,47,294,50,7,Safe,0
2026-05-14 12:34:10,16,200,34.9,47,308,49,4,Safe,0
2026-05-14 12:34:10,17,219,34.9,45,302,51,6,Safe,0
2026-05-14 12:34:11,16,211,35.1,45,305,51,3,Safe,0
2026-05-14 12:34:11,15,214,34.9,47,299,49,4,Safe,0
2026-05-14 12:34:12,15,199,35.2,43,303,50,4,Safe,0
2026-05-14 12:34:12,15,197,35.2,43,292,50,5,Safe,0
2026-05-14 12:34:13,16,220,35.0,46,306,49,5,Safe,0
2026-05-14 12:34:13,15,202,34.8,45,290,49,6,Safe,0
2026-05-14 12:34:14,16,211,34.9,44,302,50,7,Safe,0
2026-05-14 12:34:14,17,214,35.0,43,302,51,3,Safe,0
2026-05-14 12:34:15,17,191,34.9,44,295,49,5,Safe,0
2026-05-14 12:34:15,17,192,35.1,46,300,50,6,Safe,0
2026-05-14 12:34:16,16,182,34.9,47,307,49,4,Safe,0
2026-05-14 12:34:16,15,213,34.9,46,306,49,4,Safe,0
2026-05-14 12:34:17,16,183,35.0,47,292,50,5,Safe,0
2026-05-14 12:34:17,17,183,35.0,46,309,51,5,Safe,0
2026-05-14 12:34:18,16,209,35.1,46,290,49,4,Safe,0
2026-05-14 12:34:18,17,201,34.9,43,300,49,4,Safe,0
2026-05-14 12:34:19,16,182,35.0,45,306,51,4,Safe,0
2026-05-14 12:34:19,16,207,35.2,44,305,51,7,Safe,0
2026-05-14 12:34:20,16,184,34.8,44,298,50,3,Safe,0
2026-05-14 12:34:20,15,188,35.2,43,308,51,6,Safe,0
2026-05-14 12:34:21,17,191,34.9,44,300,51,3,Safe,0
2026-05-14 12:34:21,16,183,34.9,43,294,51,5,Safe,0
2026-05-14 12:34:22,15,217,35.0,45,300,49,3,Safe,0
2026-05-14 12:34:22,16,200,35.1,44,291,49,5,Safe,0
2026-05-14 12:34:23,17,199,34.8,45,302,49,4,Safe,0
2026-05-14 12:34:23,17,199,35.0,45,293,51,6,Safe,0
2026-05-14 12:34:24,16,188,35.2,47,298,50,5,Safe,0
2026-05-14 12:34:24,16,192,35.1,43,298,50,3,Safe,0
2026-05-14 12:34:25,17,220,35.2,46,310,51,6,Safe,0
2026-05-14 12:34:25,16,181,35.2,46,304,49,7,Safe,0
2026-05-14 12:34:26,15,184,34.8,45,299,50,7,Safe,0
2026-05-14 12:34:26,17,189,35.1,43,297,49,3,Safe,0
2026-05-14 12:34:27,16,206,35.2,45,308,51,4,Safe,0
2026-05-14 12:34:28,15,201,34.8,43,292,50,3,Safe,0
2026-05-14 12:34:28,15,186,35.0,45,298,51,5,Safe,0
2026-05-14 12:34:29,17,203,34.8,47,309,51,5,Safe,0
2026-05-14 12:34:29,17,182,35.2,44,307,50,5,Safe,0
2026-05-14 12:34:30,17,201,35.2,47,307,49,4,Safe,0
2026-05-14 12:34:30,17,194,35.2,44,291,51,4,Safe,0
2026-05-14 12:34:31,15,192,35.1,44,308,50,3,Safe,0
2026-05-14 12:34:31,17,200,35.1,46,299,51,5,Safe,0
2026-05-14 12:34:32,16,183,35.0,44,305,51,4,Safe,0
2026-05-14 12:34:32,16,197,35.1,47,295,51,3,Safe,0
2026-05-14 12:34:33,16,189,35.0,44,304,51,6,Safe,0
2026-05-14 12:34:33,16,215,34.9,43,310,50,7,Safe,0
2026-05-14 12:34:34,17,202,34.9,44,300,51,5,Safe,0
2026-05-14 12:34:34,15,188,34.9,46,306,51,4,Safe,0
2026-05-14 12:34:35,16,185,35.0,46,310,51,6,Safe,0
2026-05-14 12:34:35,15,184,35.1,46,302,51,5,Safe,0
2026-05-14 12:34:36,16,193,35.0,44,302,49,6,Safe,0
2026-05-14 12:34:36,16,183,34.9,47,296,51,6,Safe,0
2026-05-14 12:34:37,17,192,35.1,43,300,50,3,Safe,0
2026-05-14 12:34:37,15,214,35.2,44,292,50,4,Safe,0
2026-05-14 12:34:38,17,184,35.0,45,305,49,3,Safe,0
2026-05-14 12:34:38,15,215,35.1,44,297,50,4,Safe,0
2026-05-14 12:34:39,17,220,34.9,46,302,50,7,Safe,0
2026-05-14 12:34:39,16,190,34.9,45,310,51,4,Safe,0
2026-05-14 12:34:40,16,207,35.1,46,305,50,4,Safe,0
2026-05-14 12:34:40,16,210,35.1,46,304,51,6,Safe,0
2026-05-14 12:34:41,15,203,35.0,47,296,51,6,Safe,0
2026-05-14 12:34:41,15,195,35.1,47,291,50,6,Safe,0
2026-05-14 12:34:42,17,189,34.8,46,294,51,6,Safe,0
2026-05-14 12:34:42,15,191,34.8,45,309,51,6,Safe,0
2026-05-14 12:34:43,17,201,34.9,44,310,50,7,Safe,0
2026-05-14 12:34:43,15,218,35.0,43,302,50,7,Safe,0
2026-05-14 12:34:44,16,219,35.0,44,294,49,4,Safe,0
2026-05-14 12:34:44,17,208,34.8,45,310,49,4,Safe,0
2026-05-14 12:34:45,15,193,35.2,46,306,51,7,Safe,0
2026-05-14 12:34:45,17,189,35.2,46,305,50,5,Safe,0
2026-05-14 12:34:46,16,183,34.9,46,303,49,5,Safe,0
2026-05-14 12:34:46,15,185,35.0,47,291,50,4,Safe,0
2026-05-14 12:34:47,16,208,35.0,43,308,50,7,Safe,0
2026-05-14 12:34:47,15,185,35.1,44,294,51,3,Safe,0
2026-05-14 12:34:48,15,212,35.0,44,292,50,3,Safe,0
2026-05-14 12:34:48,17,219,34.9,46,297,50,7,Safe,0
2026-05-14 12:34:49,16,199,35.1,43,303,49,4,Safe,0
2026-05-14 12:34:49,15,182,35.1,44,305,51,7,Safe,0
2026-05-14 12:34:50,15,200,34.9,46,300,50,7,Safe,0
2026-05-14 12:34:50,17,181,35.1,44,300,49,4,Safe,0
2026-05-14 12:34:51,16,213,35.1,44,308,51,6,Safe,0
2026-05-14 12:34:51,15,208,35.1,46,291,50,6,Safe,0
2026-05-14 12:34:52,17,194,34.9,46,303,51,5,Safe,0
2026-05-14 12:34:52,16,199,35.0,46,295,51,6,Safe,0
2026-05-14 12:34:53,16,188,35.0,46,305,49,3,Safe,0
2026-05-14 12:34:53,16,190,34.9,43,301,50,5,Safe,0
2026-05-14 12:34:54,17,215,34.9,45,300,51,4,Safe,0
2026-05-14 12:34:54,16,191,35.1,46,308,50,6,Safe,0
2026-05-14 12:34:55,15,186,35.1,45,304,50,3,Safe,0
2026-05-14 12:34:55,17,214,35.0,44,302,49,5,Safe,0
2026-05-14 12:34:56,16,195,34.8,45,291,51,4,Safe,0
2026-05-14 12:34:56,17,216,34.9,43,293,49,4,Safe,0
2026-05-14 12:34:57,17,220,34.9,43,292,51,4,Safe,0
2026-05-14 12:34:57,16,191,35.0,47,300,50,7,Safe,0
2026-05-14 12:34:58,15,187,34.9,46,305,49,7,Safe,0
2026-05-14 12:34:58,15,189,35.2,45,294,51,5,Safe,0
2026-05-14 12:34:59,17,182,35.2,45,302,50,6,Safe,0
2026-05-14 12:34:59,16,184,34.9,47,298,49,6,Safe,0
2026-05-14 12:35:00,15,201,35.0,47,308,50,7,Safe,0
2026-05-14 12:35:00,16,213,35.0,43,308,49,3,Safe,0
2026-05-14 12:35:01,17,220,35.0,46,307,50,3,Safe,0
2026-05-14 12:35:01,15,180,35.0,47,297,51,3,Safe,0
2026-05-14 12:35:02,15,196,35.0,45,309,49,3,Safe,0
2026-05-14 12:35:02,15,203,35.1,44,292,49,5,Safe,0
2026-05-14 12:35:03,16,188,34.9,43,296,51,7,Safe,0
2026-05-14 12:35:03,17,207,34.9,44,295,51,3,Safe,0
2026-05-14 12:35:04,17,218,35.0,44,292,49,3,Safe,0
2026-05-14 12:35:04,17,181,34.9,43,298,51,4,Safe,0
2026-05-14 12:35:05,17,210,35.2,45,294,50,6,Safe,0
2026-05-14 12:35:06,17,188,35.0,43,290,49,3,Safe,0
2026-05-14 12:35:06,17,199,35.2,45,307,50,4,Safe,0
2026-05-14 12:35:07,17,208,34.8,46,300,49,3,Safe,0
2026-05-14 12:35:07,17,205,34.9,47,300,49,4,Safe,0
2026-05-14 12:35:08,16,203,35.2,47,302,50,3,Safe,0
2026-05-14 12:35:08,16,191,35.1,43,301,49,7,Safe,0
2026-05-14 12:35:09,16,210,35.1,47,297,51,6,Safe,0
2026-05-14 12:35:09,15,193,35.1,46,290,51,5,Safe,0
2026-05-14 12:35:10,15,191,34.9,44,302,51,6,Safe,0
2026-05-14 12:35:10,15,209,34.9,45,299,49,4,Safe,0
2026-05-14 12:35:11,17,206,35.0,43,310,50,6,Safe,0
2026-05-14 12:35:11,17,186,35.0,47,291,51,4,Safe,0
2026-05-14 12:35:12,16,213,35.0,47,297,49,4,Safe,0
2026-05-14 12:35:12,15,196,34.8,43,302,51,4,Safe,0
2026-05-14 12:35:13,17,192,34.9,47,298,49,6,Safe,0
2026-05-14 12:35:13,16,201,35.1,45,303,50,3,Safe,0
2026-05-14 12:35:14,16,213,35.0,45,295,49,4,Safe,0
2026-05-14 12:35:14,16,199,34.9,45,299,50,5,Safe,0
2026-05-14 12:35:15,17,192,35.2,45,298,49,4,Safe,0
2026-05-14 12:35:15,15,184,35.1,44,302,50,5,Safe,0
2026-05-14 12:35:16,15,190,35.1,43,299,50,3,Safe,0
2026-05-14 12:35:16,15,211,34.9,43,293,49,7,Safe,0
2026-05-14 12:35:17,17,204,34.9,47,298,50,7,Safe,0
2026-05-14 12:35:17,17,209,34.8,45,290,51,5,Safe,0
2026-05-14 12:35:18,17,186,35.0,45,293,49,5,Safe,0
2026-05-14 12:35:18,17,209,35.0,43,300,49,3,Safe,0
2026-05-14 12:35:19,15,185,35.0,46,304,51,3,Safe,0
2026-05-14 12:35:19,17,211,34.8,47,306,51,3,Safe,0
2026-05-14 12:35:20,15,197,35.2,45,309,49,3,Safe,0
2026-05-14 12:35:20,16,182,35.1,45,291,49,3,Safe,0
2026-05-14 12:35:21,17,195,34.9,46,303,49,6,Safe,0
2026-05-14 12:35:21,15,210,35.2,47,310,49,4,Safe,0
2026-05-14 12:35:22,15,205,34.8,44,301,49,5,Safe,0
2026-05-14 12:35:22,15,215,35.0,45,297,50,5,Safe,0
2026-05-14 12:35:23,15,210,34.9,44,290,49,6,Safe,0
2026-05-14 12:35:23,15,218,34.9,45,302,51,6,Safe,0
2026-05-14 12:35:24,15,185,35.0,46,293,50,3,Safe,0
2026-05-14 12:35:24,15,182,34.8,47,304,50,5,Safe,0
2026-05-14 12:35:25,16,197,34.9,45,294,49,5,Safe,0
2026-05-14 12:35:25,16,199,34.9,45,291,50,3,Safe,0
2026-05-14 12:35:26,17,205,35.1,45,307,51,4,Safe,0
2026-05-14 12:35:26,15,217,34.9,43,295,50,7,Safe,0
2026-05-14 12:35:27,17,200,34.9,44,307,51,4,Safe,0
2026-05-14 12:35:27,16,210,34.9,44,298,51,5,Safe,0
2026-05-14 12:35:28,16,190,35.1,43,295,49,5,Safe,0
2026-05-14 12:35:28,16,212,35.1,44,305,49,5,Safe,0
2026-05-14 12:35:29,15,192,34.8,44,299,50,5,Safe,0
2026-05-14 12:35:29,15,208,35.0,44,305,51,5,Safe,0
2026-05-14 12:35:30,15,218,35.0,46,298,51,7,Safe,0
2026-05-14 12:35:30,16,201,35.1,45,295,50,5,Safe,0
2026-05-14 12:35:31,16,202,35.1,46,307,50,7,Safe,0
2026-05-14 12:35:31,16,213,35.0,44,295,51,5,Safe,0
2026-05-14 12:35:32,16,198,35.0,46,307,50,4,Safe,0
2026-05-14 12:35:32,15,186,35.0,43,308,50,3,Safe,0
2026-05-14 12:35:33,15,204,35.2,46,302,50,4,Safe,0
2026-05-14 12:35:33,16,219,35.1,45,310,51,5,Safe,0
2026-05-14 12:35:34,15,186,35.0,46,310,50,7,Safe,0
2026-05-14 12:35:34,17,192,35.1,46,306,50,7,Safe,0
2026-05-14 12:35:35,17,210,35.2,47,292,49,6,Safe,0
2026-05-14 12:35:35,15,188,35.1,44,303,50,3,Safe,0
2026-05-14 12:35:36,17,196,34.9,44,297,51,3,Safe,0
2026-05-14 12:35:36,15,197,35.1,47,306,49,5,Safe,0
2026-05-14 12:35:37,17,214,35.1,43,301,51,3,Safe,0
2026-05-14 12:35:37,15,187,35.0,46,296,50,7,Safe,0
2026-05-14 12:35:38,17,184,34.8,45,304,50,3,Safe,0
2026-05-14 12:35:38,15,208,34.9,45,291,50,3,Safe,0
2026-05-14 12:35:39,17,187,35.1,44,306,51,6,Safe,0
2026-05-14 12:35:39,16,203,35.0,43,310,50,5,Safe,0
2026-05-14 12:35:40,15,211,34.9,43,298,51,6,Safe,0
2026-05-14 12:35:41,17,201,34.9,46,309,49,6,Safe,0
2026-05-14 12:35:41,17,210,34.9,47,309,51,6,Safe,0
2026-05-14 12:35:42,17,182,34.8,44,304,49,4,Safe,0
2026-05-14 12:35:42,15,205,35.1,45,293,49,6,Safe,0
2026-05-14 12:35:43,17,197,35.0,47,297,49,6,Safe,0
2026-05-14 12:35:43,17,212,34.9,45,297,50,6,Safe,0
2026-05-14 12:35:44,15,193,34.9,43,310,51,4,Safe,0
2026-05-14 12:35:44,15,213,35.2,44,294,51,3,Safe,0
2026-05-14 12:35:45,16,215,34.9,44,301,49,7,Safe,0
2026-05-14 12:35:45,17,182,35.0,46,295,50,5,Safe,0
2026-05-14 12:35:46,16,201,35.0,46,308,49,5,Safe,0
2026-05-14 12:35:46,16,210,35.1,47,291,50,3,Safe,0
2026-05-14 12:35:47,15,198,34.9,46,294,50,4,Safe,0
2026-05-14 12:35:47,15,197,35.1,46,304,50,5,Safe,0
2026-05-14 12:35:48,17,222,35.0,43,301,50,7,Safe,0
2026-05-14 12:35:48,15,218,35.0,43,297,50,8,Safe,0
2026-05-14 12:35:49,4,700,33.4,13,77,24,40,Critical,110
2026-05-14 12:35:49,5,691,33.4,16,80,25,41,Critical,110
2026-05-14 12:35:50,4,708,33.6,16,72,25,41,Critical,110
2026-05-14 12:35:50,5,709,33.5,16,88,24,38,Critical,110
2026-05-14 12:35:51,5,713,33.4,14,75,26,39,Critical,110
2026-05-14 12:35:51,4,689,33.4,17,81,24,40,Critical,110
2026-05-14 12:35:52,4,708,33.6,16,89,25,40,Critical,110
2026-05-14 12:35:52,5,710,33.6,15,81,24,41,Critical,110
2026-05-14 12:35:53,4,681,33.4,14,89,26,39,Critical,110
2026-05-14 12:35:53,3,708,33.3,15,82,26,38,Critical,110
2026-05-14 12:35:54,5,681,33.3,14,78,26,41,Critical,110
2026-05-14 12:35:54,4,693,33.4,17,85,25,42,Critical,110
2026-05-14 12:35:55,5,689,33.5,17,73,26,40,Critical,110
2026-05-14 12:35:55,5,690,33.3,15,78,26,40,Critical,110
2026-05-14 12:35:56,4,704,33.5,15,75,26,42,Critical,110
2026-05-14 12:35:56,3,709,33.5,13,82,26,41,Critical,110
2026-05-14 12:35:57,3,681,33.6,15,75,24,41,Critical,110
2026-05-14 12:35:57,5,705,33.7,17,85,26,39,Critical,110
2026-05-14 12:35:58,5,687,33.4,16,75,24,38,Critical,110
2026-05-14 12:35:58,5,681,33.4,14,84,26,41,Critical,110
2026-05-14 12:35:59,4,705,33.6,14,70,24,40,Critical,110
2026-05-14 12:35:59,4,700,33.5,15,80,25,40,Critical,110
2026-05-14 12:36:00,4,706,33.5,13,82,26,41,Critical,110
2026-05-14 12:36:00,5,695,33.7,17,82,25,39,Critical,110
2026-05-14 12:36:01,3,689,33.4,14,90,25,41,Critical,110
2026-05-14 12:36:01,5,702,33.7,17,81,25,42,Critical,110
2026-05-14 12:36:02,3,690,33.3,13,76,26,40,Critical,110
2026-05-14 12:36:02,3,714,33.5,16,74,24,40,Critical,110
2026-05-14 12:36:03,4,698,33.6,17,86,26,38,Critical,110
2026-05-14 12:36:04,4,697,33.4,14,73,26,40,Critical,110
2026-05-14 12:36:04,5,703,33.4,13,82,26,41,Critical,110
2026-05-14 12:36:05,4,711,33.4,17,90,26,42,Critical,110
2026-05-14 12:36:05,4,686,33.5,16,90,25,41,Critical,110
2026-05-14 12:36:06,5,702,33.6,16,76,24,39,Critical,110
2026-05-14 12:36:06,4,695,33.3,14,80,25,41,Critical,110
